{
	"credit": "AlexTestria | https://alex-bauerndistel.de",
	"textures": {
		"particle": "#0"
	},
	"elements": [
		{
			"from": [0, 2.6666, 0],
			"to": [16, 2.7416, 16],
			"rotation": {"angle": 0, "axis": "y", "origin": [8, 9.45079, 8]},
			"faces": {
				"north": {"uv": [0, 1, 16, 1.075], "texture": "#2", "cullface": "north"},
				"east": {"uv": [0, 1, 16, 1.075], "texture": "#2", "cullface": "east"},
				"south": {"uv": [0, 1, 16, 1.075], "texture": "#2", "cullface": "south"},
				"west": {"uv": [0, 1, 16, 1.075], "texture": "#2", "cullface": "west"},
				"up": {"uv": [0, 0, 16, 16], "rotation": 90, "texture": "#0"},
				"down": {"uv": [0, 0, 16, 16], "texture": "#1", "cullface": "down"}
			}
		},
		{
			"from": [8, 13.3332, 0],
			"to": [16, 13.4082, 16],
			"rotation": {"angle": 0, "axis": "y", "origin": [16, 10.6532, 0]},
			"faces": {
				"north": {"uv": [0, 1, 8, 1.075], "texture": "#2", "cullface": "north"},
				"east": {"uv": [0, 1, 16, 1.075], "texture": "#2", "cullface": "east"},
				"south": {"uv": [8, 1, 16, 1.075], "texture": "#2", "cullface": "south"},
				"west": {"uv": [0, 1, 16, 1.075], "texture": "#2"},
				"down": {"uv": [1, 0, 9, 16], "texture": "#2"}
			}
		},
		{
			"from": [0, 0, 0],
			"to": [1, 0.075, 16],
			"rotation": {"angle": 0, "axis": "y", "origin": [16, 0, 0]},
			"faces": {
				"east": {"uv": [0, 1, 16, 1.075], "texture": "#2", "cullface": "down"},
				"west": {"uv": [0, 1, 16, 1.075], "texture": "#2", "cullface": "west"},
				"down": {"uv": [0, 0, 1, 16], "texture": "#2", "cullface": "down"}
			}
		},
		{
			"from": [0, 5.3334, 0],
			"to": [8, 5.4084, 16],
			"rotation": {"angle": 0, "axis": "y", "origin": [16, 2.6534, 0]},
			"faces": {
				"north": {"uv": [0, 1, 16, 1.075], "texture": "#2", "cullface": "north"},
				"east": {"uv": [0, 1, 16, 1.075], "texture": "#2"},
				"south": {"uv": [0, 1, 8.5, 1.075], "texture": "#2", "cullface": "south"},
				"west": {"uv": [0, 1, 16, 1.075], "texture": "#2", "cullface": "west"}
			}
		},
		{
			"from": [0, 0, 15],
			"to": [16, 0.075, 16],
			"rotation": {"angle": 0, "axis": "y", "origin": [16, 0, 0]},
			"faces": {
				"north": {"uv": [0, 1, 16, 1.075], "texture": "#2", "cullface": "down"},
				"south": {"uv": [0, 1, 16, 1.075], "texture": "#2", "cullface": "south"},
				"down": {"uv": [0, 0, 16, 1], "texture": "#2", "cullface": "down"}
			}
		},
		{
			"from": [15, 0, 0],
			"to": [16, 0.075, 16],
			"rotation": {"angle": 0, "axis": "y", "origin": [16, 0, 0]},
			"faces": {
				"east": {"uv": [0, 1, 16, 1.075], "texture": "#2", "cullface": "east"},
				"west": {"uv": [0, 1, 16, 1.075], "texture": "#2", "cullface": "down"},
				"down": {"uv": [15, 0, 16, 16], "texture": "#2", "cullface": "down"}
			}
		},
		{
			"from": [15, 2.6666, 15],
			"to": [1, 0.075, 1],
			"rotation": {"angle": 0, "axis": "y", "origin": [31, 2.5916, 15]},
			"faces": {
				"north": {"uv": [1, 0, 15, 2.5916], "texture": "#1", "cullface": "down"},
				"east": {"uv": [1, 0, 15, 2.5916], "texture": "#1", "cullface": "down"},
				"south": {"uv": [1, 0, 15, 2.5916], "texture": "#1", "cullface": "down"},
				"west": {"uv": [1, 0, 15, 2.5916], "texture": "#1", "cullface": "down"}
			}
		},
		{
			"from": [0, 0, 0],
			"to": [16, 0.075, 1],
			"rotation": {"angle": 0, "axis": "y", "origin": [16, 0, 0]},
			"faces": {
				"north": {"uv": [0, 1, 16, 1.075], "texture": "#2", "cullface": "north"},
				"south": {"uv": [0, 1, 16, 1.075], "texture": "#2", "cullface": "down"},
				"down": {"uv": [0, 15, 16, 16], "texture": "#2", "cullface": "down"}
			}
		},
		{
			"from": [0, 0.075, 0],
			"to": [16, 2.6666, 16],
			"rotation": {"angle": 0, "axis": "y", "origin": [16, 0, 0]},
			"faces": {
				"north": {"uv": [0, 0, 16, 2.5916], "texture": "#1", "cullface": "north"},
				"east": {"uv": [0, 0, 16, 2.5916], "texture": "#1", "cullface": "east"},
				"south": {"uv": [0, 0, 16, 2.5916], "texture": "#1", "cullface": "south"},
				"west": {"uv": [0, 0, 16, 2.5916], "texture": "#1", "cullface": "west"}
			}
		},
		{
			"from": [0, 2.7416, 0],
			"to": [8, 5.3334, 16],
			"rotation": {"angle": 0, "axis": "y", "origin": [16, 2.6666, 0]},
			"faces": {
				"north": {"uv": [8, 0, 16, 2.5918], "texture": "#0", "cullface": "north"},
				"east": {"uv": [0, 0, 16, 2.6168], "texture": "#0"},
				"south": {"uv": [0, 0, 8, 2.5918], "texture": "#0", "cullface": "south"},
				"west": {"uv": [0, 0, 16, 2.6168], "texture": "#0", "cullface": "west"}
			}
		},
		{
			"from": [0, 5.4084, 0],
			"to": [8, 8.0002, 16],
			"rotation": {"angle": 0, "axis": "y", "origin": [8, 6.7043, 8]},
			"faces": {
				"north": {"uv": [8, 0, 16, 2.5918], "texture": "#1", "cullface": "north"},
				"east": {"uv": [0, 0, 16, 2.6168], "texture": "#1"},
				"south": {"uv": [0, 0, 8, 2.5918], "texture": "#1", "cullface": "south"},
				"west": {"uv": [0, 0, 16, 2.6168], "texture": "#1", "cullface": "west"},
				"up": {"uv": [0, 0, 8, 16], "texture": "#1"}
			}
		},
		{
			"from": [8, 13.4082, 0],
			"to": [16, 16, 16],
			"rotation": {"angle": 0, "axis": "y", "origin": [12, 14.7041, 8]},
			"faces": {
				"north": {"uv": [0, 0, 8, 2.5918], "texture": "#1", "cullface": "north"},
				"east": {"uv": [0, 0, 16, 2.6168], "texture": "#1", "cullface": "east"},
				"south": {"uv": [8, 0, 16, 2.5918], "texture": "#1", "cullface": "south"},
				"west": {"uv": [0, 0, 16, 2.5918], "texture": "#1"},
				"up": {"uv": [8, 0, 16, 16], "texture": "#1", "cullface": "up"}
			}
		},
		{
			"from": [8.5, 2.7416, 0],
			"to": [15.5, 13.3332, 16],
			"rotation": {"angle": 0, "axis": "y", "origin": [8, 9.45079, 8]},
			"faces": {
				"north": {"uv": [1, 0, 8, 10.5916], "texture": "#0", "cullface": "north"},
				"east": {"uv": [0, 0, 16, 10.5916], "texture": "#0"},
				"south": {"uv": [1, 0, 8, 10.5916], "texture": "#0", "cullface": "south"},
				"west": {"uv": [0, 0, 16, 10.5916], "texture": "#0"}
			}
		},
		{
			"from": [7.95142, 6.18566, 0.25],
			"to": [8.30497, 7.03921, 10.25],
			"rotation": {"angle": -45, "axis": "z", "origin": [16, 9.45079, 8]},
			"faces": {
				"north": {"uv": [1.35355, 1, 1, 1.85355], "texture": "#0", "cullface": "north"},
				"south": {"uv": [1.35355, 1, 1, 1.85355], "texture": "#0"},
				"west": {"uv": [1, 1, 11, 1.85355], "texture": "#0"}
			}
		},
		{
			"from": [7.95142, 6.18566, 10.75],
			"to": [8.30497, 7.03921, 15.75],
			"rotation": {"angle": -45, "axis": "z", "origin": [16, 9.45079, 8]},
			"faces": {
				"north": {"uv": [1.35355, 1, 1, 1.85355], "texture": "#0"},
				"south": {"uv": [1.35355, 1, 1, 1.85355], "texture": "#0", "cullface": "south"},
				"west": {"uv": [1, 1, 6, 1.85355], "texture": "#0"}
			}
		},
		{
			"from": [8, 8.4916, 10.75],
			"to": [16, 12.8332, 15.75],
			"rotation": {"angle": 0, "axis": "y", "origin": [8, 9.45079, 8]},
			"faces": {
				"north": {"uv": [1, 1, 9, 5.3416], "texture": "#0"},
				"east": {"uv": [1, 1, 6, 5.3416], "texture": "#0", "cullface": "east"},
				"south": {"uv": [1, 1, 9, 5.3416], "texture": "#0", "cullface": "south"},
				"west": {"uv": [1, 1, 6, 5.3416], "texture": "#0"}
			}
		},
		{
			"from": [9.6649, 13.57584, 0.25],
			"to": [10.01845, 14.42939, 10.25],
			"rotation": {"angle": 45, "axis": "z", "origin": [16, 9.45079, 8]},
			"faces": {
				"north": {"uv": [1.35355, 1.85355, 1, 1], "texture": "#0", "cullface": "north"},
				"south": {"uv": [1.35355, 1.85355, 1, 1], "texture": "#0"},
				"west": {"uv": [1, 1, 11, 1.85355], "texture": "#0"}
			}
		},
		{
			"from": [9.6649, 13.57584, 10.75],
			"to": [10.01845, 14.42939, 15.75],
			"rotation": {"angle": 45, "axis": "z", "origin": [16, 9.45079, 8]},
			"faces": {
				"north": {"uv": [1.35355, 1.85355, 1, 1], "texture": "#0"},
				"south": {"uv": [1.35355, 1.85355, 1, 1], "texture": "#0", "cullface": "south"},
				"west": {"uv": [1, 1, 6, 1.85355], "texture": "#0"}
			}
		},
		{
			"from": [7.95142, 0.93566, 0.25],
			"to": [8.30497, 1.78921, 15.75],
			"rotation": {"angle": -45, "axis": "z", "origin": [16, 4.20079, -2.5]},
			"faces": {
				"north": {"uv": [1.35355, 1, 1, 1.85355], "texture": "#0", "cullface": "north"},
				"south": {"uv": [1.35355, 1, 1, 1.85355], "texture": "#0", "cullface": "south"},
				"west": {"uv": [0, 1, 15.5, 1.85355], "texture": "#0"}
			}
		},
		{
			"from": [8, 3.2416, 0.25],
			"to": [16, 7.5832, 5.25],
			"rotation": {"angle": 0, "axis": "y", "origin": [8, 4.20079, -2.5]},
			"faces": {
				"north": {"uv": [1, 1, 9, 5.3416], "texture": "#0", "cullface": "north"},
				"east": {"uv": [1, 1, 6, 5.3416], "texture": "#0", "cullface": "east"},
				"south": {"uv": [1, 1, 9, 5.3416], "texture": "#0"}
			}
		},
		{
			"from": [9.6649, 8.32584, 0.25],
			"to": [10.01845, 9.17939, 15.75],
			"rotation": {"angle": 45, "axis": "z", "origin": [16, 4.20079, -2.5]},
			"faces": {
				"north": {"uv": [1.35355, 1.85355, 1, 1], "texture": "#0", "cullface": "north"},
				"south": {"uv": [1.35355, 1.85355, 1, 1], "texture": "#0", "cullface": "south"},
				"west": {"uv": [0, 1, 15.5, 1.85355], "texture": "#0"}
			}
		},
		{
			"from": [8, 3.2416, 5.75],
			"to": [16, 7.5832, 15.75],
			"rotation": {"angle": 0, "axis": "y", "origin": [8, 4.20079, 13.5]},
			"faces": {
				"north": {"uv": [1, 1, 9, 5.3416], "texture": "#0", "cullface": "west"},
				"east": {"uv": [1, 1, 11, 5.3416], "texture": "#0", "cullface": "east"},
				"south": {"uv": [1, 1, 9, 5.3416], "texture": "#0", "cullface": "south"}
			}
		},
		{
			"from": [13.98155, 8.32584, 5.75],
			"to": [14.3351, 9.17939, 15.75],
			"rotation": {"angle": -45, "axis": "z", "origin": [8, 4.20079, 13.5]},
			"faces": {
				"north": {"uv": [1, 1.85355, 1.35355, 1], "texture": "#0", "cullface": "east"},
				"east": {"uv": [1, 1, 11, 1.85355], "texture": "#0", "cullface": "east"},
				"south": {"uv": [1, 1.85355, 1.35355, 1], "texture": "#0", "cullface": "south"}
			}
		},
		{
			"from": [13.98155, 8.32584, 0.25],
			"to": [14.3351, 9.17939, 5.25],
			"rotation": {"angle": -45, "axis": "z", "origin": [8, 4.20079, -2.5]},
			"faces": {
				"north": {"uv": [1, 1.85355, 1.35355, 1], "texture": "#0", "cullface": "north"},
				"east": {"uv": [1, 1, 6, 1.85355], "texture": "#0", "cullface": "east"},
				"south": {"uv": [1, 1.85355, 1.35355, 1], "texture": "#0", "cullface": "east"}
			}
		},
		{
			"from": [15.69503, 0.93566, 0.25],
			"to": [16.04858, 1.78921, 5.25],
			"rotation": {"angle": 45, "axis": "z", "origin": [8, 4.20079, -2.5]},
			"faces": {
				"north": {"uv": [1, 1, 1.35355, 1.85355], "texture": "#0", "cullface": "north"},
				"east": {"uv": [1, 1, 6, 1.85355], "texture": "#0", "cullface": "east"},
				"south": {"uv": [1, 1, 1.35355, 1.85355], "texture": "#0", "cullface": "east"}
			}
		},
		{
			"from": [15.69503, 0.93566, 5.75],
			"to": [16.04858, 1.78921, 15.75],
			"rotation": {"angle": 45, "axis": "z", "origin": [8, 4.20079, 13.5]},
			"faces": {
				"north": {"uv": [1, 1, 1.35355, 1.85355], "texture": "#0", "cullface": "east"},
				"east": {"uv": [1, 1, 11, 1.85355], "texture": "#0", "cullface": "east"},
				"south": {"uv": [1, 1, 1.35355, 1.85355], "texture": "#0", "cullface": "south"}
			}
		},
		{
			"from": [13.98155, 13.57584, 0.25],
			"to": [14.3351, 14.42939, 10.25],
			"rotation": {"angle": -45, "axis": "z", "origin": [8, 9.45079, 8]},
			"faces": {
				"north": {"uv": [1, 1.85355, 1.35355, 1], "texture": "#0", "cullface": "north"},
				"east": {"uv": [1, 1, 11, 1.85355], "texture": "#0", "cullface": "east"},
				"south": {"uv": [1, 1.85355, 1.35355, 1], "texture": "#0", "cullface": "east"}
			}
		},
		{
			"from": [13.98155, 13.57584, 10.75],
			"to": [14.3351, 14.42939, 15.75],
			"rotation": {"angle": -45, "axis": "z", "origin": [8, 9.45079, 8]},
			"faces": {
				"north": {"uv": [1, 1.85355, 1.35355, 1], "texture": "#0", "cullface": "east"},
				"east": {"uv": [1, 1, 6, 1.85355], "texture": "#0", "cullface": "east"},
				"south": {"uv": [1, 1.85355, 1.35355, 1], "texture": "#0", "cullface": "south"}
			}
		},
		{
			"from": [15.69503, 6.18566, 10.75],
			"to": [16.04858, 7.03921, 15.75],
			"rotation": {"angle": 45, "axis": "z", "origin": [8, 9.45079, 8]},
			"faces": {
				"north": {"uv": [1, 1, 1.35355, 1.85355], "texture": "#0", "cullface": "east"},
				"east": {"uv": [1, 1, 6, 1.85355], "texture": "#0", "cullface": "east"},
				"south": {"uv": [1, 1, 1.35355, 1.85355], "texture": "#0", "cullface": "south"}
			}
		},
		{
			"from": [15.69503, 6.18566, 0.25],
			"to": [16.04858, 7.03921, 10.25],
			"rotation": {"angle": 45, "axis": "z", "origin": [8, 9.45079, 8]},
			"faces": {
				"north": {"uv": [1, 1, 1.35355, 1.85355], "texture": "#0", "cullface": "north"},
				"east": {"uv": [1, 1, 11, 1.85355], "texture": "#0", "cullface": "east"},
				"south": {"uv": [1, 1, 1.35355, 1.85355], "texture": "#0", "cullface": "east"}
			}
		},
		{
			"from": [8, 8.4916, 0.25],
			"to": [16, 12.8332, 10.25],
			"rotation": {"angle": 0, "axis": "y", "origin": [8, 9.45079, 8]},
			"faces": {
				"north": {"uv": [1, 1, 9, 5.3416], "texture": "#0", "cullface": "north"},
				"east": {"uv": [1, 1, 11, 5.3416], "texture": "#0", "cullface": "east"},
				"south": {"uv": [1, 1, 9, 5.3416], "texture": "#0"},
				"west": {"uv": [1, 1, 11, 5.3416], "texture": "#0"}
			}
		},
		{
			"from": [16, 13.3332, 16],
			"to": [8, 2.6666, 0],
			"rotation": {"angle": 0, "axis": "y", "origin": [24, 21.3198, 16]},
			"faces": {
				"north": {"uv": [1, 11, 9, 0], "texture": "#0"},
				"south": {"uv": [1, 11, 9, 0], "texture": "#0"},
				"west": {"uv": [0, 10.666, 16, 0], "texture": "#0"}
			}
		},
		{
			"from": [12.19072, 16, 7.66478],
			"to": [14.26178, 17.25, 12.66478],
			"rotation": {"angle": -22.5, "axis": "y", "origin": [8, 9.45079, 8]},
			"faces": {
				"north": {"uv": [1, 0, 3.07106, 1.25], "texture": "#1", "cullface": "up"},
				"south": {"uv": [1, 0, 3.07106, 1.25], "texture": "#1", "cullface": "up"},
				"up": {"uv": [1, 1, 6, 3.07106], "rotation": 90, "texture": "#1", "cullface": "up"}
			}
		},
		{
			"from": [7.66478, 16, 12.19072],
			"to": [12.66478, 17.25, 14.26178],
			"rotation": {"angle": 22.5, "axis": "y", "origin": [8, 9.45079, 8]},
			"faces": {
				"east": {"uv": [1, 0, 3.07106, 1.25], "texture": "#1", "cullface": "up"},
				"west": {"uv": [1, 0, 3.07106, 1.25], "texture": "#1", "cullface": "up"},
				"up": {"uv": [1, 1, 3.07106, 6], "rotation": 90, "texture": "#1", "cullface": "up"}
			}
		},
		{
			"from": [10.72625, 16, 9.12925],
			"to": [15.72625, 17.25, 11.20031],
			"rotation": {"angle": -22.5, "axis": "y", "origin": [8, 9.45079, 8]},
			"faces": {
				"east": {"uv": [1, 0, 3.07106, 1.25], "texture": "#1", "cullface": "up"},
				"west": {"uv": [1, 0, 3.07106, 1.25], "texture": "#1", "cullface": "up"},
				"up": {"uv": [1, 1, 3.07106, 6], "rotation": 90, "texture": "#1", "cullface": "up"}
			}
		},
		{
			"from": [9.12925, 16, 10.72625],
			"to": [11.20031, 17.25, 15.72625],
			"rotation": {"angle": 22.5, "axis": "y", "origin": [8, 9.45079, 8]},
			"faces": {
				"north": {"uv": [1, 0, 3.07106, 1.25], "texture": "#1", "cullface": "up"},
				"south": {"uv": [1, 0, 3.07106, 1.25], "texture": "#1", "cullface": "up"},
				"up": {"uv": [1, 1, 6, 3.07106], "rotation": 90, "texture": "#1", "cullface": "up"}
			}
		},
		{
			"from": [9.12925, 16, 0.27375],
			"to": [11.20031, 17.25, 5.27375],
			"rotation": {"angle": -22.5, "axis": "y", "origin": [8, 9.45079, 8]},
			"faces": {
				"north": {"uv": [1, 0, 3.07106, 1.25], "texture": "#1", "cullface": "up"},
				"south": {"uv": [1, 0, 3.07106, 1.25], "texture": "#1", "cullface": "up"},
				"up": {"uv": [1, 1, 6, 3.07106], "rotation": 90, "texture": "#1", "cullface": "up"}
			}
		},
		{
			"from": [10.72625, 16, 4.79969],
			"to": [15.72625, 17.25, 6.87075],
			"rotation": {"angle": 22.5, "axis": "y", "origin": [8, 9.45079, 8]},
			"faces": {
				"east": {"uv": [1, 0, 3.07106, 1.25], "texture": "#1", "cullface": "up"},
				"west": {"uv": [1, 0, 3.07106, 1.25], "texture": "#1", "cullface": "up"},
				"up": {"uv": [1, 1, 3.07106, 6], "rotation": 90, "texture": "#1", "cullface": "up"}
			}
		},
		{
			"from": [12.19072, 16, 3.33522],
			"to": [14.26178, 17.25, 8.33522],
			"rotation": {"angle": 22.5, "axis": "y", "origin": [8, 9.45079, 8]},
			"faces": {
				"north": {"uv": [1, 0, 3.07106, 1.25], "texture": "#1", "cullface": "up"},
				"south": {"uv": [1, 0, 3.07106, 1.25], "texture": "#1", "cullface": "up"},
				"west": {"uv": [1, 0, 3.07106, 1.25], "texture": "#1", "cullface": "up"},
				"up": {"uv": [1, 1, 6, 3.07106], "rotation": 90, "texture": "#1", "cullface": "up"}
			}
		},
		{
			"from": [7.66478, 16, 1.73822],
			"to": [12.66478, 17.25, 3.80928],
			"rotation": {"angle": -22.5, "axis": "y", "origin": [8, 9.45079, 8]},
			"faces": {
				"east": {"uv": [1, 0, 3.07106, 1.25], "texture": "#1", "cullface": "up"},
				"west": {"uv": [1, 0, 3.07106, 1.25], "texture": "#1", "cullface": "up"},
				"up": {"uv": [1, 1, 3.07106, 6], "rotation": 90, "texture": "#1", "cullface": "up"}
			}
		},
		{
			"from": [1.12925, 8, 0.27375],
			"to": [3.20031, 9.25, 5.27375],
			"rotation": {"angle": -22.5, "axis": "y", "origin": [0, 1.45079, 8]},
			"faces": {
				"north": {"uv": [1, 0, 3.07106, 1.25], "texture": "#1"},
				"south": {"uv": [1, 0, 3.07106, 1.25], "texture": "#1"},
				"up": {"uv": [1, 1, 3.07106, 6], "texture": "#1"}
			}
		},
		{
			"from": [2.72625, 8, 4.79969],
			"to": [7.72625, 9.25, 6.87075],
			"rotation": {"angle": 22.5, "axis": "y", "origin": [0, 1.45079, 8]},
			"faces": {
				"east": {"uv": [1, 0, 3.07106, 1.25], "texture": "#1"},
				"west": {"uv": [1, 0, 3.07106, 1.25], "texture": "#1"},
				"up": {"uv": [1, 1, 6, 3.07106], "texture": "#1"}
			}
		},
		{
			"from": [4.19072, 8, 3.33522],
			"to": [6.26178, 9.25, 8.33522],
			"rotation": {"angle": 22.5, "axis": "y", "origin": [0, 1.45079, 8]},
			"faces": {
				"north": {"uv": [1, 0, 3.07106, 1.25], "texture": "#1"},
				"south": {"uv": [1, 0, 3.07106, 1.25], "texture": "#1"},
				"west": {"uv": [1, 0, 3.07106, 1.25], "texture": "#1"},
				"up": {"uv": [1, 1, 3.07106, 6], "texture": "#1"}
			}
		},
		{
			"from": [-0.33522, 8, 1.73822],
			"to": [4.66478, 9.25, 3.80928],
			"rotation": {"angle": -22.5, "axis": "y", "origin": [0, 1.45079, 8]},
			"faces": {
				"east": {"uv": [1, 0, 3.07106, 1.25], "texture": "#1"},
				"west": {"uv": [1, 0, 3.07106, 1.25], "texture": "#1"},
				"up": {"uv": [1, 1, 6, 3.07106], "texture": "#1"}
			}
		},
		{
			"from": [4.19072, 8, 7.66478],
			"to": [6.26178, 9.25, 12.66478],
			"rotation": {"angle": -22.5, "axis": "y", "origin": [0, 1.45079, 8]},
			"faces": {
				"north": {"uv": [1, 0, 3.07106, 1.25], "texture": "#1"},
				"south": {"uv": [1, 0, 3.07106, 1.25], "texture": "#1"},
				"up": {"uv": [1, 1, 6, 3.07106], "rotation": 90, "texture": "#1"}
			}
		},
		{
			"from": [-0.33522, 8, 12.19072],
			"to": [4.66478, 9.25, 14.26178],
			"rotation": {"angle": 22.5, "axis": "y", "origin": [0, 1.45079, 8]},
			"faces": {
				"east": {"uv": [1, 0, 3.07106, 1.25], "texture": "#1"},
				"west": {"uv": [1, 0, 3.07106, 1.25], "texture": "#1"},
				"up": {"uv": [1, 1, 3.07106, 6], "rotation": 90, "texture": "#1"}
			}
		},
		{
			"from": [2.72625, 8, 9.12925],
			"to": [7.72625, 9.25, 11.20031],
			"rotation": {"angle": -22.5, "axis": "y", "origin": [0, 1.45079, 8]},
			"faces": {
				"east": {"uv": [1, 0, 3.07106, 1.25], "texture": "#1"},
				"west": {"uv": [1, 0, 3.07106, 1.25], "texture": "#1"},
				"up": {"uv": [1, 1, 3.07106, 6], "rotation": 90, "texture": "#1"}
			}
		},
		{
			"from": [1.12925, 8, 10.72625],
			"to": [3.20031, 9.25, 15.72625],
			"rotation": {"angle": 22.5, "axis": "y", "origin": [0, 1.45079, 8]},
			"faces": {
				"north": {"uv": [1, 0, 3.07106, 1.25], "texture": "#1"},
				"south": {"uv": [1, 0, 3.07106, 1.25], "texture": "#1"},
				"up": {"uv": [1, 1, 6, 3.07106], "rotation": 90, "texture": "#1"}
			}
		},
		{
			"from": [6.55025, 0.075, 4.5],
			"to": [9.44975, 2.7, 5.5],
			"rotation": {"angle": -22.5, "axis": "y", "origin": [8, 8, 8]},
			"faces": {
				"north": {"uv": [1, 2.625, 3.8995, 0], "texture": "#2", "cullface": "down"},
				"south": {"uv": [1, 2.625, 3.8995, 0], "texture": "#2", "cullface": "down"},
				"down": {"uv": [1, 1, 3.89949, 2], "texture": "#2", "cullface": "down"}
			}
		},
		{
			"from": [6.55025, 0.075, 10.5],
			"to": [9.44975, 2.7, 11.5],
			"rotation": {"angle": 22.5, "axis": "y", "origin": [8, 8, 8]},
			"faces": {
				"north": {"uv": [1, 2.625, 3.8995, 0], "texture": "#2", "cullface": "down"},
				"south": {"uv": [1, 2.625, 3.8995, 0], "texture": "#2", "cullface": "down"},
				"down": {"uv": [1, 1, 3.89949, 2], "texture": "#2", "cullface": "down"}
			}
		},
		{
			"from": [6.55025, 0.075, 10.5],
			"to": [9.44975, 2.7, 11.5],
			"rotation": {"angle": -22.5, "axis": "y", "origin": [8, 8, 8]},
			"faces": {
				"north": {"uv": [1, 2.625, 3.8995, 0], "texture": "#2", "cullface": "down"},
				"south": {"uv": [1, 2.625, 3.8995, 0], "texture": "#2", "cullface": "down"},
				"down": {"uv": [1, 1, 3.89949, 2], "texture": "#2", "cullface": "down"}
			}
		},
		{
			"from": [4.5, 0.075, 6.55025],
			"to": [5.5, 2.7, 9.44975],
			"rotation": {"angle": 22.5, "axis": "y", "origin": [8, 8, 8]},
			"faces": {
				"east": {"uv": [1, 2.625, 3.8995, 0], "texture": "#2", "cullface": "down"},
				"west": {"uv": [1, 2.625, 3.8995, 0], "texture": "#2", "cullface": "down"},
				"down": {"uv": [1, 1, 2, 3.89949], "texture": "#2", "cullface": "down"}
			}
		},
		{
			"from": [4.5, 0.075, 6.55025],
			"to": [5.5, 2.7, 9.44975],
			"rotation": {"angle": -22.5, "axis": "y", "origin": [8, 8, 8]},
			"faces": {
				"east": {"uv": [1, 2.625, 3.8995, 0], "texture": "#2", "cullface": "down"},
				"west": {"uv": [1, 2.625, 3.8995, 0], "texture": "#2", "cullface": "down"},
				"down": {"uv": [1, 1, 2, 3.89949], "texture": "#2", "cullface": "down"}
			}
		},
		{
			"from": [10.5, 0.075, 6.55025],
			"to": [11.5, 2.7, 9.44975],
			"rotation": {"angle": 22.5, "axis": "y", "origin": [8, 8, 8]},
			"faces": {
				"east": {"uv": [1, 2.625, 3.8995, 0], "texture": "#2", "cullface": "down"},
				"west": {"uv": [1, 2.625, 3.8995, 0], "texture": "#2", "cullface": "down"},
				"down": {"uv": [1, 1, 2, 3.89949], "texture": "#2", "cullface": "down"}
			}
		},
		{
			"from": [10.5, 0.075, 6.55025],
			"to": [11.5, 2.7, 9.44975],
			"rotation": {"angle": -22.5, "axis": "y", "origin": [8, 8, 8]},
			"faces": {
				"east": {"uv": [1, 2.625, 3.8995, 0], "texture": "#2", "cullface": "down"},
				"west": {"uv": [1, 2.625, 3.8995, 0], "texture": "#2", "cullface": "down"},
				"down": {"uv": [1, 1, 2, 3.89949], "texture": "#2", "cullface": "down"}
			}
		},
		{
			"from": [6.55025, 0.075, 4.5],
			"to": [9.44975, 2.7, 5.5],
			"rotation": {"angle": 22.5, "axis": "y", "origin": [8, 8, 8]},
			"faces": {
				"north": {"uv": [1, 2.625, 3.8995, 0], "texture": "#2", "cullface": "down"},
				"south": {"uv": [1, 2.625, 3.8995, 0], "texture": "#2", "cullface": "down"},
				"down": {"uv": [1, 1, 3.89949, 2], "texture": "#2", "cullface": "down"}
			}
		}
	],
	"display": {
		"thirdperson_righthand": {
			"rotation": [75, 45, 0],
			"translation": [0, 2.5, 0],
			"scale": [0.375, 0.375, 0.375]
		},
		"thirdperson_lefthand": {
			"rotation": [75, 45, 0],
			"translation": [0, 2.5, 0],
			"scale": [0.375, 0.375, 0.375]
		},
		"firstperson_righthand": {
			"rotation": [0, 45, 0],
			"scale": [0.4, 0.4, 0.4]
		},
		"firstperson_lefthand": {
			"rotation": [0, 225, 0],
			"scale": [0.4, 0.4, 0.4]
		},
		"ground": {
			"translation": [0, 3, 0],
			"scale": [0.25, 0.25, 0.25]
		},
		"gui": {
			"rotation": [30, 135, 0],
			"scale": [0.625, 0.625, 0.625]
		},
		"fixed": {
			"scale": [0.5, 0.5, 0.5]
		}
	},
	"groups": [
		{
			"name": "group",
			"origin": [12, 14.7041, 8],
			"color": 0,
			"children": [0, 1, 2, 3, 4, 5, 6, 7, 8, 9, 10, 11]
		},
		{
			"name": "brick2x1",
			"origin": [8, 9.45079, 8],
			"color": 0,
			"children": [12, 13, 14, 15, 16, 17, 18, 19, 20, 21, 22, 23, 24, 25, 26, 27, 28, 29, 30, 31]
		},
		{
			"name": "studs",
			"origin": [8, 9.45079, 8],
			"color": 0,
			"children": [
				{
					"name": "stud",
					"origin": [8, 9.45079, 8],
					"color": 0,
					"children": [32, 33, 34, 35]
				},
				{
					"name": "stud",
					"origin": [8, 9.45079, 8],
					"color": 0,
					"children": [36, 37, 38, 39]
				},
				{
					"name": "stud",
					"origin": [8, 9.45079, 8],
					"color": 0,
					"children": [40, 41, 42, 43]
				},
				{
					"name": "stud",
					"origin": [8, 9.45079, 8],
					"color": 0,
					"children": [44, 45, 46, 47]
				}
			]
		},
		{
			"name": "circle_bottom",
			"origin": [8, 8, 8],
			"color": 0,
			"children": [48, 49, 50, 51, 52, 53, 54, 55]
		}
	]
}