{
	"credit": "AlexTestria | https://alex-bauerndistel.de",
	"textures": {
		"particle": "#2"
	},
	"elements": [
		{
			"name": "hexadecagon",
			"from": [7.50272, 1.75, 5.5],
			"to": [8.49728, 3, 10.5],
			"rotation": {"angle": 45, "axis": "y", "origin": [8, 2.25, 8]},
			"faces": {
				"north": {"uv": [1, 1, 1.99456, 2.25], "texture": "#2"},
				"south": {"uv": [1, 1, 1.99456, 2.25], "texture": "#2"},
				"up": {"uv": [1, 1, 1.99456, 6], "texture": "#2"}
			}
		},
		{
			"name": "hexadecagon",
			"from": [7.50272, 1.75, 5.5],
			"to": [8.49728, 3, 10.5],
			"rotation": {"angle": 22.5, "axis": "y", "origin": [8, 2.25, 8]},
			"faces": {
				"north": {"uv": [1, 1, 1.99456, 2.25], "texture": "#2"},
				"south": {"uv": [1, 1, 1.99456, 2.25], "texture": "#2"},
				"up": {"uv": [1, 1, 1.99456, 6], "texture": "#2"}
			}
		},
		{
			"name": "hexadecagon",
			"from": [7.50272, 1.75, 5.5],
			"to": [8.49728, 3, 10.5],
			"rotation": {"angle": 0, "axis": "y", "origin": [8, 2.25, 8]},
			"faces": {
				"north": {"uv": [1, 1, 1.99456, 2.25], "texture": "#2"},
				"south": {"uv": [1, 1, 1.99456, 2.25], "texture": "#2"},
				"up": {"uv": [1, 1, 1.99456, 6], "texture": "#2"}
			}
		},
		{
			"name": "hexadecagon",
			"from": [7.50272, 1.75, 5.5],
			"to": [8.49728, 3, 10.5],
			"rotation": {"angle": -22.5, "axis": "y", "origin": [8, 2.25, 8]},
			"faces": {
				"north": {"uv": [1, 1, 1.99456, 2.25], "texture": "#2"},
				"south": {"uv": [1, 1, 1.99456, 2.25], "texture": "#2"},
				"up": {"uv": [1, 1, 1.99456, 6], "texture": "#2"}
			}
		},
		{
			"name": "hexadecagon",
			"from": [7.50272, 1.75, 5.5],
			"to": [8.49728, 3, 10.5],
			"rotation": {"angle": -45, "axis": "y", "origin": [8, 2.25, 8]},
			"faces": {
				"north": {"uv": [1, 1, 1.99456, 2.25], "texture": "#2"},
				"south": {"uv": [1, 1, 1.99456, 2.25], "texture": "#2"},
				"up": {"uv": [1, 1, 1.99456, 6], "texture": "#2"}
			}
		},
		{
			"name": "hexadecagon",
			"from": [5.5, 1.75, 7.50272],
			"to": [10.5, 3, 8.49728],
			"rotation": {"angle": 22.5, "axis": "y", "origin": [8, 2.25, 8]},
			"faces": {
				"east": {"uv": [1, 1, 1.99456, 2.25], "texture": "#2"},
				"west": {"uv": [1, 1, 1.99456, 2.25], "texture": "#2"},
				"up": {"uv": [1, 1, 6, 1.99456], "texture": "#2"}
			}
		},
		{
			"name": "hexadecagon",
			"from": [5.5, 1.75, 7.50272],
			"to": [10.5, 3, 8.49728],
			"rotation": {"angle": 0, "axis": "y", "origin": [8, 2.25, 8]},
			"faces": {
				"east": {"uv": [1, 1, 1.99456, 2.25], "texture": "#2"},
				"west": {"uv": [1, 1, 1.99456, 2.25], "texture": "#2"},
				"up": {"uv": [1, 1, 6, 1.99456], "texture": "#2"}
			}
		},
		{
			"name": "hexadecagon",
			"from": [5.5, 1.75, 7.50272],
			"to": [10.5, 3, 8.49728],
			"rotation": {"angle": -22.5, "axis": "y", "origin": [8, 2.25, 8]},
			"faces": {
				"east": {"uv": [1, 1, 1.99456, 2.25], "texture": "#2"},
				"west": {"uv": [1, 1, 1.99456, 2.25], "texture": "#2"},
				"up": {"uv": [1, 1, 6, 1.99456], "texture": "#2"}
			}
		},
		{
			"name": "hexadecagon",
			"from": [7.25408, 1.25, 4.25],
			"to": [8.74592, 1.75, 11.75],
			"rotation": {"angle": -45, "axis": "y", "origin": [8, 1.75, 8]},
			"faces": {
				"north": {"uv": [1, 1, 2.49184, 1.5], "texture": "#2"},
				"south": {"uv": [1, 1, 2.49184, 1.5], "texture": "#2"},
				"up": {"uv": [1, 1, 2.49184, 8.5], "texture": "#2"},
				"down": {"uv": [1, 1, 2.49184, 8.5], "texture": "#2"}
			}
		},
		{
			"name": "hexadecagon",
			"from": [7.25408, 1.25, 4.25],
			"to": [8.74592, 1.75, 11.75],
			"rotation": {"angle": -22.5, "axis": "y", "origin": [8, 1.75, 8]},
			"faces": {
				"north": {"uv": [1, 1, 2.49184, 1.5], "texture": "#2"},
				"south": {"uv": [1, 1, 2.49184, 1.5], "texture": "#2"},
				"up": {"uv": [1, 1, 2.49184, 8.5], "texture": "#2"},
				"down": {"uv": [1, 1, 2.49184, 8.5], "texture": "#2"}
			}
		},
		{
			"name": "hexadecagon",
			"from": [7.25408, 1.25, 4.25],
			"to": [8.74592, 1.75, 11.75],
			"rotation": {"angle": 0, "axis": "y", "origin": [8, 1.75, 8]},
			"faces": {
				"north": {"uv": [1, 1, 2.49184, 1.5], "texture": "#2"},
				"south": {"uv": [1, 1, 2.49184, 1.5], "texture": "#2"},
				"up": {"uv": [1, 1, 2.49184, 8.5], "texture": "#2"},
				"down": {"uv": [1, 1, 2.49184, 8.5], "texture": "#2"}
			}
		},
		{
			"name": "hexadecagon",
			"from": [7.25408, 1.25, 4.25],
			"to": [8.74592, 1.75, 11.75],
			"rotation": {"angle": 22.5, "axis": "y", "origin": [8, 1.75, 8]},
			"faces": {
				"north": {"uv": [1, 1, 2.49184, 1.5], "texture": "#2"},
				"south": {"uv": [1, 1, 2.49184, 1.5], "texture": "#2"},
				"up": {"uv": [1, 1, 2.49184, 8.5], "texture": "#2"},
				"down": {"uv": [1, 1, 2.49184, 8.5], "texture": "#2"}
			}
		},
		{
			"name": "hexadecagon",
			"from": [7.25408, 1.25, 4.25],
			"to": [8.74592, 1.75, 11.75],
			"rotation": {"angle": 45, "axis": "y", "origin": [8, 1.75, 8]},
			"faces": {
				"north": {"uv": [1, 1, 2.49184, 1.5], "texture": "#2"},
				"south": {"uv": [1, 1, 2.49184, 1.5], "texture": "#2"},
				"up": {"uv": [1, 1, 2.49184, 8.5], "texture": "#2"},
				"down": {"uv": [1, 1, 2.49184, 8.5], "texture": "#2"}
			}
		},
		{
			"name": "hexadecagon",
			"from": [4.25, 1.25, 7.25408],
			"to": [11.75, 1.75, 8.74592],
			"rotation": {"angle": -22.5, "axis": "y", "origin": [8, 1.75, 8]},
			"faces": {
				"east": {"uv": [1, 1, 2.49184, 1.5], "texture": "#2"},
				"west": {"uv": [1, 1, 2.49184, 1.5], "texture": "#2"},
				"up": {"uv": [1, 1, 8.5, 2.49184], "texture": "#2"},
				"down": {"uv": [1, 1, 8.5, 2.49184], "texture": "#2"}
			}
		},
		{
			"name": "hexadecagon",
			"from": [4.25, 1.25, 7.25408],
			"to": [11.75, 1.75, 8.74592],
			"rotation": {"angle": 0, "axis": "y", "origin": [8, 1.75, 8]},
			"faces": {
				"east": {"uv": [1, 1, 2.49184, 1.5], "texture": "#2"},
				"west": {"uv": [1, 1, 2.49184, 1.5], "texture": "#2"},
				"up": {"uv": [1, 1, 8.5, 2.49184], "texture": "#2"},
				"down": {"uv": [1, 1, 8.5, 2.49184], "texture": "#2"}
			}
		},
		{
			"name": "hexadecagon",
			"from": [4.25, 1.25, 7.25408],
			"to": [11.75, 1.75, 8.74592],
			"rotation": {"angle": 22.5, "axis": "y", "origin": [8, 1.75, 8]},
			"faces": {
				"east": {"uv": [1, 1, 2.49184, 1.5], "texture": "#2"},
				"west": {"uv": [1, 1, 2.49184, 1.5], "texture": "#2"},
				"up": {"uv": [1, 1, 8.5, 2.49184], "texture": "#2"},
				"down": {"uv": [1, 1, 8.5, 2.49184], "texture": "#2"}
			}
		},
		{
			"name": "hexadecagon",
			"from": [7.35353, 0, 4.75],
			"to": [8.64647, 1.25, 11.25],
			"rotation": {"angle": -45, "axis": "y", "origin": [8, 0.25, 8]},
			"faces": {
				"north": {"uv": [1, 1, 2.29294, 2.25], "texture": "#2"},
				"south": {"uv": [1, 1, 2.29294, 2.25], "texture": "#2"},
				"down": {"uv": [1, 1, 2.29294, 7.5], "texture": "#2", "cullface": "down"}
			}
		},
		{
			"name": "hexadecagon",
			"from": [7.35353, 0, 4.75],
			"to": [8.64647, 1.25, 11.25],
			"rotation": {"angle": -22.5, "axis": "y", "origin": [8, 0.25, 8]},
			"faces": {
				"north": {"uv": [1, 1, 2.29294, 2.25], "texture": "#2"},
				"south": {"uv": [1, 1, 2.29294, 2.25], "texture": "#2"},
				"down": {"uv": [1, 1, 2.29294, 7.5], "texture": "#2", "cullface": "down"}
			}
		},
		{
			"name": "hexadecagon",
			"from": [7.35353, 0, 4.75],
			"to": [8.64647, 1.25, 11.25],
			"rotation": {"angle": 0, "axis": "y", "origin": [8, 0.25, 8]},
			"faces": {
				"north": {"uv": [1, 1, 2.29294, 2.25], "texture": "#2"},
				"south": {"uv": [1, 1, 2.29294, 2.25], "texture": "#2"},
				"down": {"uv": [1, 1, 2.29294, 7.5], "texture": "#2", "cullface": "down"}
			}
		},
		{
			"name": "hexadecagon",
			"from": [7.35353, 0, 4.75],
			"to": [8.64647, 1.25, 11.25],
			"rotation": {"angle": 22.5, "axis": "y", "origin": [8, 0.25, 8]},
			"faces": {
				"north": {"uv": [1, 1, 2.29294, 2.25], "texture": "#2"},
				"south": {"uv": [1, 1, 2.29294, 2.25], "texture": "#2"},
				"down": {"uv": [1, 1, 2.29294, 7.5], "texture": "#2", "cullface": "down"}
			}
		},
		{
			"name": "hexadecagon",
			"from": [7.35353, 0, 4.75],
			"to": [8.64647, 1.25, 11.25],
			"rotation": {"angle": 45, "axis": "y", "origin": [8, 0.25, 8]},
			"faces": {
				"north": {"uv": [1, 1, 2.29294, 2.25], "texture": "#2"},
				"south": {"uv": [1, 1, 2.29294, 2.25], "texture": "#2"},
				"down": {"uv": [1, 1, 2.29294, 7.5], "texture": "#2", "cullface": "down"}
			}
		},
		{
			"name": "hexadecagon",
			"from": [4.75, 0, 7.35353],
			"to": [11.25, 1.25, 8.64647],
			"rotation": {"angle": -22.5, "axis": "y", "origin": [8, 0.25, 8]},
			"faces": {
				"east": {"uv": [1, 1, 2.29294, 2.25], "texture": "#2"},
				"west": {"uv": [1, 1, 2.29294, 2.25], "texture": "#2"},
				"down": {"uv": [1, 1, 7.5, 2.29294], "texture": "#2", "cullface": "down"}
			}
		},
		{
			"name": "hexadecagon",
			"from": [4.75, 0, 7.35353],
			"to": [11.25, 1.25, 8.64647],
			"rotation": {"angle": 0, "axis": "y", "origin": [8, 0.25, 8]},
			"faces": {
				"east": {"uv": [1, 1, 2.29294, 2.25], "texture": "#2"},
				"west": {"uv": [1, 1, 2.29294, 2.25], "texture": "#2"},
				"down": {"uv": [1, 1, 7.5, 2.29294], "texture": "#2", "cullface": "down"}
			}
		},
		{
			"name": "hexadecagon",
			"from": [4.75, 0, 7.35353],
			"to": [11.25, 1.25, 8.64647],
			"rotation": {"angle": 22.5, "axis": "y", "origin": [8, 0.25, 8]},
			"faces": {
				"east": {"uv": [1, 1, 2.29294, 2.25], "texture": "#2"},
				"west": {"uv": [1, 1, 2.29294, 2.25], "texture": "#2"},
				"down": {"uv": [1, 1, 7.5, 2.29294], "texture": "#2", "cullface": "down"}
			}
		},
		{
			"from": [7.50272, 4.4082, 5.50272],
			"to": [8.49728, 5.6582, 10.50272],
			"rotation": {"angle": 22.5, "axis": "y", "origin": [8, 4.9082, 8.00272]},
			"faces": {
				"north": {"uv": [1, 0, 1.99456, 1.25], "texture": "#0"},
				"south": {"uv": [1, 0, 1.99456, 1.25], "texture": "#0"},
				"up": {"uv": [1, 1, 1.99456, 6], "texture": "#0"}
			}
		},
		{
			"from": [7.50272, 4.4082, 5.50272],
			"to": [8.49728, 5.6582, 10.50272],
			"rotation": {"angle": 0, "axis": "y", "origin": [8, 4.9082, 8.00272]},
			"faces": {
				"north": {"uv": [1, 0, 1.99456, 1.25], "texture": "#0"},
				"south": {"uv": [1, 0, 1.99456, 1.25], "texture": "#0"},
				"up": {"uv": [1, 1, 1.99456, 6], "texture": "#0"}
			}
		},
		{
			"from": [7.50272, 4.4082, 5.50272],
			"to": [8.49728, 5.6582, 10.50272],
			"rotation": {"angle": -22.5, "axis": "y", "origin": [8, 4.9082, 8.00272]},
			"faces": {
				"north": {"uv": [1, 0, 1.99456, 1.25], "texture": "#0"},
				"south": {"uv": [1, 0, 1.99456, 1.25], "texture": "#0"},
				"up": {"uv": [1, 1, 1.99456, 6], "texture": "#0"}
			}
		},
		{
			"from": [7.50272, 4.4082, 5.50272],
			"to": [8.49728, 5.6582, 10.50272],
			"rotation": {"angle": -45, "axis": "y", "origin": [8, 4.9082, 8.00272]},
			"faces": {
				"north": {"uv": [1, 0, 1.99456, 1.25], "texture": "#0"},
				"south": {"uv": [1, 0, 1.99456, 1.25], "texture": "#0"},
				"up": {"uv": [1, 1, 1.99456, 6], "texture": "#0"}
			}
		},
		{
			"from": [5.5, 4.4082, 7.50544],
			"to": [10.5, 5.6582, 8.5],
			"rotation": {"angle": 22.5, "axis": "y", "origin": [8, 4.9082, 8.00272]},
			"faces": {
				"east": {"uv": [1, 0, 1.99456, 1.25], "texture": "#0"},
				"west": {"uv": [1, 0, 1.99456, 1.25], "texture": "#0"},
				"up": {"uv": [1, 1, 6, 1.99456], "texture": "#0"}
			}
		},
		{
			"from": [5.5, 4.4082, 7.50544],
			"to": [10.5, 5.6582, 8.5],
			"rotation": {"angle": 0, "axis": "y", "origin": [8, 4.9082, 8.00272]},
			"faces": {
				"east": {"uv": [1, 0, 1.99456, 1.25], "texture": "#0"},
				"west": {"uv": [1, 0, 1.99456, 1.25], "texture": "#0"},
				"up": {"uv": [1, 1, 6, 1.99456], "texture": "#0"}
			}
		},
		{
			"from": [5.5, 4.4082, 7.50544],
			"to": [10.5, 5.6582, 8.5],
			"rotation": {"angle": -22.5, "axis": "y", "origin": [8, 4.9082, 8.00272]},
			"faces": {
				"east": {"uv": [1, 0, 1.99456, 1.25], "texture": "#0"},
				"west": {"uv": [1, 0, 1.99456, 1.25], "texture": "#0"},
				"up": {"uv": [1, 1, 6, 1.99456], "texture": "#0"}
			}
		},
		{
			"from": [7.50272, 4.4082, 5.50272],
			"to": [8.49728, 5.6582, 10.50272],
			"rotation": {"angle": 45, "axis": "y", "origin": [8, 4.9082, 8.00272]},
			"faces": {
				"north": {"uv": [1, 0, 1.99456, 1.25], "texture": "#0"},
				"south": {"uv": [1, 0, 1.99456, 1.25], "texture": "#0"},
				"up": {"uv": [1, 1, 1.99456, 6], "texture": "#0"}
			}
		},
		{
			"from": [11, 3.9082, 11],
			"to": [5, 1.8166, 5],
			"rotation": {"angle": 0, "axis": "y", "origin": [21, 2.7582, 5]},
			"faces": {
				"north": {"uv": [5, 0, 11, 3], "texture": "#0"},
				"east": {"uv": [5, 0, 11, 3], "texture": "#0"},
				"south": {"uv": [5, 0, 11, 3], "texture": "#0"},
				"west": {"uv": [5, 0, 11, 3], "texture": "#0"},
				"down": {"uv": [5, 5, 11, 11], "texture": "#0"}
			}
		},
		{
			"from": [4, 1.8166, 4],
			"to": [12, 4.4082, 12],
			"rotation": {"angle": 0, "axis": "y", "origin": [20, 1.7416, 4]},
			"faces": {
				"north": {"uv": [4, 0, 12, 2.5916], "texture": "#0"},
				"east": {"uv": [4, 0, 12, 2.5916], "texture": "#0"},
				"south": {"uv": [4, 0, 12, 2.5916], "texture": "#0"},
				"west": {"uv": [4, 0, 12, 2.5916], "texture": "#0"},
				"up": {"uv": [4, 4, 12, 12], "texture": "#0"}
			}
		},
		{
			"from": [11, 1.7416, 4],
			"to": [12, 1.8166, 12],
			"rotation": {"angle": 0, "axis": "y", "origin": [4, 1.7416, 4]},
			"faces": {
				"east": {"uv": [4, 1, 12, 1.075], "texture": "#1"},
				"west": {"uv": [4, 1, 12, 1.075], "texture": "#1"},
				"down": {"uv": [4, 4, 5, 12], "texture": "#1"}
			}
		},
		{
			"from": [4, 1.7416, 11],
			"to": [12, 1.8166, 12],
			"rotation": {"angle": 0, "axis": "y", "origin": [4, 1.7416, 4]},
			"faces": {
				"north": {"uv": [4, 1, 12, 1.075], "texture": "#1"},
				"south": {"uv": [4, 1, 12, 1.075], "texture": "#1"},
				"down": {"uv": [4, 11, 12, 12], "texture": "#1"}
			}
		},
		{
			"from": [4, 1.7416, 4],
			"to": [12, 1.8166, 5],
			"rotation": {"angle": 0, "axis": "y", "origin": [4, 1.7416, 4]},
			"faces": {
				"north": {"uv": [4, 1, 12, 1.075], "texture": "#1"},
				"south": {"uv": [4, 1, 12, 1.075], "texture": "#1"},
				"down": {"uv": [4, 4, 12, 5], "texture": "#1"}
			}
		},
		{
			"from": [4, 1.7416, 4],
			"to": [5, 1.8166, 12],
			"rotation": {"angle": 0, "axis": "y", "origin": [4, 1.7416, 4]},
			"faces": {
				"east": {"uv": [4, 1, 12, 1.075], "texture": "#1"},
				"west": {"uv": [4, 1, 12, 1.075], "texture": "#1"},
				"down": {"uv": [11, 4, 12, 12], "texture": "#1"}
			}
		}
	],
	"display": {
		"thirdperson_righthand": {
			"rotation": [75, 45, 0],
			"translation": [0, 2.5, 0],
			"scale": [0.375, 0.375, 0.375]
		},
		"thirdperson_lefthand": {
			"rotation": [75, 45, 0],
			"translation": [0, 2.5, 0],
			"scale": [0.375, 0.375, 0.375]
		},
		"firstperson_righthand": {
			"rotation": [0, 45, 0],
			"translation": [0, 2, 0],
			"scale": [0.4, 0.4, 0.4]
		},
		"firstperson_lefthand": {
			"rotation": [0, 45, 0],
			"translation": [0, 2, 0],
			"scale": [0.4, 0.4, 0.4]
		},
		"ground": {
			"translation": [0, 3, 0],
			"scale": [0.25, 0.25, 0.25]
		},
		"gui": {
			"rotation": [30, 225, 0],
			"translation": [0, 3.25, 0],
			"scale": [0.625, 0.625, 0.625]
		},
		"head": {
			"translation": [0, 14.5, 0]
		},
		"fixed": {
			"translation": [0, 4.25, 0]
		}
	},
	"groups": [
		{
			"name": "little_nob",
			"origin": [8, 8, 8],
			"color": 0,
			"children": [
				{
					"name": "hexadecagon",
					"origin": [8, 8, 8],
					"color": 0,
					"children": [0, 1, 2, 3, 4, 5, 6, 7]
				},
				{
					"name": "hexadecagon",
					"origin": [8, 8, 8],
					"color": 0,
					"children": [8, 9, 10, 11, 12, 13, 14, 15]
				},
				{
					"name": "hexadecagon",
					"origin": [8, 8, 8],
					"color": 0,
					"children": [16, 17, 18, 19, 20, 21, 22, 23]
				}
			]
		},
		{
			"name": "top",
			"origin": [8, 8, 8],
			"color": 0,
			"children": [
				{
					"name": "studs",
					"origin": [8, 8, 8],
					"color": 0,
					"children": [24, 25, 26, 27, 28, 29, 30, 31]
				}, 32, 33, 34, 35, 36, 37]
		}
	]
}