{
	"credit": "AlexTestria | https://alex-bauerndistel.de",
	"textures": {
		"particle": "#0"
	},
	"elements": [
		{
			"from": [4, 0, 4],
			"to": [5, 0.075, 12],
			"rotation": {"angle": 0, "axis": "y", "origin": [4, 0, 4]},
			"faces": {
				"east": {"uv": [4, 1, 12, 1.075], "texture": "#1", "cullface": "down"},
				"west": {"uv": [4, 1, 12, 1.075], "texture": "#1"},
				"down": {"uv": [11, 4, 12, 12], "texture": "#1", "cullface": "down"}
			}
		},
		{
			"from": [4, 0, 4],
			"to": [12, 0.075, 5],
			"rotation": {"angle": 0, "axis": "y", "origin": [4, 0, 4]},
			"faces": {
				"north": {"uv": [4, 1, 12, 1.075], "texture": "#1"},
				"south": {"uv": [4, 1, 12, 1.075], "texture": "#1", "cullface": "down"},
				"down": {"uv": [4, 4, 12, 5], "texture": "#1", "cullface": "down"}
			}
		},
		{
			"from": [4, 0, 11],
			"to": [12, 0.075, 12],
			"rotation": {"angle": 0, "axis": "y", "origin": [4, 0, 4]},
			"faces": {
				"north": {"uv": [4, 1, 12, 1.075], "texture": "#1", "cullface": "down"},
				"south": {"uv": [4, 1, 12, 1.075], "texture": "#1"},
				"down": {"uv": [4, 11, 12, 12], "texture": "#1", "cullface": "down"}
			}
		},
		{
			"from": [11, 0, 4],
			"to": [12, 0.075, 12],
			"rotation": {"angle": 0, "axis": "y", "origin": [4, 0, 4]},
			"faces": {
				"east": {"uv": [4, 1, 12, 1.075], "texture": "#1"},
				"west": {"uv": [4, 1, 12, 1.075], "texture": "#1", "cullface": "down"},
				"down": {"uv": [4, 4, 5, 12], "texture": "#1", "cullface": "down"}
			}
		},
		{
			"from": [4, 0.075, 4],
			"to": [12, 2.6666, 12],
			"rotation": {"angle": 0, "axis": "y", "origin": [20, 0, 4]},
			"faces": {
				"north": {"uv": [4, 0, 12, 2.5916], "texture": "#0"},
				"east": {"uv": [4, 0, 12, 2.5916], "texture": "#0"},
				"south": {"uv": [4, 0, 12, 2.5916], "texture": "#0"},
				"west": {"uv": [4, 0, 12, 2.5916], "texture": "#0"},
				"up": {"uv": [4, 4, 12, 12], "texture": "#0"}
			}
		},
		{
			"from": [11, 2.1666, 11],
			"to": [5, 0.075, 5],
			"rotation": {"angle": 0, "axis": "y", "origin": [21, 1.0166, 5]},
			"faces": {
				"north": {"uv": [5, 0, 11, 3], "texture": "#0", "cullface": "down"},
				"east": {"uv": [5, 0, 11, 3], "texture": "#0", "cullface": "down"},
				"south": {"uv": [5, 0, 11, 3], "texture": "#0", "cullface": "down"},
				"west": {"uv": [5, 0, 11, 3], "texture": "#0", "cullface": "down"},
				"down": {"uv": [5, 5, 11, 11], "texture": "#0", "cullface": "down"}
			}
		},
		{
			"from": [7.50272, 2.6666, 5.50272],
			"to": [8.49728, 3.9166, 10.50272],
			"rotation": {"angle": 22.5, "axis": "y", "origin": [8, 3.1666, 8.00272]},
			"faces": {
				"north": {"uv": [1, 0, 1.99456, 1.25], "texture": "#0"},
				"south": {"uv": [1, 0, 1.99456, 1.25], "texture": "#0"},
				"up": {"uv": [1, 1, 1.99456, 6], "texture": "#0"}
			}
		},
		{
			"from": [7.50272, 2.6666, 5.50272],
			"to": [8.49728, 3.9166, 10.50272],
			"rotation": {"angle": 0, "axis": "y", "origin": [8, 3.1666, 8.00272]},
			"faces": {
				"north": {"uv": [1, 0, 1.99456, 1.25], "texture": "#0"},
				"south": {"uv": [1, 0, 1.99456, 1.25], "texture": "#0"},
				"up": {"uv": [1, 1, 1.99456, 6], "texture": "#0"}
			}
		},
		{
			"from": [7.50272, 2.6666, 5.50272],
			"to": [8.49728, 3.9166, 10.50272],
			"rotation": {"angle": -22.5, "axis": "y", "origin": [8, 3.1666, 8.00272]},
			"faces": {
				"north": {"uv": [1, 0, 1.99456, 1.25], "texture": "#0"},
				"south": {"uv": [1, 0, 1.99456, 1.25], "texture": "#0"},
				"up": {"uv": [1, 1, 1.99456, 6], "texture": "#0"}
			}
		},
		{
			"from": [7.50272, 2.6666, 5.50272],
			"to": [8.49728, 3.9166, 10.50272],
			"rotation": {"angle": -45, "axis": "y", "origin": [8, 3.1666, 8.00272]},
			"faces": {
				"north": {"uv": [1, 0, 1.99456, 1.25], "texture": "#0"},
				"south": {"uv": [1, 0, 1.99456, 1.25], "texture": "#0"},
				"up": {"uv": [1, 1, 1.99456, 6], "texture": "#0"}
			}
		},
		{
			"from": [5.5, 2.6666, 7.50544],
			"to": [10.5, 3.9166, 8.5],
			"rotation": {"angle": 22.5, "axis": "y", "origin": [8, 3.1666, 8.00272]},
			"faces": {
				"east": {"uv": [1, 0, 1.99456, 1.25], "texture": "#0"},
				"west": {"uv": [1, 0, 1.99456, 1.25], "texture": "#0"},
				"up": {"uv": [1, 1, 6, 1.99456], "texture": "#0"}
			}
		},
		{
			"from": [5.5, 2.6666, 7.50544],
			"to": [10.5, 3.9166, 8.5],
			"rotation": {"angle": 0, "axis": "y", "origin": [8, 3.1666, 8.00272]},
			"faces": {
				"east": {"uv": [1, 0, 1.99456, 1.25], "texture": "#0"},
				"west": {"uv": [1, 0, 1.99456, 1.25], "texture": "#0"},
				"up": {"uv": [1, 1, 6, 1.99456], "texture": "#0"}
			}
		},
		{
			"from": [5.5, 2.6666, 7.50544],
			"to": [10.5, 3.9166, 8.5],
			"rotation": {"angle": -22.5, "axis": "y", "origin": [8, 3.1666, 8.00272]},
			"faces": {
				"east": {"uv": [1, 0, 1.99456, 1.25], "texture": "#0"},
				"west": {"uv": [1, 0, 1.99456, 1.25], "texture": "#0"},
				"up": {"uv": [1, 1, 6, 1.99456], "texture": "#0"}
			}
		},
		{
			"from": [7.50272, 2.6666, 5.50272],
			"to": [8.49728, 3.9166, 10.50272],
			"rotation": {"angle": 45, "axis": "y", "origin": [8, 3.1666, 8.00272]},
			"faces": {
				"north": {"uv": [1, 0, 1.99456, 1.25], "texture": "#0"},
				"south": {"uv": [1, 0, 1.99456, 1.25], "texture": "#0"},
				"up": {"uv": [1, 1, 1.99456, 6], "texture": "#0"}
			}
		}
	],
	"display": {
		"thirdperson_righthand": {
			"rotation": [75, 45, 0],
			"translation": [0, 2.5, 0],
			"scale": [0.375, 0.375, 0.375]
		},
		"thirdperson_lefthand": {
			"rotation": [75, 45, 0],
			"translation": [0, 2.5, 0],
			"scale": [-0.375, 0.375, 0.375]
		},
		"firstperson_righthand": {
			"rotation": [0, 45, 0],
			"scale": [0.4, 0.4, 0.4]
		},
		"firstperson_lefthand": {
			"rotation": [0, 225, 0],
			"scale": [0.4, 0.4, 0.4]
		},
		"ground": {
			"translation": [0, 3, 0],
			"scale": [0.25, 0.25, 0.25]
		},
		"gui": {
			"rotation": [30, 135, 0],
			"scale": [0.625, 0.625, 0.625]
		},
		"fixed": {
			"scale": [0.5, 0.5, 0.5]
		}
	},
	"groups": [0, 1, 2, 3, 4, 5,
		{
			"name": "studs",
			"origin": [8, 8, 8],
			"color": 0,
			"children": [6, 7, 8, 9, 10, 11, 12, 13]
		}
	]
}