{
	"credit": "AlexTestria | https://alex-bauerndistel.de",
	"textures": {
		"1": "brickcraft/material/plastics/texture/flame01",
		"3": "brickcraft/stickers/flame01",
		"4": "brickcraft/stickers/flame02",
		"particle": "#0"
	},
	"elements": [
		{
			"from": [6.96447, 10.5916, 5.5],
			"to": [9.03553, 11.8416, 10.5],
			"rotation": {"angle": 22.5, "axis": "y", "origin": [8, 11.2166, 8]},
			"faces": {
				"north": {"uv": [1, 0, 3.07107, 1.25], "texture": "#0"},
				"south": {"uv": [1, 0, 3.07107, 1.25], "texture": "#0"},
				"up": {"uv": [1, 1, 3.07107, 6], "texture": "#0"}
			}
		},
		{
			"from": [6.96447, 10.5916, 5.5],
			"to": [9.03553, 11.8416, 10.5],
			"rotation": {"angle": -22.5, "axis": "y", "origin": [8, 11.2166, 8]},
			"faces": {
				"north": {"uv": [1, 0, 3.07107, 1.25], "texture": "#0"},
				"south": {"uv": [1, 0, 3.07107, 1.25], "texture": "#0"},
				"up": {"uv": [1, 1, 3.07107, 6], "texture": "#0"}
			}
		},
		{
			"from": [5.5, 10.5916, 6.96447],
			"to": [10.5, 11.8416, 9.03553],
			"rotation": {"angle": 22.5, "axis": "y", "origin": [8, 11.2166, 8]},
			"faces": {
				"east": {"uv": [1, 0, 3.07107, 1.25], "texture": "#0"},
				"west": {"uv": [1, 0, 3.07107, 1.25], "texture": "#0"},
				"up": {"uv": [1, 1, 6, 3.07107], "texture": "#0"}
			}
		},
		{
			"from": [5.5, 10.5916, 6.96447],
			"to": [10.5, 11.8416, 9.03553],
			"rotation": {"angle": -22.5, "axis": "y", "origin": [8, 11.2166, 8]},
			"faces": {
				"east": {"uv": [1, 0, 3.07107, 1.25], "texture": "#0"},
				"west": {"uv": [1, 0, 3.07107, 1.25], "texture": "#0"},
				"up": {"uv": [1, 1, 6, 3.07107], "texture": "#0"}
			}
		},
		{
			"from": [7.35353, 0, 4.75],
			"to": [8.64647, 1.5, 11.25],
			"rotation": {"angle": -45, "axis": "y", "origin": [8, 0.5, 8]},
			"faces": {
				"north": {"uv": [1, 1.5, 2.29293, 0], "texture": "#0"},
				"south": {"uv": [1, 1.5, 2.29293, 0], "texture": "#0"},
				"down": {"uv": [1, 1, 2.29293, 7.5], "texture": "#0", "cullface": "down"}
			}
		},
		{
			"from": [7.35353, 0, 4.75],
			"to": [8.64647, 1.5, 11.25],
			"rotation": {"angle": -22.5, "axis": "y", "origin": [8, 0.5, 8]},
			"faces": {
				"north": {"uv": [1, 1.5, 2.29293, 0], "texture": "#0"},
				"south": {"uv": [1, 1.5, 2.29293, 0], "texture": "#0"},
				"down": {"uv": [1, 1, 2.29293, 7.5], "texture": "#0", "cullface": "down"}
			}
		},
		{
			"from": [7.35353, 0, 4.75],
			"to": [8.64647, 1.5, 11.25],
			"rotation": {"angle": 0, "axis": "y", "origin": [8, 0.5, 8]},
			"faces": {
				"north": {"uv": [1, 1.5, 2.29293, 0], "texture": "#0"},
				"south": {"uv": [1, 1.5, 2.29293, 0], "texture": "#0"},
				"down": {"uv": [1, 1, 2.29293, 7.5], "texture": "#0", "cullface": "down"}
			}
		},
		{
			"from": [7.35353, 0, 4.75],
			"to": [8.64647, 1.5, 11.25],
			"rotation": {"angle": 22.5, "axis": "y", "origin": [8, 0.5, 8]},
			"faces": {
				"north": {"uv": [1, 1.5, 2.29293, 0], "texture": "#0"},
				"south": {"uv": [1, 1.5, 2.29293, 0], "texture": "#0"},
				"down": {"uv": [1, 1, 2.29293, 7.5], "texture": "#0", "cullface": "down"}
			}
		},
		{
			"from": [7.35353, 0, 4.75],
			"to": [8.64647, 1.5, 11.25],
			"rotation": {"angle": 45, "axis": "y", "origin": [8, 0.5, 8]},
			"faces": {
				"north": {"uv": [1, 1.5, 2.29293, 0], "texture": "#0"},
				"south": {"uv": [1, 1.5, 2.29293, 0], "texture": "#0"},
				"down": {"uv": [1, 1, 2.29293, 7.5], "texture": "#0", "cullface": "down"}
			}
		},
		{
			"from": [4.75, 0, 7.35353],
			"to": [11.25, 1.5, 8.64647],
			"rotation": {"angle": -22.5, "axis": "y", "origin": [8, 0.5, 8]},
			"faces": {
				"east": {"uv": [1, 1.5, 2.29293, 0], "texture": "#0"},
				"west": {"uv": [1, 1.5, 2.29293, 0], "texture": "#0"},
				"down": {"uv": [1, 1, 7.5, 2.29293], "texture": "#0", "cullface": "down"}
			}
		},
		{
			"from": [4.75, 0, 7.35353],
			"to": [11.25, 1.5, 8.64647],
			"rotation": {"angle": 0, "axis": "y", "origin": [8, 0.5, 8]},
			"faces": {
				"east": {"uv": [1, 1.5, 2.29293, 0], "texture": "#0"},
				"west": {"uv": [1, 1.5, 2.29293, 0], "texture": "#0"},
				"down": {"uv": [1, 1, 7.5, 2.29293], "texture": "#0", "cullface": "down"}
			}
		},
		{
			"from": [4.75, 0, 7.35353],
			"to": [11.25, 1.5, 8.64647],
			"rotation": {"angle": 22.5, "axis": "y", "origin": [8, 0.5, 8]},
			"faces": {
				"east": {"uv": [1, 1.5, 2.29293, 0], "texture": "#0"},
				"west": {"uv": [1, 1.5, 2.29293, 0], "texture": "#0"},
				"down": {"uv": [1, 1, 7.5, 2.29293], "texture": "#0", "cullface": "down"}
			}
		},
		{
			"from": [7.20435, 1.5, 4],
			"to": [8.79565, 10.5916, 12],
			"rotation": {"angle": -45, "axis": "y", "origin": [8, 0.5, 8]},
			"faces": {
				"north": {"uv": [1, 0, 2.5913, 9.0916], "texture": "#0"},
				"south": {"uv": [1, 0, 2.5913, 9.0916], "texture": "#0"},
				"up": {"uv": [1, 1, 2.5913, 9], "texture": "#0"},
				"down": {"uv": [1, 1, 2.5913, 9], "texture": "#0"}
			}
		},
		{
			"from": [7.20435, 1.5, 4],
			"to": [8.79565, 10.5916, 12],
			"rotation": {"angle": -22.5, "axis": "y", "origin": [8, 0.5, 8]},
			"faces": {
				"north": {"uv": [1, 0, 2.5913, 9.0916], "texture": "#0"},
				"south": {"uv": [1, 0, 2.5913, 9.0916], "texture": "#0"},
				"up": {"uv": [1, 1, 2.5913, 9], "texture": "#0"},
				"down": {"uv": [1, 1, 2.5913, 9], "texture": "#0"}
			}
		},
		{
			"from": [7.20435, 1.5, 4],
			"to": [8.79565, 10.5916, 12],
			"rotation": {"angle": 0, "axis": "y", "origin": [8, 0.5, 8]},
			"faces": {
				"north": {"uv": [1, 0, 2.5913, 9.0916], "texture": "#0"},
				"south": {"uv": [1, 0, 2.5913, 9.0916], "texture": "#0"},
				"up": {"uv": [1, 1, 2.5913, 9], "texture": "#0"},
				"down": {"uv": [1, 1, 2.5913, 9], "texture": "#0"}
			}
		},
		{
			"from": [7.20435, 1.5, 4],
			"to": [8.79565, 10.5916, 12],
			"rotation": {"angle": 22.5, "axis": "y", "origin": [8, 0.5, 8]},
			"faces": {
				"north": {"uv": [1, 0, 2.5913, 9.0916], "texture": "#0"},
				"south": {"uv": [1, 0, 2.5913, 9.0916], "texture": "#0"},
				"up": {"uv": [1, 1, 2.5913, 9], "texture": "#0"},
				"down": {"uv": [1, 1, 2.5913, 9], "texture": "#0"}
			}
		},
		{
			"from": [7.20435, 1.5, 4],
			"to": [8.79565, 10.5916, 12],
			"rotation": {"angle": 45, "axis": "y", "origin": [8, 0.5, 8]},
			"faces": {
				"north": {"uv": [1, 0, 2.5913, 9.0916], "texture": "#0"},
				"south": {"uv": [1, 0, 2.5913, 9.0916], "texture": "#0"},
				"up": {"uv": [1, 1, 2.5913, 9], "texture": "#0"},
				"down": {"uv": [1, 1, 2.5913, 9], "texture": "#0"}
			}
		},
		{
			"from": [4, 1.5, 7.20435],
			"to": [12, 10.5916, 8.79565],
			"rotation": {"angle": -22.5, "axis": "y", "origin": [8, 0.5, 8]},
			"faces": {
				"east": {"uv": [1, 0, 2.5913, 9.0916], "texture": "#0"},
				"west": {"uv": [1, 0, 2.5913, 9.0916], "texture": "#0"},
				"up": {"uv": [1, 1, 9, 2.5913], "texture": "#0"},
				"down": {"uv": [1, 1, 2.5913, 9], "texture": "#0"}
			}
		},
		{
			"from": [4, 1.5, 7.20435],
			"to": [12, 10.5916, 8.79565],
			"rotation": {"angle": 0, "axis": "y", "origin": [8, 0.5, 8]},
			"faces": {
				"east": {"uv": [1, 0, 2.5913, 9.0916], "texture": "#0"},
				"west": {"uv": [1, 0, 2.5913, 9.0916], "texture": "#0"},
				"up": {"uv": [1, 1, 9, 2.5913], "texture": "#0"},
				"down": {"uv": [1, 1, 2.5913, 9], "texture": "#0"}
			}
		},
		{
			"from": [4, 1.5, 7.20435],
			"to": [12, 10.5916, 8.79565],
			"rotation": {"angle": 22.5, "axis": "y", "origin": [8, 0.5, 8]},
			"faces": {
				"east": {"uv": [1, 0, 2.5913, 9.0916], "texture": "#0"},
				"west": {"uv": [1, 0, 2.5913, 9.0916], "texture": "#0"},
				"up": {"uv": [1, 1, 9, 2.5913], "texture": "#0"},
				"down": {"uv": [1, 1, 2.5913, 9], "texture": "#0"}
			}
		},
		{
			"from": [2.375, 12.7166, 8],
			"to": [12.875, 23.2166, 8],
			"faces": {
				"north": {"uv": [0, 0, 16, 16], "texture": "#4"},
				"south": {"uv": [16, 0, 0, 16], "texture": "#4"}
			}
		},
		{
			"from": [2.375, 12.7166, 8.25],
			"to": [12.875, 23.2166, 8.25],
			"faces": {
				"north": {"uv": [0, 0, 16, 16], "texture": "#4"},
				"south": {"uv": [16, 0, 0, 16], "texture": "#4"}
			}
		},
		{
			"from": [2.375, 12.7166, 7.75],
			"to": [12.875, 23.2166, 7.75],
			"faces": {
				"north": {"uv": [0, 0, 16, 16], "texture": "#4"},
				"south": {"uv": [16, 0, 0, 16], "texture": "#4"}
			}
		},
		{
			"from": [2.375, 12.7166, 7.5],
			"to": [12.875, 23.2166, 7.5],
			"faces": {
				"north": {"uv": [0, 0, 16, 16], "texture": "#3"},
				"south": {"uv": [16, 0, 0, 16], "texture": "#3"}
			}
		},
		{
			"from": [2.375, 12.7166, 7.25],
			"to": [12.875, 23.2166, 7.25],
			"faces": {
				"north": {"uv": [0, 0, 16, 16], "texture": "#3"},
				"south": {"uv": [16, 0, 0, 16], "texture": "#3"}
			}
		},
		{
			"from": [2.375, 12.7166, 8.75],
			"to": [12.875, 23.2166, 8.75],
			"faces": {
				"north": {"uv": [0, 0, 16, 16], "texture": "#3"},
				"south": {"uv": [16, 0, 0, 16], "texture": "#3"}
			}
		},
		{
			"from": [2.375, 12.7166, 8.5],
			"to": [12.875, 23.2166, 8.5],
			"faces": {
				"north": {"uv": [0, 0, 16, 16], "texture": "#3"},
				"south": {"uv": [16, 0, 0, 16], "texture": "#3"}
			}
		},
		{
			"from": [7.22335, 11.8416, 6.125],
			"to": [8.77665, 12.8416, 9.875],
			"rotation": {"angle": 45, "axis": "y", "origin": [8, 25, 8]},
			"faces": {
				"north": {"uv": [1, 1, 2.5533, 2], "texture": "#1"},
				"south": {"uv": [1, 1, 2.5533, 2], "texture": "#1"},
				"up": {"uv": [1, 1, 2.5533, 4.75], "texture": "#1"}
			}
		},
		{
			"from": [7.22335, 11.8416, 6.125],
			"to": [8.77665, 12.8416, 9.875],
			"rotation": {"angle": 0, "axis": "y", "origin": [8, 25, 8]},
			"faces": {
				"north": {"uv": [1, 1, 2.5533, 2], "texture": "#1"},
				"south": {"uv": [1, 1, 2.5533, 2], "texture": "#1"},
				"up": {"uv": [1, 1, 2.5533, 4.75], "texture": "#1"}
			}
		},
		{
			"from": [6.125, 11.8416, 7.22335],
			"to": [9.875, 12.8416, 8.77665],
			"rotation": {"angle": 45, "axis": "y", "origin": [8, 25, 8]},
			"faces": {
				"east": {"uv": [1, 1, 2.5533, 2], "texture": "#1"},
				"west": {"uv": [1, 1, 2.5533, 2], "texture": "#1"},
				"up": {"uv": [1, 1, 4.75, 2.5533], "texture": "#1"}
			}
		},
		{
			"from": [6.125, 11.8416, 7.22335],
			"to": [9.875, 12.8416, 8.77665],
			"rotation": {"angle": 0, "axis": "y", "origin": [8, 25, 8]},
			"faces": {
				"east": {"uv": [1, 1, 2.5533, 2], "texture": "#1"},
				"west": {"uv": [1, 1, 2.5533, 2], "texture": "#1"},
				"up": {"uv": [1, 1, 4.75, 2.5533], "texture": "#1"}
			}
		}
	],
	"display": {
		"thirdperson_righthand": {
			"rotation": [75, 45, 0],
			"translation": [0, 1, 0],
			"scale": [0.25, 0.25, 0.25]
		},
		"thirdperson_lefthand": {
			"rotation": [75, 45, 0],
			"translation": [0, 1, 0],
			"scale": [0.25, 0.25, 0.25]
		},
		"firstperson_righthand": {
			"rotation": [0, 127, 0],
			"translation": [0, 1, 0],
			"scale": [0.25, 0.25, 0.25]
		},
		"firstperson_lefthand": {
			"rotation": [0, 127, 0],
			"translation": [0, 1, 0],
			"scale": [0.25, 0.25, 0.25]
		},
		"ground": {
			"translation": [0, 3, 0],
			"scale": [0.25, 0.25, 0.25]
		},
		"gui": {
			"rotation": [30, 135, 0],
			"translation": [0, -1.75, 0],
			"scale": [0.625, 0.625, 0.625]
		},
		"fixed": {
			"translation": [0, -2, 0],
			"scale": [0.5, 0.5, 0.5]
		}
	},
	"groups": [
		{
			"name": "tall_round1x1",
			"origin": [8, 8, 8],
			"color": 0,
			"children": [
				{
					"name": "stud",
					"origin": [8, 8, 8],
					"color": 0,
					"children": [0, 1, 2, 3]
				},
				{
					"name": "bottom",
					"origin": [8, 8, 8],
					"color": 0,
					"children": [4, 5, 6, 7, 8, 9, 10, 11]
				},
				{
					"name": "middle",
					"origin": [8, 8, 8],
					"color": 0,
					"children": [12, 13, 14, 15, 16, 17, 18, 19]
				}
			]
		},
		{
			"name": "flame",
			"origin": [8, 8, 8],
			"color": 0,
			"children": [
				{
					"name": "texture",
					"origin": [0, 0, 0],
					"color": 0,
					"children": [20, 21, 22, 23, 24, 25, 26]
				},
				{
					"name": "bottom",
					"origin": [8, 8, 8],
					"color": 0,
					"children": [27, 28, 29, 30]
				}
			]
		}
	]
}