{
	"credit": "AlexTestria | https://alex-bauerndistel.de",
	"textures": {
		"particle": "#0"
	},
	"elements": [
		{
			"from": [6.96447, 10.5916, 5.5],
			"to": [9.03553, 11.8416, 6.5],
			"rotation": {"angle": 22.5, "axis": "y", "origin": [8, 11.2166, 8]},
			"faces": {
				"north": {"uv": [1, 0, 3.07107, 1.25], "texture": "#0"},
				"south": {"uv": [1, 0, 3.07107, 1.25], "texture": "#0"},
				"up": {"uv": [1, 1, 3.07107, 2], "texture": "#0"}
			}
		},
		{
			"from": [6.96447, 10.5916, 5.5],
			"to": [9.03553, 11.8416, 6.5],
			"rotation": {"angle": -22.5, "axis": "y", "origin": [8, 11.2166, 8]},
			"faces": {
				"north": {"uv": [1, 0, 3.07107, 1.25], "texture": "#0"},
				"south": {"uv": [1, 0, 3.07107, 1.25], "texture": "#0"},
				"up": {"uv": [1, 1, 3.07107, 2], "texture": "#0"}
			}
		},
		{
			"from": [6.96447, 10.5916, 9.5],
			"to": [9.03553, 11.8416, 10.5],
			"rotation": {"angle": 22.5, "axis": "y", "origin": [8, 11.2166, 8]},
			"faces": {
				"north": {"uv": [1, 0, 3.07107, 1.25], "texture": "#0"},
				"south": {"uv": [1, 0, 3.07107, 1.25], "texture": "#0"},
				"up": {"uv": [1, 1, 3.07107, 2], "texture": "#0"}
			}
		},
		{
			"from": [6.96447, 10.5916, 9.5],
			"to": [9.03553, 11.8416, 10.5],
			"rotation": {"angle": -22.5, "axis": "y", "origin": [8, 11.2166, 8]},
			"faces": {
				"north": {"uv": [1, 0, 3.07107, 1.25], "texture": "#0"},
				"south": {"uv": [1, 0, 3.07107, 1.25], "texture": "#0"},
				"up": {"uv": [1, 1, 3.07107, 2], "texture": "#0"}
			}
		},
		{
			"from": [5.5, 10.5916, 6.96447],
			"to": [6.5, 11.8416, 9.03553],
			"rotation": {"angle": 22.5, "axis": "y", "origin": [8, 11.2166, 8]},
			"faces": {
				"east": {"uv": [1, 0, 3.07107, 1.25], "texture": "#0"},
				"west": {"uv": [1, 0, 3.07107, 1.25], "texture": "#0"},
				"up": {"uv": [1, 1, 2, 3.07107], "texture": "#0"}
			}
		},
		{
			"from": [5.5, 10.5916, 6.96447],
			"to": [6.5, 11.8416, 9.03553],
			"rotation": {"angle": -22.5, "axis": "y", "origin": [8, 11.2166, 8]},
			"faces": {
				"east": {"uv": [1, 0, 3.07107, 1.25], "texture": "#0"},
				"west": {"uv": [1, 0, 3.07107, 1.25], "texture": "#0"},
				"up": {"uv": [1, 1, 2, 3.07107], "texture": "#0"}
			}
		},
		{
			"from": [9.5, 10.5916, 6.96447],
			"to": [10.5, 11.8416, 9.03553],
			"rotation": {"angle": 22.5, "axis": "y", "origin": [8, 11.2166, 8]},
			"faces": {
				"east": {"uv": [1, 0, 3.07107, 1.25], "texture": "#0"},
				"west": {"uv": [1, 0, 3.07107, 1.25], "texture": "#0"},
				"up": {"uv": [1, 1, 2, 3.07107], "texture": "#0"}
			}
		},
		{
			"from": [9.5, 10.5916, 6.96447],
			"to": [10.5, 11.8416, 9.03553],
			"rotation": {"angle": -22.5, "axis": "y", "origin": [8, 11.2166, 8]},
			"faces": {
				"east": {"uv": [1, 0, 3.07107, 1.25], "texture": "#0"},
				"west": {"uv": [1, 0, 3.07107, 1.25], "texture": "#0"},
				"up": {"uv": [1, 1, 2, 3.07107], "texture": "#0"}
			}
		},
		{
			"from": [7.35353, 0, 4.75],
			"to": [8.64647, 1.5, 11.25],
			"rotation": {"angle": -45, "axis": "y", "origin": [8, 0.5, 8]},
			"faces": {
				"north": {"uv": [1, 1.5, 2.29293, 0], "texture": "#0"},
				"south": {"uv": [1, 1.5, 2.29293, 0], "texture": "#0"},
				"down": {"uv": [1, 1, 2.29293, 7.5], "texture": "#0", "cullface": "down"}
			}
		},
		{
			"from": [7.35353, 0, 4.75],
			"to": [8.64647, 1.5, 11.25],
			"rotation": {"angle": -22.5, "axis": "y", "origin": [8, 0.5, 8]},
			"faces": {
				"north": {"uv": [1, 1.5, 2.29293, 0], "texture": "#0"},
				"south": {"uv": [1, 1.5, 2.29293, 0], "texture": "#0"},
				"down": {"uv": [1, 1, 2.29293, 7.5], "texture": "#0", "cullface": "down"}
			}
		},
		{
			"from": [7.35353, 0, 4.75],
			"to": [8.64647, 1.5, 11.25],
			"rotation": {"angle": 0, "axis": "y", "origin": [8, 0.5, 8]},
			"faces": {
				"north": {"uv": [1, 1.5, 2.29293, 0], "texture": "#0"},
				"south": {"uv": [1, 1.5, 2.29293, 0], "texture": "#0"},
				"down": {"uv": [1, 1, 2.29293, 7.5], "texture": "#0", "cullface": "down"}
			}
		},
		{
			"from": [7.35353, 0, 4.75],
			"to": [8.64647, 1.5, 11.25],
			"rotation": {"angle": 22.5, "axis": "y", "origin": [8, 0.5, 8]},
			"faces": {
				"north": {"uv": [1, 1.5, 2.29293, 0], "texture": "#0"},
				"south": {"uv": [1, 1.5, 2.29293, 0], "texture": "#0"},
				"down": {"uv": [1, 1, 2.29293, 7.5], "texture": "#0", "cullface": "down"}
			}
		},
		{
			"from": [7.35353, 0, 4.75],
			"to": [8.64647, 1.5, 11.25],
			"rotation": {"angle": 45, "axis": "y", "origin": [8, 0.5, 8]},
			"faces": {
				"north": {"uv": [1, 1.5, 2.29293, 0], "texture": "#0"},
				"south": {"uv": [1, 1.5, 2.29293, 0], "texture": "#0"},
				"down": {"uv": [1, 1, 2.29293, 7.5], "texture": "#0", "cullface": "down"}
			}
		},
		{
			"from": [4.75, 0, 7.35353],
			"to": [11.25, 1.5, 8.64647],
			"rotation": {"angle": -22.5, "axis": "y", "origin": [8, 0.5, 8]},
			"faces": {
				"east": {"uv": [1, 1.5, 2.29293, 0], "texture": "#0"},
				"west": {"uv": [1, 1.5, 2.29293, 0], "texture": "#0"},
				"down": {"uv": [1, 1, 7.5, 2.29293], "texture": "#0", "cullface": "down"}
			}
		},
		{
			"from": [4.75, 0, 7.35353],
			"to": [11.25, 1.5, 8.64647],
			"rotation": {"angle": 0, "axis": "y", "origin": [8, 0.5, 8]},
			"faces": {
				"east": {"uv": [1, 1.5, 2.29293, 0], "texture": "#0"},
				"west": {"uv": [1, 1.5, 2.29293, 0], "texture": "#0"},
				"down": {"uv": [1, 1, 7.5, 2.29293], "texture": "#0", "cullface": "down"}
			}
		},
		{
			"from": [4.75, 0, 7.35353],
			"to": [11.25, 1.5, 8.64647],
			"rotation": {"angle": 22.5, "axis": "y", "origin": [8, 0.5, 8]},
			"faces": {
				"east": {"uv": [1, 1.5, 2.29293, 0], "texture": "#0"},
				"west": {"uv": [1, 1.5, 2.29293, 0], "texture": "#0"},
				"down": {"uv": [1, 1, 7.5, 2.29293], "texture": "#0", "cullface": "down"}
			}
		},
		{
			"from": [7.20435, 1.5, 4],
			"to": [8.79565, 10.5916, 12],
			"rotation": {"angle": -45, "axis": "y", "origin": [8, 0.5, 8]},
			"faces": {
				"north": {"uv": [1, 0, 2.5913, 9.0916], "texture": "#0"},
				"south": {"uv": [1, 0, 2.5913, 9.0916], "texture": "#0"},
				"up": {"uv": [1, 1, 2.5913, 9], "texture": "#0"},
				"down": {"uv": [1, 1, 2.5913, 9], "texture": "#0"}
			}
		},
		{
			"from": [7.20435, 1.5, 4],
			"to": [8.79565, 10.5916, 12],
			"rotation": {"angle": -22.5, "axis": "y", "origin": [8, 0.5, 8]},
			"faces": {
				"north": {"uv": [1, 0, 2.5913, 9.0916], "texture": "#0"},
				"south": {"uv": [1, 0, 2.5913, 9.0916], "texture": "#0"},
				"up": {"uv": [1, 1, 2.5913, 9], "texture": "#0"},
				"down": {"uv": [1, 1, 2.5913, 9], "texture": "#0"}
			}
		},
		{
			"from": [7.20435, 1.5, 4],
			"to": [8.79565, 10.5916, 12],
			"rotation": {"angle": 0, "axis": "y", "origin": [8, 0.5, 8]},
			"faces": {
				"north": {"uv": [1, 0, 2.5913, 9.0916], "texture": "#0"},
				"south": {"uv": [1, 0, 2.5913, 9.0916], "texture": "#0"},
				"up": {"uv": [1, 1, 2.5913, 9], "texture": "#0"},
				"down": {"uv": [1, 1, 2.5913, 9], "texture": "#0"}
			}
		},
		{
			"from": [7.20435, 1.5, 4],
			"to": [8.79565, 10.5916, 12],
			"rotation": {"angle": 22.5, "axis": "y", "origin": [8, 0.5, 8]},
			"faces": {
				"north": {"uv": [1, 0, 2.5913, 9.0916], "texture": "#0"},
				"south": {"uv": [1, 0, 2.5913, 9.0916], "texture": "#0"},
				"up": {"uv": [1, 1, 2.5913, 9], "texture": "#0"},
				"down": {"uv": [1, 1, 2.5913, 9], "texture": "#0"}
			}
		},
		{
			"from": [7.20435, 1.5, 4],
			"to": [8.79565, 10.5916, 12],
			"rotation": {"angle": 45, "axis": "y", "origin": [8, 0.5, 8]},
			"faces": {
				"north": {"uv": [1, 0, 2.5913, 9.0916], "texture": "#0"},
				"south": {"uv": [1, 0, 2.5913, 9.0916], "texture": "#0"},
				"up": {"uv": [1, 1, 2.5913, 9], "texture": "#0"},
				"down": {"uv": [1, 1, 2.5913, 9], "texture": "#0"}
			}
		},
		{
			"from": [4, 1.5, 7.20435],
			"to": [12, 10.5916, 8.79565],
			"rotation": {"angle": -22.5, "axis": "y", "origin": [8, 0.5, 8]},
			"faces": {
				"east": {"uv": [1, 0, 2.5913, 9.0916], "texture": "#0"},
				"west": {"uv": [1, 0, 2.5913, 9.0916], "texture": "#0"},
				"up": {"uv": [1, 1, 9, 2.5913], "texture": "#0"},
				"down": {"uv": [1, 1, 2.5913, 9], "texture": "#0"}
			}
		},
		{
			"from": [4, 1.5, 7.20435],
			"to": [12, 10.5916, 8.79565],
			"rotation": {"angle": 0, "axis": "y", "origin": [8, 0.5, 8]},
			"faces": {
				"east": {"uv": [1, 0, 2.5913, 9.0916], "texture": "#0"},
				"west": {"uv": [1, 0, 2.5913, 9.0916], "texture": "#0"},
				"up": {"uv": [1, 1, 9, 2.5913], "texture": "#0"},
				"down": {"uv": [1, 1, 2.5913, 9], "texture": "#0"}
			}
		},
		{
			"from": [4, 1.5, 7.20435],
			"to": [12, 10.5916, 8.79565],
			"rotation": {"angle": 22.5, "axis": "y", "origin": [8, 0.5, 8]},
			"faces": {
				"east": {"uv": [1, 0, 2.5913, 9.0916], "texture": "#0"},
				"west": {"uv": [1, 0, 2.5913, 9.0916], "texture": "#0"},
				"up": {"uv": [1, 1, 9, 2.5913], "texture": "#0"},
				"down": {"uv": [1, 1, 2.5913, 9], "texture": "#0"}
			}
		}
	],
	"display": {
		"thirdperson_righthand": {
			"rotation": [75, 45, 0],
			"translation": [0, 2.5, 0],
			"scale": [0.375, 0.375, 0.375]
		},
		"thirdperson_lefthand": {
			"rotation": [75, 45, 0],
			"translation": [0, 2.5, 0],
			"scale": [-0.375, 0.375, 0.375]
		},
		"firstperson_righthand": {
			"rotation": [0, 45, 0],
			"scale": [0.4, 0.4, 0.4]
		},
		"firstperson_lefthand": {
			"rotation": [0, 225, 0],
			"scale": [0.4, 0.4, 0.4]
		},
		"ground": {
			"translation": [0, 3, 0],
			"scale": [0.25, 0.25, 0.25]
		},
		"gui": {
			"rotation": [30, 135, 0],
			"scale": [0.625, 0.625, 0.625]
		},
		"fixed": {
			"scale": [0.5, 0.5, 0.5]
		}
	},
	"groups": [
		{
			"name": "tall_round1x1",
			"origin": [8, 8, 8],
			"color": 0,
			"children": [
				{
					"name": "stud",
					"origin": [8, 8, 8],
					"color": 0,
					"children": [0, 1, 2, 3, 4, 5, 6, 7]
				},
				{
					"name": "bottom",
					"origin": [8, 8, 8],
					"color": 0,
					"children": [8, 9, 10, 11, 12, 13, 14, 15]
				},
				{
					"name": "middle",
					"origin": [8, 8, 8],
					"color": 0,
					"children": [16, 17, 18, 19, 20, 21, 22, 23]
				}
			]
		}
	]
}