{
	"credit": "AlexTestria | https://alex-bauerndistel.de",
	"textures": {
		"particle": "#0"
	},
	"elements": [
		{
			"from": [10.96447, 10.5916, 1.5],
			"to": [13.03553, 11.8416, 2.5],
			"rotation": {"angle": 22.5, "axis": "y", "origin": [12, 11.2166, 4]},
			"faces": {
				"north": {"uv": [1, 0, 3.07107, 1.25], "texture": "#0"},
				"south": {"uv": [1, 0, 3.07107, 1.25], "texture": "#0"},
				"up": {"uv": [1, 1, 3.07107, 2], "texture": "#0"}
			}
		},
		{
			"from": [10.96447, 10.5916, 1.5],
			"to": [13.03553, 11.8416, 2.5],
			"rotation": {"angle": -22.5, "axis": "y", "origin": [12, 11.2166, 4]},
			"faces": {
				"north": {"uv": [1, 0, 3.07107, 1.25], "texture": "#0"},
				"south": {"uv": [1, 0, 3.07107, 1.25], "texture": "#0"},
				"up": {"uv": [1, 1, 3.07107, 2], "texture": "#0"}
			}
		},
		{
			"from": [10.96447, 10.5916, 5.5],
			"to": [13.03553, 11.8416, 6.5],
			"rotation": {"angle": 22.5, "axis": "y", "origin": [12, 11.2166, 4]},
			"faces": {
				"north": {"uv": [1, 0, 3.07107, 1.25], "texture": "#0"},
				"south": {"uv": [1, 0, 3.07107, 1.25], "texture": "#0"},
				"up": {"uv": [1, 1, 3.07107, 2], "texture": "#0"}
			}
		},
		{
			"from": [10.96447, 10.5916, 5.5],
			"to": [13.03553, 11.8416, 6.5],
			"rotation": {"angle": -22.5, "axis": "y", "origin": [12, 11.2166, 4]},
			"faces": {
				"north": {"uv": [1, 0, 3.07107, 1.25], "texture": "#0"},
				"south": {"uv": [1, 0, 3.07107, 1.25], "texture": "#0"},
				"up": {"uv": [1, 1, 3.07107, 2], "texture": "#0"}
			}
		},
		{
			"from": [9.5, 10.5916, 2.96447],
			"to": [10.5, 11.8416, 5.03553],
			"rotation": {"angle": 22.5, "axis": "y", "origin": [12, 11.2166, 4]},
			"faces": {
				"east": {"uv": [1, 0, 3.07107, 1.25], "texture": "#0"},
				"west": {"uv": [1, 0, 3.07107, 1.25], "texture": "#0"},
				"up": {"uv": [1, 1, 2, 3.07107], "texture": "#0"}
			}
		},
		{
			"from": [9.5, 10.5916, 2.96447],
			"to": [10.5, 11.8416, 5.03553],
			"rotation": {"angle": -22.5, "axis": "y", "origin": [12, 11.2166, 4]},
			"faces": {
				"east": {"uv": [1, 0, 3.07107, 1.25], "texture": "#0"},
				"west": {"uv": [1, 0, 3.07107, 1.25], "texture": "#0"},
				"up": {"uv": [1, 1, 2, 3.07107], "texture": "#0"}
			}
		},
		{
			"from": [13.5, 10.5916, 2.96447],
			"to": [14.5, 11.8416, 5.03553],
			"rotation": {"angle": 22.5, "axis": "y", "origin": [12, 11.2166, 4]},
			"faces": {
				"east": {"uv": [1, 0, 3.07107, 1.25], "texture": "#0"},
				"west": {"uv": [1, 0, 3.07107, 1.25], "texture": "#0"},
				"up": {"uv": [1, 1, 2, 3.07107], "texture": "#0"}
			}
		},
		{
			"from": [13.5, 10.5916, 2.96447],
			"to": [14.5, 11.8416, 5.03553],
			"rotation": {"angle": -22.5, "axis": "y", "origin": [12, 11.2166, 4]},
			"faces": {
				"east": {"uv": [1, 0, 3.07107, 1.25], "texture": "#0"},
				"west": {"uv": [1, 0, 3.07107, 1.25], "texture": "#0"},
				"up": {"uv": [1, 1, 2, 3.07107], "texture": "#0"}
			}
		},
		{
			"from": [11.35353, 0, 0.75],
			"to": [12.64647, 1.5, 7.25],
			"rotation": {"angle": -45, "axis": "y", "origin": [12, 0.5, 4]},
			"faces": {
				"north": {"uv": [1, 1.5, 2.29293, 0], "texture": "#0"},
				"south": {"uv": [1, 1.5, 2.29293, 0], "texture": "#0"},
				"down": {"uv": [1, 1, 2.29293, 7.5], "texture": "#0", "cullface": "down"}
			}
		},
		{
			"from": [11.35353, 0, 0.75],
			"to": [12.64647, 1.5, 7.25],
			"rotation": {"angle": -22.5, "axis": "y", "origin": [12, 0.5, 4]},
			"faces": {
				"north": {"uv": [1, 1.5, 2.29293, 0], "texture": "#0"},
				"south": {"uv": [1, 1.5, 2.29293, 0], "texture": "#0"},
				"down": {"uv": [1, 1, 2.29293, 7.5], "texture": "#0", "cullface": "down"}
			}
		},
		{
			"from": [11.35353, 0, 0.75],
			"to": [12.64647, 1.5, 7.25],
			"rotation": {"angle": 0, "axis": "y", "origin": [12, 0.5, 4]},
			"faces": {
				"north": {"uv": [1, 1.5, 2.29293, 0], "texture": "#0"},
				"south": {"uv": [1, 1.5, 2.29293, 0], "texture": "#0"},
				"down": {"uv": [1, 1, 2.29293, 7.5], "texture": "#0", "cullface": "down"}
			}
		},
		{
			"from": [11.35353, 0, 0.75],
			"to": [12.64647, 1.5, 7.25],
			"rotation": {"angle": 22.5, "axis": "y", "origin": [12, 0.5, 4]},
			"faces": {
				"north": {"uv": [1, 1.5, 2.29293, 0], "texture": "#0"},
				"south": {"uv": [1, 1.5, 2.29293, 0], "texture": "#0"},
				"down": {"uv": [1, 1, 2.29293, 7.5], "texture": "#0", "cullface": "down"}
			}
		},
		{
			"from": [11.35353, 0, 0.75],
			"to": [12.64647, 1.5, 7.25],
			"rotation": {"angle": 45, "axis": "y", "origin": [12, 0.5, 4]},
			"faces": {
				"north": {"uv": [1, 1.5, 2.29293, 0], "texture": "#0"},
				"south": {"uv": [1, 1.5, 2.29293, 0], "texture": "#0"},
				"down": {"uv": [1, 1, 2.29293, 7.5], "texture": "#0", "cullface": "down"}
			}
		},
		{
			"from": [8.75, 0, 3.35353],
			"to": [15.25, 1.5, 4.64647],
			"rotation": {"angle": -22.5, "axis": "y", "origin": [12, 0.5, 4]},
			"faces": {
				"east": {"uv": [1, 1.5, 2.29293, 0], "texture": "#0"},
				"west": {"uv": [1, 1.5, 2.29293, 0], "texture": "#0"},
				"down": {"uv": [1, 1, 7.5, 2.29293], "texture": "#0", "cullface": "down"}
			}
		},
		{
			"from": [8.75, 0, 3.35353],
			"to": [15.25, 1.5, 4.64647],
			"rotation": {"angle": 0, "axis": "y", "origin": [12, 0.5, 4]},
			"faces": {
				"east": {"uv": [1, 1.5, 2.29293, 0], "texture": "#0"},
				"west": {"uv": [1, 1.5, 2.29293, 0], "texture": "#0"},
				"down": {"uv": [1, 1, 7.5, 2.29293], "texture": "#0", "cullface": "down"}
			}
		},
		{
			"from": [8.75, 0, 3.35353],
			"to": [15.25, 1.5, 4.64647],
			"rotation": {"angle": 22.5, "axis": "y", "origin": [12, 0.5, 4]},
			"faces": {
				"east": {"uv": [1, 1.5, 2.29293, 0], "texture": "#0"},
				"west": {"uv": [1, 1.5, 2.29293, 0], "texture": "#0"},
				"down": {"uv": [1, 1, 7.5, 2.29293], "texture": "#0", "cullface": "down"}
			}
		},
		{
			"from": [11.20435, 1.5, 0],
			"to": [12.79565, 10.5916, 8],
			"rotation": {"angle": -45, "axis": "y", "origin": [12, 0.5, 4]},
			"faces": {
				"north": {"uv": [1, 0, 2.5913, 9.0916], "texture": "#0"},
				"south": {"uv": [1, 0, 2.5913, 9.0916], "texture": "#0"},
				"up": {"uv": [1, 1, 2.5913, 9], "texture": "#0"},
				"down": {"uv": [1, 1, 2.5913, 9], "texture": "#0"}
			}
		},
		{
			"from": [11.20435, 1.5, 0],
			"to": [12.79565, 10.5916, 8],
			"rotation": {"angle": -22.5, "axis": "y", "origin": [12, 0.5, 4]},
			"faces": {
				"north": {"uv": [1, 0, 2.5913, 9.0916], "texture": "#0"},
				"south": {"uv": [1, 0, 2.5913, 9.0916], "texture": "#0"},
				"up": {"uv": [1, 1, 2.5913, 9], "texture": "#0"},
				"down": {"uv": [1, 1, 2.5913, 9], "texture": "#0"}
			}
		},
		{
			"from": [11.20435, 1.5, 0],
			"to": [12.79565, 10.5916, 8],
			"rotation": {"angle": 0, "axis": "y", "origin": [12, 0.5, 4]},
			"faces": {
				"north": {"uv": [1, 0, 2.5913, 9.0916], "texture": "#0"},
				"south": {"uv": [1, 0, 2.5913, 9.0916], "texture": "#0"},
				"up": {"uv": [1, 1, 2.5913, 9], "texture": "#0"},
				"down": {"uv": [1, 1, 2.5913, 9], "texture": "#0"}
			}
		},
		{
			"from": [11.20435, 1.5, 0],
			"to": [12.79565, 10.5916, 8],
			"rotation": {"angle": 22.5, "axis": "y", "origin": [12, 0.5, 4]},
			"faces": {
				"north": {"uv": [1, 0, 2.5913, 9.0916], "texture": "#0"},
				"south": {"uv": [1, 0, 2.5913, 9.0916], "texture": "#0"},
				"up": {"uv": [1, 1, 2.5913, 9], "texture": "#0"},
				"down": {"uv": [1, 1, 2.5913, 9], "texture": "#0"}
			}
		},
		{
			"from": [11.20435, 1.5, 0],
			"to": [12.79565, 10.5916, 8],
			"rotation": {"angle": 45, "axis": "y", "origin": [12, 0.5, 4]},
			"faces": {
				"north": {"uv": [1, 0, 2.5913, 9.0916], "texture": "#0"},
				"south": {"uv": [1, 0, 2.5913, 9.0916], "texture": "#0"},
				"up": {"uv": [1, 1, 2.5913, 9], "texture": "#0"},
				"down": {"uv": [1, 1, 2.5913, 9], "texture": "#0"}
			}
		},
		{
			"from": [8, 1.5, 3.20435],
			"to": [16, 10.5916, 4.79565],
			"rotation": {"angle": -22.5, "axis": "y", "origin": [12, 0.5, 4]},
			"faces": {
				"east": {"uv": [1, 0, 2.5913, 9.0916], "texture": "#0"},
				"west": {"uv": [1, 0, 2.5913, 9.0916], "texture": "#0"},
				"up": {"uv": [1, 1, 9, 2.5913], "texture": "#0"},
				"down": {"uv": [1, 1, 2.5913, 9], "texture": "#0"}
			}
		},
		{
			"from": [8, 1.5, 3.20435],
			"to": [16, 10.5916, 4.79565],
			"rotation": {"angle": 0, "axis": "y", "origin": [12, 0.5, 4]},
			"faces": {
				"east": {"uv": [1, 0, 2.5913, 9.0916], "texture": "#0"},
				"west": {"uv": [1, 0, 2.5913, 9.0916], "texture": "#0"},
				"up": {"uv": [1, 1, 9, 2.5913], "texture": "#0"},
				"down": {"uv": [1, 1, 2.5913, 9], "texture": "#0"}
			}
		},
		{
			"from": [8, 1.5, 3.20435],
			"to": [16, 10.5916, 4.79565],
			"rotation": {"angle": 22.5, "axis": "y", "origin": [12, 0.5, 4]},
			"faces": {
				"east": {"uv": [1, 0, 2.5913, 9.0916], "texture": "#0"},
				"west": {"uv": [1, 0, 2.5913, 9.0916], "texture": "#0"},
				"up": {"uv": [1, 1, 9, 2.5913], "texture": "#0"},
				"down": {"uv": [1, 1, 2.5913, 9], "texture": "#0"}
			}
		},
		{
			"from": [2.96447, 10.5916, 9.5],
			"to": [5.03553, 11.8416, 10.5],
			"rotation": {"angle": 22.5, "axis": "y", "origin": [4, 11.2166, 12]},
			"faces": {
				"north": {"uv": [1, 0, 3.07107, 1.25], "texture": "#0"},
				"south": {"uv": [1, 0, 3.07107, 1.25], "texture": "#0"},
				"up": {"uv": [1, 1, 3.07107, 2], "texture": "#0"}
			}
		},
		{
			"from": [2.96447, 10.5916, 9.5],
			"to": [5.03553, 11.8416, 10.5],
			"rotation": {"angle": -22.5, "axis": "y", "origin": [4, 11.2166, 12]},
			"faces": {
				"north": {"uv": [1, 0, 3.07107, 1.25], "texture": "#0"},
				"south": {"uv": [1, 0, 3.07107, 1.25], "texture": "#0"},
				"up": {"uv": [1, 1, 3.07107, 2], "texture": "#0"}
			}
		},
		{
			"from": [2.96447, 10.5916, 13.5],
			"to": [5.03553, 11.8416, 14.5],
			"rotation": {"angle": 22.5, "axis": "y", "origin": [4, 11.2166, 12]},
			"faces": {
				"north": {"uv": [1, 0, 3.07107, 1.25], "texture": "#0"},
				"south": {"uv": [1, 0, 3.07107, 1.25], "texture": "#0"},
				"up": {"uv": [1, 1, 3.07107, 2], "texture": "#0"}
			}
		},
		{
			"from": [2.96447, 10.5916, 13.5],
			"to": [5.03553, 11.8416, 14.5],
			"rotation": {"angle": -22.5, "axis": "y", "origin": [4, 11.2166, 12]},
			"faces": {
				"north": {"uv": [1, 0, 3.07107, 1.25], "texture": "#0"},
				"south": {"uv": [1, 0, 3.07107, 1.25], "texture": "#0"},
				"up": {"uv": [1, 1, 3.07107, 2], "texture": "#0"}
			}
		},
		{
			"from": [1.5, 10.5916, 10.96447],
			"to": [2.5, 11.8416, 13.03553],
			"rotation": {"angle": 22.5, "axis": "y", "origin": [4, 11.2166, 12]},
			"faces": {
				"east": {"uv": [1, 0, 3.07107, 1.25], "texture": "#0"},
				"west": {"uv": [1, 0, 3.07107, 1.25], "texture": "#0"},
				"up": {"uv": [1, 1, 2, 3.07107], "texture": "#0"}
			}
		},
		{
			"from": [1.5, 10.5916, 10.96447],
			"to": [2.5, 11.8416, 13.03553],
			"rotation": {"angle": -22.5, "axis": "y", "origin": [4, 11.2166, 12]},
			"faces": {
				"east": {"uv": [1, 0, 3.07107, 1.25], "texture": "#0"},
				"west": {"uv": [1, 0, 3.07107, 1.25], "texture": "#0"},
				"up": {"uv": [1, 1, 2, 3.07107], "texture": "#0"}
			}
		},
		{
			"from": [5.5, 10.5916, 10.96447],
			"to": [6.5, 11.8416, 13.03553],
			"rotation": {"angle": 22.5, "axis": "y", "origin": [4, 11.2166, 12]},
			"faces": {
				"east": {"uv": [1, 0, 3.07107, 1.25], "texture": "#0"},
				"west": {"uv": [1, 0, 3.07107, 1.25], "texture": "#0"},
				"up": {"uv": [1, 1, 2, 3.07107], "texture": "#0"}
			}
		},
		{
			"from": [5.5, 10.5916, 10.96447],
			"to": [6.5, 11.8416, 13.03553],
			"rotation": {"angle": -22.5, "axis": "y", "origin": [4, 11.2166, 12]},
			"faces": {
				"east": {"uv": [1, 0, 3.07107, 1.25], "texture": "#0"},
				"west": {"uv": [1, 0, 3.07107, 1.25], "texture": "#0"},
				"up": {"uv": [1, 1, 2, 3.07107], "texture": "#0"}
			}
		},
		{
			"from": [3.35353, 0, 8.75],
			"to": [4.64647, 1.5, 15.25],
			"rotation": {"angle": -45, "axis": "y", "origin": [4, 0.5, 12]},
			"faces": {
				"north": {"uv": [1, 1.5, 2.29293, 0], "texture": "#0"},
				"south": {"uv": [1, 1.5, 2.29293, 0], "texture": "#0"},
				"down": {"uv": [1, 1, 2.29293, 7.5], "texture": "#0", "cullface": "down"}
			}
		},
		{
			"from": [3.35353, 0, 8.75],
			"to": [4.64647, 1.5, 15.25],
			"rotation": {"angle": -22.5, "axis": "y", "origin": [4, 0.5, 12]},
			"faces": {
				"north": {"uv": [1, 1.5, 2.29293, 0], "texture": "#0"},
				"south": {"uv": [1, 1.5, 2.29293, 0], "texture": "#0"},
				"down": {"uv": [1, 1, 2.29293, 7.5], "texture": "#0", "cullface": "down"}
			}
		},
		{
			"from": [3.35353, 0, 8.75],
			"to": [4.64647, 1.5, 15.25],
			"rotation": {"angle": 0, "axis": "y", "origin": [4, 0.5, 12]},
			"faces": {
				"north": {"uv": [1, 1.5, 2.29293, 0], "texture": "#0"},
				"south": {"uv": [1, 1.5, 2.29293, 0], "texture": "#0"},
				"down": {"uv": [1, 1, 2.29293, 7.5], "texture": "#0", "cullface": "down"}
			}
		},
		{
			"from": [3.35353, 0, 8.75],
			"to": [4.64647, 1.5, 15.25],
			"rotation": {"angle": 22.5, "axis": "y", "origin": [4, 0.5, 12]},
			"faces": {
				"north": {"uv": [1, 1.5, 2.29293, 0], "texture": "#0"},
				"south": {"uv": [1, 1.5, 2.29293, 0], "texture": "#0"},
				"down": {"uv": [1, 1, 2.29293, 7.5], "texture": "#0", "cullface": "down"}
			}
		},
		{
			"from": [3.35353, 0, 8.75],
			"to": [4.64647, 1.5, 15.25],
			"rotation": {"angle": 45, "axis": "y", "origin": [4, 0.5, 12]},
			"faces": {
				"north": {"uv": [1, 1.5, 2.29293, 0], "texture": "#0"},
				"south": {"uv": [1, 1.5, 2.29293, 0], "texture": "#0"},
				"down": {"uv": [1, 1, 2.29293, 7.5], "texture": "#0", "cullface": "down"}
			}
		},
		{
			"from": [0.75, 0, 11.35353],
			"to": [7.25, 1.5, 12.64647],
			"rotation": {"angle": -22.5, "axis": "y", "origin": [4, 0.5, 12]},
			"faces": {
				"east": {"uv": [1, 1.5, 2.29293, 0], "texture": "#0"},
				"west": {"uv": [1, 1.5, 2.29293, 0], "texture": "#0"},
				"down": {"uv": [1, 1, 7.5, 2.29293], "texture": "#0", "cullface": "down"}
			}
		},
		{
			"from": [0.75, 0, 11.35353],
			"to": [7.25, 1.5, 12.64647],
			"rotation": {"angle": 0, "axis": "y", "origin": [4, 0.5, 12]},
			"faces": {
				"east": {"uv": [1, 1.5, 2.29293, 0], "texture": "#0"},
				"west": {"uv": [1, 1.5, 2.29293, 0], "texture": "#0"},
				"down": {"uv": [1, 1, 7.5, 2.29293], "texture": "#0", "cullface": "down"}
			}
		},
		{
			"from": [0.75, 0, 11.35353],
			"to": [7.25, 1.5, 12.64647],
			"rotation": {"angle": 22.5, "axis": "y", "origin": [4, 0.5, 12]},
			"faces": {
				"east": {"uv": [1, 1.5, 2.29293, 0], "texture": "#0"},
				"west": {"uv": [1, 1.5, 2.29293, 0], "texture": "#0"},
				"down": {"uv": [1, 1, 7.5, 2.29293], "texture": "#0", "cullface": "down"}
			}
		},
		{
			"from": [3.20435, 1.5, 8],
			"to": [4.79565, 10.5916, 16],
			"rotation": {"angle": -45, "axis": "y", "origin": [4, 0.5, 12]},
			"faces": {
				"north": {"uv": [1, 0, 2.5913, 9.0916], "texture": "#0"},
				"south": {"uv": [1, 0, 2.5913, 9.0916], "texture": "#0"},
				"up": {"uv": [1, 1, 2.5913, 9], "texture": "#0"},
				"down": {"uv": [1, 1, 2.5913, 9], "texture": "#0"}
			}
		},
		{
			"from": [3.20435, 1.5, 8],
			"to": [4.79565, 10.5916, 16],
			"rotation": {"angle": -22.5, "axis": "y", "origin": [4, 0.5, 12]},
			"faces": {
				"north": {"uv": [1, 0, 2.5913, 9.0916], "texture": "#0"},
				"south": {"uv": [1, 0, 2.5913, 9.0916], "texture": "#0"},
				"up": {"uv": [1, 1, 2.5913, 9], "texture": "#0"},
				"down": {"uv": [1, 1, 2.5913, 9], "texture": "#0"}
			}
		},
		{
			"from": [3.20435, 1.5, 8],
			"to": [4.79565, 10.5916, 16],
			"rotation": {"angle": 0, "axis": "y", "origin": [4, 0.5, 12]},
			"faces": {
				"north": {"uv": [1, 0, 2.5913, 9.0916], "texture": "#0"},
				"south": {"uv": [1, 0, 2.5913, 9.0916], "texture": "#0"},
				"up": {"uv": [1, 1, 2.5913, 9], "texture": "#0"},
				"down": {"uv": [1, 1, 2.5913, 9], "texture": "#0"}
			}
		},
		{
			"from": [3.20435, 1.5, 8],
			"to": [4.79565, 10.5916, 16],
			"rotation": {"angle": 22.5, "axis": "y", "origin": [4, 0.5, 12]},
			"faces": {
				"north": {"uv": [1, 0, 2.5913, 9.0916], "texture": "#0"},
				"south": {"uv": [1, 0, 2.5913, 9.0916], "texture": "#0"},
				"up": {"uv": [1, 1, 2.5913, 9], "texture": "#0"},
				"down": {"uv": [1, 1, 2.5913, 9], "texture": "#0"}
			}
		},
		{
			"from": [3.20435, 1.5, 8],
			"to": [4.79565, 10.5916, 16],
			"rotation": {"angle": 45, "axis": "y", "origin": [4, 0.5, 12]},
			"faces": {
				"north": {"uv": [1, 0, 2.5913, 9.0916], "texture": "#0"},
				"south": {"uv": [1, 0, 2.5913, 9.0916], "texture": "#0"},
				"up": {"uv": [1, 1, 2.5913, 9], "texture": "#0"},
				"down": {"uv": [1, 1, 2.5913, 9], "texture": "#0"}
			}
		},
		{
			"from": [0, 1.5, 11.20435],
			"to": [8, 10.5916, 12.79565],
			"rotation": {"angle": -22.5, "axis": "y", "origin": [4, 0.5, 12]},
			"faces": {
				"east": {"uv": [1, 0, 2.5913, 9.0916], "texture": "#0"},
				"west": {"uv": [1, 0, 2.5913, 9.0916], "texture": "#0"},
				"up": {"uv": [1, 1, 9, 2.5913], "texture": "#0"},
				"down": {"uv": [1, 1, 2.5913, 9], "texture": "#0"}
			}
		},
		{
			"from": [0, 1.5, 11.20435],
			"to": [8, 10.5916, 12.79565],
			"rotation": {"angle": 0, "axis": "y", "origin": [4, 0.5, 12]},
			"faces": {
				"east": {"uv": [1, 0, 2.5913, 9.0916], "texture": "#0"},
				"west": {"uv": [1, 0, 2.5913, 9.0916], "texture": "#0"},
				"up": {"uv": [1, 1, 9, 2.5913], "texture": "#0"},
				"down": {"uv": [1, 1, 2.5913, 9], "texture": "#0"}
			}
		},
		{
			"from": [0, 1.5, 11.20435],
			"to": [8, 10.5916, 12.79565],
			"rotation": {"angle": 22.5, "axis": "y", "origin": [4, 0.5, 12]},
			"faces": {
				"east": {"uv": [1, 0, 2.5913, 9.0916], "texture": "#0"},
				"west": {"uv": [1, 0, 2.5913, 9.0916], "texture": "#0"},
				"up": {"uv": [1, 1, 9, 2.5913], "texture": "#0"},
				"down": {"uv": [1, 1, 2.5913, 9], "texture": "#0"}
			}
		}
	],
	"display": {
		"thirdperson_righthand": {
			"rotation": [75, 45, 0],
			"translation": [0, 2.5, 0],
			"scale": [0.375, 0.375, 0.375]
		},
		"thirdperson_lefthand": {
			"rotation": [75, 45, 0],
			"translation": [0, 2.5, 0],
			"scale": [-0.375, 0.375, 0.375]
		},
		"firstperson_righthand": {
			"rotation": [0, 45, 0],
			"scale": [0.4, 0.4, 0.4]
		},
		"firstperson_lefthand": {
			"rotation": [0, 225, 0],
			"scale": [0.4, 0.4, 0.4]
		},
		"ground": {
			"translation": [0, 3, 0],
			"scale": [0.25, 0.25, 0.25]
		},
		"gui": {
			"rotation": [30, 135, 0],
			"scale": [0.625, 0.625, 0.625]
		},
		"fixed": {
			"scale": [0.5, 0.5, 0.5]
		}
	},
	"groups": [
		{
			"name": "tall_round1x1",
			"origin": [8, 8, 8],
			"color": 0,
			"children": [
				{
					"name": "stud",
					"origin": [8, 8, 8],
					"color": 0,
					"children": [0, 1, 2, 3, 4, 5, 6, 7]
				},
				{
					"name": "bottom",
					"origin": [8, 8, 8],
					"color": 0,
					"children": [8, 9, 10, 11, 12, 13, 14, 15]
				},
				{
					"name": "middle",
					"origin": [8, 8, 8],
					"color": 0,
					"children": [16, 17, 18, 19, 20, 21, 22, 23]
				}
			]
		},
		{
			"name": "tall_round1x1",
			"origin": [8, 8, 8],
			"color": 0,
			"children": [
				{
					"name": "stud",
					"origin": [8, 8, 8],
					"color": 0,
					"children": [24, 25, 26, 27, 28, 29, 30, 31]
				},
				{
					"name": "bottom",
					"origin": [8, 8, 8],
					"color": 0,
					"children": [32, 33, 34, 35, 36, 37, 38, 39]
				},
				{
					"name": "middle",
					"origin": [8, 8, 8],
					"color": 0,
					"children": [40, 41, 42, 43, 44, 45, 46, 47]
				}
			]
		}
	]
}