{
	"credit": "AlexTestria | https://alex-bauerndistel.de",
	"textures": {
		"particle": "#0"
	},
	"elements": [
		{
			"from": [0, 0, 0],
			"to": [1, 0.075, 16],
			"faces": {
				"east": {"uv": [0, 1, 16, 1.075], "texture": "#2", "cullface": "down"},
				"west": {"uv": [0, 1, 16, 1.075], "texture": "#2", "cullface": "west"},
				"down": {"uv": [0, 0, 1, 16], "texture": "#2", "cullface": "down"}
			}
		},
		{
			"from": [0, 0, 0],
			"to": [16, 0.075, 1],
			"faces": {
				"north": {"uv": [0, 1, 16, 1.075], "texture": "#2", "cullface": "north"},
				"south": {"uv": [0, 1, 16, 1.075], "texture": "#2", "cullface": "down"},
				"down": {"uv": [0, 15, 16, 16], "texture": "#2", "cullface": "down"}
			}
		},
		{
			"from": [0, 0, 15],
			"to": [16, 0.075, 16],
			"faces": {
				"north": {"uv": [0, 1, 16, 1.075], "texture": "#2", "cullface": "down"},
				"south": {"uv": [0, 1, 16, 1.075], "texture": "#2", "cullface": "south"},
				"down": {"uv": [0, 0, 16, 1], "texture": "#2", "cullface": "down"}
			}
		},
		{
			"from": [15, 0, 0],
			"to": [16, 0.075, 16],
			"faces": {
				"east": {"uv": [0, 1, 16, 1.075], "texture": "#2", "cullface": "east"},
				"west": {"uv": [0, 1, 16, 1.075], "texture": "#2", "cullface": "down"},
				"down": {"uv": [15, 0, 16, 16], "texture": "#2", "cullface": "down"}
			}
		},
		{
			"from": [0, 2.6666, 0],
			"to": [16, 2.7416, 16],
			"faces": {
				"north": {"uv": [0, 1, 16, 1.075], "texture": "#2", "cullface": "north"},
				"east": {"uv": [0, 1, 16, 1.075], "texture": "#2", "cullface": "east"},
				"south": {"uv": [0, 1, 16, 1.075], "texture": "#2", "cullface": "south"},
				"west": {"uv": [0, 1, 16, 1.075], "texture": "#2", "cullface": "west"},
				"up": {"uv": [0, 0, 16, 16], "texture": "#1"},
				"down": {"uv": [0, 0, 16, 16], "texture": "#1", "cullface": "down"}
			}
		},
		{
			"from": [0, 2.7416, 0],
			"to": [7, 13.3332, 7],
			"faces": {
				"north": {"uv": [9, 0, 16, 10.5916], "texture": "#0", "cullface": "north"},
				"east": {"uv": [0, 0, 7, 10.5916], "texture": "#0", "cullface": "north"},
				"south": {"uv": [9, 0, 16, 10.5916], "texture": "#0", "cullface": "west"},
				"west": {"uv": [0, 0, 7, 10.5916], "texture": "#0", "cullface": "west"}
			}
		},
		{
			"from": [0, 2.7416, 9],
			"to": [7, 13.3332, 16],
			"faces": {
				"north": {"uv": [0, 0, 7, 10.5916], "texture": "#0", "cullface": "west"},
				"east": {"uv": [9, 0, 16, 10.5916], "texture": "#0", "cullface": "south"},
				"south": {"uv": [0, 0, 7, 10.5916], "texture": "#0", "cullface": "south"},
				"west": {"uv": [9, 0, 16, 10.5916], "texture": "#0", "cullface": "west"}
			}
		},
		{
			"from": [1, 2.7416, 1],
			"to": [15, 13.3332, 15],
			"faces": {
				"north": {"uv": [1, 0, 15, 10.5916], "texture": "#0", "cullface": "north"},
				"east": {"uv": [1, 0, 15, 10.5916], "texture": "#0", "cullface": "east"},
				"south": {"uv": [1, 0, 15, 10.5916], "texture": "#0", "cullface": "south"},
				"west": {"uv": [1, 0, 15, 10.5916], "texture": "#0", "cullface": "west"}
			}
		},
		{
			"from": [9, 2.7416, 9],
			"to": [16, 13.3332, 16],
			"faces": {
				"north": {"uv": [9, 0, 16, 10.5916], "texture": "#0", "cullface": "east"},
				"east": {"uv": [0, 0, 7, 10.5916], "texture": "#0", "cullface": "east"},
				"south": {"uv": [9, 0, 16, 10.5916], "texture": "#0", "cullface": "south"},
				"west": {"uv": [0, 0, 7, 10.5916], "texture": "#0", "cullface": "south"}
			}
		},
		{
			"from": [9, 2.7416, 0],
			"to": [16, 13.3332, 7],
			"faces": {
				"north": {"uv": [0, 0, 7, 10.5916], "texture": "#0", "cullface": "north"},
				"east": {"uv": [9, 0, 16, 10.5916], "texture": "#0", "cullface": "east"},
				"south": {"uv": [0, 0, 7, 10.5916], "texture": "#0", "cullface": "east"},
				"west": {"uv": [9, 0, 16, 10.5916], "texture": "#0", "cullface": "north"}
			}
		},
		{
			"from": [0, 13.3332, 0],
			"to": [16, 13.4082, 16],
			"rotation": {"angle": 0, "axis": "y", "origin": [0, 10.6532, 0]},
			"faces": {
				"north": {"uv": [0, 2, 16, 2.075], "texture": "#2", "cullface": "north"},
				"east": {"uv": [0, 1, 16, 1.075], "texture": "#2", "cullface": "east"},
				"south": {"uv": [0, 1, 16, 1.075], "texture": "#2", "cullface": "south"},
				"west": {"uv": [0, 1, 16, 1.075], "texture": "#2", "cullface": "west"},
				"up": {"uv": [0, 0, 16, 16], "texture": "#0", "cullface": "up"},
				"down": {"uv": [0, 0, 16, 16], "texture": "#1"}
			}
		},
		{
			"from": [0, 0.075, 0],
			"to": [16, 2.6666, 16],
			"rotation": {"angle": 0, "axis": "y", "origin": [16, 0, 0]},
			"faces": {
				"north": {"uv": [0, 0, 16, 2.5916], "texture": "#1", "cullface": "north"},
				"east": {"uv": [0, 0, 16, 2.5916], "texture": "#1", "cullface": "east"},
				"south": {"uv": [0, 0, 16, 2.5916], "texture": "#1", "cullface": "south"},
				"west": {"uv": [0, 0, 16, 2.5916], "texture": "#1", "cullface": "west"}
			}
		},
		{
			"from": [15, 2.6666, 15],
			"to": [1, 0.075, 1],
			"rotation": {"angle": 0, "axis": "y", "origin": [16, 1.5916, 0]},
			"faces": {
				"north": {"uv": [1, 0, 15, 2.5916], "texture": "#1", "cullface": "down"},
				"east": {"uv": [1, 0, 15, 2.5916], "texture": "#1", "cullface": "down"},
				"south": {"uv": [1, 0, 15, 2.5916], "texture": "#1", "cullface": "down"},
				"west": {"uv": [1, 0, 15, 2.5916], "texture": "#1", "cullface": "down"}
			}
		},
		{
			"from": [7.30381, 0.075, 4.5],
			"to": [8.69619, 2.75, 5.5],
			"rotation": {"angle": -45, "axis": "y", "origin": [8, 8, 8]},
			"faces": {
				"north": {"uv": [1, 1, 2.39238, 3.675], "texture": "#1", "cullface": "down"},
				"south": {"uv": [1, 1, 2.39238, 3.675], "texture": "#1", "cullface": "down"},
				"down": {"uv": [1, 1, 2.39239, 2], "texture": "#1", "cullface": "down"}
			}
		},
		{
			"from": [7.30381, 0.075, 4.5],
			"to": [8.69619, 2.75, 5.5],
			"rotation": {"angle": -22.5, "axis": "y", "origin": [8, 8, 8]},
			"faces": {
				"north": {"uv": [1, 1, 2.39238, 3.675], "texture": "#1", "cullface": "down"},
				"south": {"uv": [1, 1, 2.39238, 3.675], "texture": "#1", "cullface": "down"},
				"down": {"uv": [1, 1, 2.39239, 2], "texture": "#1", "cullface": "down"}
			}
		},
		{
			"from": [7.30381, 0.075, 4.5],
			"to": [8.69619, 2.75, 5.5],
			"rotation": {"angle": 0, "axis": "y", "origin": [8, 8, 8]},
			"faces": {
				"north": {"uv": [1, 1, 2.39238, 3.675], "texture": "#1", "cullface": "down"},
				"south": {"uv": [1, 1, 2.39238, 3.675], "texture": "#1", "cullface": "down"},
				"down": {"uv": [1, 1, 2.39239, 2], "texture": "#1", "cullface": "down"}
			}
		},
		{
			"from": [7.30381, 0.075, 4.5],
			"to": [8.69619, 2.75, 5.5],
			"rotation": {"angle": 22.5, "axis": "y", "origin": [8, 8, 8]},
			"faces": {
				"north": {"uv": [1, 1, 2.39238, 3.675], "texture": "#1", "cullface": "down"},
				"south": {"uv": [1, 1, 2.39238, 3.675], "texture": "#1", "cullface": "down"},
				"down": {"uv": [1, 1, 2.39239, 2], "texture": "#1", "cullface": "down"}
			}
		},
		{
			"from": [7.30381, 0.075, 4.5],
			"to": [8.69619, 2.75, 5.5],
			"rotation": {"angle": 45, "axis": "y", "origin": [8, 8, 8]},
			"faces": {
				"north": {"uv": [1, 1, 2.39238, 3.675], "texture": "#1", "cullface": "down"},
				"south": {"uv": [1, 1, 2.39238, 3.675], "texture": "#1", "cullface": "down"},
				"down": {"uv": [1, 1, 2.39238, 2], "texture": "#1", "cullface": "down"}
			}
		},
		{
			"from": [7.30381, 0.075, 10.5],
			"to": [8.69619, 2.75, 11.5],
			"rotation": {"angle": -45, "axis": "y", "origin": [8, 8, 8]},
			"faces": {
				"north": {"uv": [1, 1, 2.39238, 3.675], "texture": "#1", "cullface": "down"},
				"south": {"uv": [1, 1, 2.39238, 3.675], "texture": "#1", "cullface": "down"},
				"down": {"uv": [1, 1, 2.39239, 2], "texture": "#1", "cullface": "down"}
			}
		},
		{
			"from": [7.30381, 0.075, 10.5],
			"to": [8.69619, 2.75, 11.5],
			"rotation": {"angle": -22.5, "axis": "y", "origin": [8, 8, 8]},
			"faces": {
				"north": {"uv": [1, 1, 2.39238, 3.675], "texture": "#1", "cullface": "down"},
				"south": {"uv": [1, 1, 2.39238, 3.675], "texture": "#1", "cullface": "down"},
				"down": {"uv": [1, 1, 2.39239, 2], "texture": "#1", "cullface": "down"}
			}
		},
		{
			"from": [7.30381, 0.075, 10.5],
			"to": [8.69619, 2.75, 11.5],
			"rotation": {"angle": 0, "axis": "y", "origin": [8, 8, 8]},
			"faces": {
				"north": {"uv": [1, 1, 2.39238, 3.675], "texture": "#1", "cullface": "down"},
				"south": {"uv": [1, 1, 2.39238, 3.675], "texture": "#1", "cullface": "down"},
				"down": {"uv": [1, 1, 2.39239, 2], "texture": "#1", "cullface": "down"}
			}
		},
		{
			"from": [7.30381, 0.075, 10.5],
			"to": [8.69619, 2.75, 11.5],
			"rotation": {"angle": 22.5, "axis": "y", "origin": [8, 8, 8]},
			"faces": {
				"north": {"uv": [1, 1, 2.39238, 3.675], "texture": "#1", "cullface": "down"},
				"south": {"uv": [1, 1, 2.39238, 3.675], "texture": "#1", "cullface": "down"},
				"down": {"uv": [1, 1, 2.39239, 2], "texture": "#1", "cullface": "down"}
			}
		},
		{
			"from": [7.30381, 0.075, 10.5],
			"to": [8.69619, 2.75, 11.5],
			"rotation": {"angle": 45, "axis": "y", "origin": [8, 8, 8]},
			"faces": {
				"north": {"uv": [1, 1, 2.39238, 3.675], "texture": "#1", "cullface": "down"},
				"south": {"uv": [1, 1, 2.39238, 3.675], "texture": "#1", "cullface": "down"},
				"down": {"uv": [1, 1, 2.39239, 2], "texture": "#1", "cullface": "down"}
			}
		},
		{
			"from": [4.5, 0.075, 7.30381],
			"to": [5.5, 2.75, 8.69619],
			"rotation": {"angle": -22.5, "axis": "y", "origin": [8, 8, 8]},
			"faces": {
				"east": {"uv": [1, 1, 2.39238, 3.675], "texture": "#1", "cullface": "down"},
				"west": {"uv": [1, 1, 2.39238, 3.675], "texture": "#1", "cullface": "down"},
				"down": {"uv": [1, 1, 2, 2.39239], "texture": "#1", "cullface": "down"}
			}
		},
		{
			"from": [4.5, 0.075, 7.30381],
			"to": [5.5, 2.75, 8.69619],
			"rotation": {"angle": 0, "axis": "y", "origin": [8, 8, 8]},
			"faces": {
				"east": {"uv": [1, 1, 2.39238, 3.675], "texture": "#1", "cullface": "down"},
				"west": {"uv": [1, 1, 2.39238, 3.675], "texture": "#1", "cullface": "down"},
				"down": {"uv": [1, 1, 2, 2.39239], "texture": "#1", "cullface": "down"}
			}
		},
		{
			"from": [4.5, 0.075, 7.30381],
			"to": [5.5, 2.75, 8.69619],
			"rotation": {"angle": 22.5, "axis": "y", "origin": [8, 8, 8]},
			"faces": {
				"east": {"uv": [1, 1, 2.39238, 3.675], "texture": "#1", "cullface": "down"},
				"west": {"uv": [1, 1, 2.39238, 3.675], "texture": "#1", "cullface": "down"},
				"down": {"uv": [1, 1, 2, 2.39239], "texture": "#1", "cullface": "down"}
			}
		},
		{
			"from": [10.5, 0.075, 7.30381],
			"to": [11.5, 2.75, 8.69619],
			"rotation": {"angle": -22.5, "axis": "y", "origin": [8, 8, 8]},
			"faces": {
				"east": {"uv": [1, 1, 2.39238, 3.675], "texture": "#1", "cullface": "down"},
				"west": {"uv": [1, 1, 2.39238, 3.675], "texture": "#1", "cullface": "down"},
				"down": {"uv": [1, 1, 2, 2.39239], "texture": "#1", "cullface": "down"}
			}
		},
		{
			"from": [10.5, 0.075, 7.30381],
			"to": [11.5, 2.75, 8.69619],
			"rotation": {"angle": 0, "axis": "y", "origin": [8, 8, 8]},
			"faces": {
				"east": {"uv": [1, 1, 2.39238, 3.675], "texture": "#1", "cullface": "down"},
				"west": {"uv": [1, 1, 2.39238, 3.675], "texture": "#1", "cullface": "down"},
				"down": {"uv": [1, 1, 2, 2.39239], "texture": "#1", "cullface": "down"}
			}
		},
		{
			"from": [10.5, 0.075, 7.30381],
			"to": [11.5, 2.75, 8.69619],
			"rotation": {"angle": 22.5, "axis": "y", "origin": [8, 8, 8]},
			"faces": {
				"east": {"uv": [1, 1, 2.39238, 3.675], "texture": "#1", "cullface": "down"},
				"west": {"uv": [1, 1, 2.39238, 3.675], "texture": "#1", "cullface": "down"},
				"down": {"uv": [1, 1, 2, 2.39239], "texture": "#1", "cullface": "down"}
			}
		},
		{
			"from": [0, 13.4082, 6.25],
			"to": [16, 16, 8],
			"rotation": {"angle": 0, "axis": "y", "origin": [7.65341, 13.81767, 3.84091]},
			"faces": {
				"north": {"uv": [0, 0, 16, 2.6666], "texture": "#1", "cullface": "up"},
				"east": {"uv": [0, 0, 1.75, 2.6666], "texture": "#1", "cullface": "east"},
				"west": {"uv": [14, 0, 15.75, 2.6666], "texture": "#1", "cullface": "west"},
				"up": {"uv": [0, 14, 16, 15.75], "texture": "#1", "cullface": "up"}
			}
		},
		{
			"from": [0, 14.6584, 3.125],
			"to": [16, 16, 4.875],
			"rotation": {"angle": 0, "axis": "y", "origin": [7.65341, 13.81767, 3.84091]},
			"faces": {
				"north": {"uv": [0, 0, 16, 1.3416], "texture": "#1", "cullface": "up"},
				"east": {"uv": [1, 0, 2.75, 1.3416], "texture": "#1", "cullface": "east"},
				"south": {"uv": [0, 0, 16, 1.3416], "texture": "#1", "cullface": "up"},
				"west": {"uv": [1, 0, 2.75, 1.3416], "texture": "#1", "cullface": "west"},
				"up": {"uv": [0, 1, 16, 2.75], "texture": "#1", "cullface": "up"}
			}
		},
		{
			"from": [0, 13.4082, 0],
			"to": [16, 16, 1.75],
			"rotation": {"angle": 0, "axis": "y", "origin": [7.65341, 13.81767, 3.84091]},
			"faces": {
				"north": {"uv": [0, 0, 16, 2.6666], "texture": "#1", "cullface": "north"},
				"east": {"uv": [14, 0, 15.75, 2.6666], "texture": "#1", "cullface": "east"},
				"south": {"uv": [0, 0, 16, 2.6666], "texture": "#1", "cullface": "up"},
				"west": {"uv": [0, 0, 1.75, 2.6666], "texture": "#1", "cullface": "west"},
				"up": {"uv": [0, 0, 16, 1.75], "texture": "#1", "cullface": "up"}
			}
		},
		{
			"from": [0, 13.4082, 1.75],
			"to": [1.5, 14.6584, 6.25],
			"rotation": {"angle": 0, "axis": "y", "origin": [7.65341, 13.81767, 3.84091]},
			"faces": {
				"east": {"uv": [1, 0, 5.5, 1.325], "texture": "#1", "cullface": "up"},
				"west": {"uv": [1, 1, 5.5, 2.325], "texture": "#1", "cullface": "west"},
				"up": {"uv": [0, 1, 1.5, 5.5], "texture": "#1", "cullface": "up"}
			}
		},
		{
			"from": [14.25, 13.4082, 1.75],
			"to": [16, 14.6584, 6.25],
			"rotation": {"angle": 0, "axis": "y", "origin": [7.65341, 13.81767, 3.84091]},
			"faces": {
				"east": {"uv": [1, 1, 5.5, 2.325], "texture": "#1", "cullface": "east"},
				"west": {"uv": [1, 0, 5.5, 1.325], "texture": "#1", "cullface": "up"},
				"up": {"uv": [1.75, 1, 0, 5.5], "texture": "#1", "cullface": "up"}
			}
		},
		{
			"from": [10.34213, 13.4082, -1.6201],
			"to": [11.33669, 14.5834, 3.3799],
			"rotation": {"angle": -45, "axis": "y", "origin": [7.65341, 13.81767, 3.84091]},
			"faces": {
				"north": {"uv": [1, 0, 1.99456, 1.25], "texture": "#0", "cullface": "up"},
				"south": {"uv": [1, 0, 1.99456, 1.25], "texture": "#0", "cullface": "up"},
				"up": {"uv": [1, 1, 1.99456, 6], "texture": "#0", "cullface": "up"}
			}
		},
		{
			"from": [11.23274, 13.4082, -0.17548],
			"to": [12.2273, 14.5834, 4.82452],
			"rotation": {"angle": -22.5, "axis": "y", "origin": [7.65341, 13.81767, 3.84091]},
			"faces": {
				"north": {"uv": [1, 0, 1.99456, 1.25], "texture": "#0", "cullface": "up"},
				"south": {"uv": [1, 0, 1.99456, 1.25], "texture": "#0", "cullface": "up"},
				"up": {"uv": [1, 1, 1.99456, 6], "texture": "#0", "cullface": "up"}
			}
		},
		{
			"from": [11.50272, 13.4082, 1.5],
			"to": [12.49728, 14.5834, 6.5],
			"rotation": {"angle": 0, "axis": "y", "origin": [7.65341, 13.81767, 3.84091]},
			"faces": {
				"up": {"uv": [1, 1, 1.99456, 6], "texture": "#0", "cullface": "up"}
			}
		},
		{
			"from": [11.11097, 13.4082, 3.15126],
			"to": [12.10553, 14.5834, 8.15126],
			"rotation": {"angle": 22.5, "axis": "y", "origin": [7.65341, 13.81767, 3.84091]},
			"faces": {
				"north": {"uv": [1, 0, 1.99456, 1.25], "texture": "#0", "cullface": "up"},
				"south": {"uv": [1, 0, 1.99456, 1.25], "texture": "#0", "cullface": "up"},
				"up": {"uv": [1, 1, 1.99456, 6], "texture": "#0", "cullface": "up"}
			}
		},
		{
			"from": [10.11714, 13.4082, 4.52691],
			"to": [11.1117, 14.5834, 9.52691],
			"rotation": {"angle": 45, "axis": "y", "origin": [7.65341, 13.81767, 3.84091]},
			"faces": {
				"north": {"uv": [1, 0, 1.99456, 1.25], "texture": "#0", "cullface": "up"},
				"south": {"uv": [1, 0, 1.99456, 1.25], "texture": "#0", "cullface": "up"},
				"up": {"uv": [1, 1, 1.99456, 6], "texture": "#0", "cullface": "up"}
			}
		},
		{
			"from": [9.23002, 13.4082, 1.82724],
			"to": [14.23002, 14.5834, 2.8218],
			"rotation": {"angle": -22.5, "axis": "y", "origin": [7.65341, 13.81767, 3.84091]},
			"faces": {
				"east": {"uv": [1, 0, 1.99456, 1.25], "texture": "#0", "cullface": "up"},
				"west": {"uv": [1, 0, 1.99456, 1.25], "texture": "#0", "cullface": "up"},
				"up": {"uv": [1, 1, 6, 1.99456], "texture": "#0", "cullface": "up"}
			}
		},
		{
			"from": [9.5, 13.4082, 3.50272],
			"to": [14.5, 14.5834, 4.49728],
			"rotation": {"angle": 0, "axis": "y", "origin": [7.65341, 13.81767, 3.84091]},
			"faces": {
				"west": {"uv": [1, 0, 1.99456, 1.25], "texture": "#0", "cullface": "up"},
				"up": {"uv": [1, 1, 6, 1.99456], "texture": "#0", "cullface": "up"}
			}
		},
		{
			"from": [9.10825, 13.4082, 5.15398],
			"to": [14.10825, 14.5834, 6.14854],
			"rotation": {"angle": 22.5, "axis": "y", "origin": [7.65341, 13.81767, 3.84091]},
			"faces": {
				"east": {"uv": [1, 0, 1.99456, 1.25], "texture": "#0", "cullface": "up"},
				"west": {"uv": [1, 0, 1.99456, 1.25], "texture": "#0", "cullface": "up"},
				"up": {"uv": [1, 1, 6, 1.99456], "texture": "#0", "cullface": "up"}
			}
		},
		{
			"from": [4.46028, 13.4082, -1.12995],
			"to": [5.45484, 14.5834, 3.87005],
			"rotation": {"angle": 45, "axis": "y", "origin": [7.65341, 13.81767, 3.84091]},
			"faces": {
				"north": {"uv": [1, 0, 1.99456, 1.25], "texture": "#0", "cullface": "up"},
				"south": {"uv": [1, 0, 1.99456, 1.25], "texture": "#0", "cullface": "up"},
				"up": {"uv": [1, 1, 1.99456, 6], "texture": "#0", "cullface": "up"}
			}
		},
		{
			"from": [3.71994, 13.4082, 0.08979],
			"to": [4.7145, 14.5834, 5.08979],
			"rotation": {"angle": 22.5, "axis": "y", "origin": [7.65341, 13.81767, 3.84091]},
			"faces": {
				"north": {"uv": [1, 0, 1.99456, 1.25], "texture": "#0", "cullface": "up"},
				"south": {"uv": [1, 0, 1.99456, 1.25], "texture": "#0", "cullface": "up"},
				"up": {"uv": [1, 1, 1.99456, 6], "texture": "#0", "cullface": "up"}
			}
		},
		{
			"from": [3.50272, 13.4082, 1.5],
			"to": [4.49728, 14.5834, 6.5],
			"rotation": {"angle": 0, "axis": "y", "origin": [7.65341, 13.81767, 3.84091]},
			"faces": {
				"up": {"uv": [1, 1, 1.99456, 6], "texture": "#0", "cullface": "up"}
			}
		},
		{
			"from": [3.8417, 13.4082, 2.88599],
			"to": [4.83626, 14.5834, 7.88599],
			"rotation": {"angle": -22.5, "axis": "y", "origin": [7.65341, 13.81767, 3.84091]},
			"faces": {
				"north": {"uv": [1, 0, 1.99456, 1.25], "texture": "#0", "cullface": "up"},
				"south": {"uv": [1, 0, 1.99456, 1.25], "texture": "#0", "cullface": "up"},
				"up": {"uv": [1, 1, 1.99456, 6], "texture": "#0", "cullface": "up"}
			}
		},
		{
			"from": [4.68527, 13.4082, 4.03675],
			"to": [5.67983, 14.5834, 9.03675],
			"rotation": {"angle": -45, "axis": "y", "origin": [7.65341, 13.81767, 3.84091]},
			"faces": {
				"north": {"uv": [1, 0, 1.99456, 1.25], "texture": "#0", "cullface": "up"},
				"south": {"uv": [1, 0, 1.99456, 1.25], "texture": "#0", "cullface": "up"},
				"up": {"uv": [1, 1, 1.99456, 6], "texture": "#0", "cullface": "up"}
			}
		},
		{
			"from": [1.71722, 13.4082, 2.09251],
			"to": [6.71722, 14.5834, 3.08707],
			"rotation": {"angle": 22.5, "axis": "y", "origin": [7.65341, 13.81767, 3.84091]},
			"faces": {
				"east": {"uv": [1, 0, 1.99456, 1.25], "texture": "#0", "cullface": "up"},
				"west": {"uv": [1, 0, 1.99456, 1.25], "texture": "#0", "cullface": "up"},
				"up": {"uv": [1, 1, 6, 1.99456], "texture": "#0", "cullface": "up"}
			}
		},
		{
			"from": [1.5, 13.4082, 3.50272],
			"to": [6.5, 14.5834, 4.49728],
			"rotation": {"angle": 0, "axis": "y", "origin": [7.65341, 13.81767, 3.84091]},
			"faces": {
				"east": {"uv": [1, 0, 1.99456, 1.25], "texture": "#0", "cullface": "up"},
				"up": {"uv": [1, 1, 6, 1.99456], "texture": "#0", "cullface": "up"}
			}
		},
		{
			"from": [1.83898, 13.4082, 4.88871],
			"to": [6.83898, 14.5834, 5.88327],
			"rotation": {"angle": -22.5, "axis": "y", "origin": [7.65341, 13.81767, 3.84091]},
			"faces": {
				"east": {"uv": [1, 0, 1.99456, 1.25], "texture": "#0", "cullface": "up"},
				"west": {"uv": [1, 0, 1.99456, 1.25], "texture": "#0", "cullface": "up"},
				"up": {"uv": [1, 1, 6, 1.99456], "texture": "#0", "cullface": "up"}
			}
		},
		{
			"from": [0, 13.4082, 14.25],
			"to": [16, 16, 16],
			"rotation": {"angle": 0, "axis": "y", "origin": [7.65341, 13.81767, 11.84091]},
			"faces": {
				"north": {"uv": [0, 0, 16, 2.6666], "texture": "#1", "cullface": "up"},
				"east": {"uv": [0, 0, 1.75, 2.6666], "texture": "#1", "cullface": "east"},
				"south": {"uv": [0, 0, 16, 2.6666], "texture": "#1", "cullface": "south"},
				"west": {"uv": [14, 0, 15.75, 2.6666], "texture": "#1", "cullface": "west"},
				"up": {"uv": [0, 14, 16, 15.75], "texture": "#1", "cullface": "up"}
			}
		},
		{
			"from": [16, 16, 14.5],
			"to": [0, 13.4084, 1.5],
			"rotation": {"angle": 0, "axis": "y", "origin": [23.65341, 15.15947, 24.34091]},
			"faces": {
				"north": {"uv": [0, 1, 16, 2.3418], "texture": "#1"},
				"east": {"uv": [1, 1, 13.5, 2.3418], "texture": "#1"},
				"south": {"uv": [0, 1, 16, 2.3418], "texture": "#1"},
				"west": {"uv": [1, 1, 13.5, 2.3418], "texture": "#1"},
				"up": {"uv": [0, 1, 16, 13.5], "texture": "#1"},
				"down": {"uv": [0, 1, 16, 13.5], "texture": "#1"}
			}
		},
		{
			"from": [0, 14.6584, 11.125],
			"to": [16, 16, 12.875],
			"rotation": {"angle": 0, "axis": "y", "origin": [7.65341, 13.81767, 11.84091]},
			"faces": {
				"north": {"uv": [0, 0, 16, 1.3416], "texture": "#1", "cullface": "up"},
				"east": {"uv": [1, 0, 2.75, 1.3416], "texture": "#1", "cullface": "east"},
				"south": {"uv": [0, 0, 16, 1.3416], "texture": "#1", "cullface": "up"},
				"west": {"uv": [1, 0, 2.75, 1.3416], "texture": "#1", "cullface": "west"},
				"up": {"uv": [0, 1, 16, 2.75], "texture": "#1", "cullface": "up"}
			}
		},
		{
			"from": [0, 13.4082, 8],
			"to": [16, 16, 9.75],
			"rotation": {"angle": 0, "axis": "y", "origin": [7.65341, 13.81767, 11.84091]},
			"faces": {
				"east": {"uv": [14, 0, 15.75, 2.6666], "texture": "#1", "cullface": "east"},
				"south": {"uv": [0, 0, 16, 2.6666], "texture": "#1", "cullface": "up"},
				"west": {"uv": [0, 0, 1.75, 2.6666], "texture": "#1", "cullface": "west"},
				"up": {"uv": [0, 0, 16, 1.75], "texture": "#1", "cullface": "up"}
			}
		},
		{
			"from": [0, 13.4082, 9.75],
			"to": [1.5, 14.6584, 14.25],
			"rotation": {"angle": 0, "axis": "y", "origin": [7.65341, 13.81767, 11.84091]},
			"faces": {
				"east": {"uv": [1, 0, 5.5, 1.325], "texture": "#1", "cullface": "up"},
				"west": {"uv": [1, 1, 5.5, 2.325], "texture": "#1", "cullface": "west"},
				"up": {"uv": [0, 1, 1.5, 5.5], "texture": "#1", "cullface": "up"}
			}
		},
		{
			"from": [14.25, 13.4082, 9.75],
			"to": [16, 14.6584, 14.25],
			"rotation": {"angle": 0, "axis": "y", "origin": [7.65341, 13.81767, 11.84091]},
			"faces": {
				"east": {"uv": [1, 1, 5.5, 2.325], "texture": "#1", "cullface": "east"},
				"west": {"uv": [1, 0, 5.5, 1.325], "texture": "#1", "cullface": "up"},
				"up": {"uv": [1.75, 1, 0, 5.5], "texture": "#1", "cullface": "up"}
			}
		},
		{
			"from": [10.34213, 13.4082, 6.3799],
			"to": [11.33669, 14.5834, 11.3799],
			"rotation": {"angle": -45, "axis": "y", "origin": [7.65341, 13.81767, 11.84091]},
			"faces": {
				"north": {"uv": [1, 0, 1.99456, 1.25], "texture": "#0", "cullface": "up"},
				"south": {"uv": [1, 0, 1.99456, 1.25], "texture": "#0", "cullface": "up"},
				"up": {"uv": [1, 1, 1.99456, 6], "texture": "#0", "cullface": "up"}
			}
		},
		{
			"from": [11.23274, 13.4082, 7.82452],
			"to": [12.2273, 14.5834, 12.82452],
			"rotation": {"angle": -22.5, "axis": "y", "origin": [7.65341, 13.81767, 11.84091]},
			"faces": {
				"north": {"uv": [1, 0, 1.99456, 1.25], "texture": "#0", "cullface": "up"},
				"south": {"uv": [1, 0, 1.99456, 1.25], "texture": "#0", "cullface": "up"},
				"up": {"uv": [1, 1, 1.99456, 6], "texture": "#0", "cullface": "up"}
			}
		},
		{
			"from": [11.50272, 13.4082, 9.5],
			"to": [12.49728, 14.5834, 14.5],
			"rotation": {"angle": 0, "axis": "y", "origin": [7.65341, 13.81767, 11.84091]},
			"faces": {
				"up": {"uv": [1, 1, 1.99456, 6], "texture": "#0", "cullface": "up"}
			}
		},
		{
			"from": [11.11097, 13.4082, 11.15126],
			"to": [12.10553, 14.5834, 16.15126],
			"rotation": {"angle": 22.5, "axis": "y", "origin": [7.65341, 13.81767, 11.84091]},
			"faces": {
				"north": {"uv": [1, 0, 1.99456, 1.25], "texture": "#0", "cullface": "up"},
				"south": {"uv": [1, 0, 1.99456, 1.25], "texture": "#0", "cullface": "up"},
				"up": {"uv": [1, 1, 1.99456, 6], "texture": "#0", "cullface": "up"}
			}
		},
		{
			"from": [10.11714, 13.4082, 12.52691],
			"to": [11.1117, 14.5834, 17.52691],
			"rotation": {"angle": 45, "axis": "y", "origin": [7.65341, 13.81767, 11.84091]},
			"faces": {
				"north": {"uv": [1, 0, 1.99456, 1.25], "texture": "#0", "cullface": "up"},
				"south": {"uv": [1, 0, 1.99456, 1.25], "texture": "#0", "cullface": "up"},
				"up": {"uv": [1, 1, 1.99456, 6], "texture": "#0", "cullface": "up"}
			}
		},
		{
			"from": [9.23002, 13.4082, 9.82724],
			"to": [14.23002, 14.5834, 10.8218],
			"rotation": {"angle": -22.5, "axis": "y", "origin": [7.65341, 13.81767, 11.84091]},
			"faces": {
				"east": {"uv": [1, 0, 1.99456, 1.25], "texture": "#0", "cullface": "up"},
				"west": {"uv": [1, 0, 1.99456, 1.25], "texture": "#0", "cullface": "up"},
				"up": {"uv": [1, 1, 6, 1.99456], "texture": "#0", "cullface": "up"}
			}
		},
		{
			"from": [9.5, 13.4082, 11.50272],
			"to": [14.5, 14.5834, 12.49728],
			"rotation": {"angle": 0, "axis": "y", "origin": [7.65341, 13.81767, 11.84091]},
			"faces": {
				"west": {"uv": [1, 0, 1.99456, 1.25], "texture": "#0", "cullface": "up"},
				"up": {"uv": [1, 1, 6, 1.99456], "texture": "#0", "cullface": "up"}
			}
		},
		{
			"from": [9.10825, 13.4082, 13.15398],
			"to": [14.10825, 14.5834, 14.14854],
			"rotation": {"angle": 22.5, "axis": "y", "origin": [7.65341, 13.81767, 11.84091]},
			"faces": {
				"east": {"uv": [1, 0, 1.99456, 1.25], "texture": "#0", "cullface": "up"},
				"west": {"uv": [1, 0, 1.99456, 1.25], "texture": "#0", "cullface": "up"},
				"up": {"uv": [1, 1, 6, 1.99456], "texture": "#0", "cullface": "up"}
			}
		},
		{
			"from": [4.46028, 13.4082, 6.87005],
			"to": [5.45484, 14.5834, 11.87005],
			"rotation": {"angle": 45, "axis": "y", "origin": [7.65341, 13.81767, 11.84091]},
			"faces": {
				"north": {"uv": [1, 0, 1.99456, 1.25], "texture": "#0", "cullface": "up"},
				"south": {"uv": [1, 0, 1.99456, 1.25], "texture": "#0", "cullface": "up"},
				"up": {"uv": [1, 1, 1.99456, 6], "texture": "#0", "cullface": "up"}
			}
		},
		{
			"from": [3.71994, 13.4082, 8.08979],
			"to": [4.7145, 14.5834, 13.08979],
			"rotation": {"angle": 22.5, "axis": "y", "origin": [7.65341, 13.81767, 11.84091]},
			"faces": {
				"north": {"uv": [1, 0, 1.99456, 1.25], "texture": "#0", "cullface": "up"},
				"south": {"uv": [1, 0, 1.99456, 1.25], "texture": "#0", "cullface": "up"},
				"up": {"uv": [1, 1, 1.99456, 6], "texture": "#0", "cullface": "up"}
			}
		},
		{
			"from": [3.50272, 13.4082, 9.5],
			"to": [4.49728, 14.5834, 14.5],
			"rotation": {"angle": 0, "axis": "y", "origin": [7.65341, 13.81767, 11.84091]},
			"faces": {
				"up": {"uv": [1, 1, 1.99456, 6], "texture": "#0", "cullface": "up"}
			}
		},
		{
			"from": [3.8417, 13.4082, 10.88599],
			"to": [4.83626, 14.5834, 15.88599],
			"rotation": {"angle": -22.5, "axis": "y", "origin": [7.65341, 13.81767, 11.84091]},
			"faces": {
				"north": {"uv": [1, 0, 1.99456, 1.25], "texture": "#0", "cullface": "up"},
				"south": {"uv": [1, 0, 1.99456, 1.25], "texture": "#0", "cullface": "up"},
				"up": {"uv": [1, 1, 1.99456, 6], "texture": "#0", "cullface": "up"}
			}
		},
		{
			"from": [4.68527, 13.4082, 12.03675],
			"to": [5.67983, 14.5834, 17.03675],
			"rotation": {"angle": -45, "axis": "y", "origin": [7.65341, 13.81767, 11.84091]},
			"faces": {
				"north": {"uv": [1, 0, 1.99456, 1.25], "texture": "#0", "cullface": "up"},
				"south": {"uv": [1, 0, 1.99456, 1.25], "texture": "#0", "cullface": "up"},
				"up": {"uv": [1, 1, 1.99456, 6], "texture": "#0", "cullface": "up"}
			}
		},
		{
			"from": [1.71722, 13.4082, 10.09251],
			"to": [6.71722, 14.5834, 11.08707],
			"rotation": {"angle": 22.5, "axis": "y", "origin": [7.65341, 13.81767, 11.84091]},
			"faces": {
				"east": {"uv": [1, 0, 1.99456, 1.25], "texture": "#0", "cullface": "up"},
				"west": {"uv": [1, 0, 1.99456, 1.25], "texture": "#0", "cullface": "up"},
				"up": {"uv": [1, 1, 6, 1.99456], "texture": "#0", "cullface": "up"}
			}
		},
		{
			"from": [1.5, 13.4082, 11.50272],
			"to": [6.5, 14.5834, 12.49728],
			"rotation": {"angle": 0, "axis": "y", "origin": [7.65341, 13.81767, 11.84091]},
			"faces": {
				"east": {"uv": [1, 0, 1.99456, 1.25], "texture": "#0", "cullface": "up"},
				"up": {"uv": [1, 1, 6, 1.99456], "texture": "#0", "cullface": "up"}
			}
		},
		{
			"from": [1.83898, 13.4082, 12.88871],
			"to": [6.83898, 14.5834, 13.88327],
			"rotation": {"angle": -22.5, "axis": "y", "origin": [7.65341, 13.81767, 11.84091]},
			"faces": {
				"east": {"uv": [1, 0, 1.99456, 1.25], "texture": "#0", "cullface": "up"},
				"west": {"uv": [1, 0, 1.99456, 1.25], "texture": "#0", "cullface": "up"},
				"up": {"uv": [1, 1, 6, 1.99456], "texture": "#0", "cullface": "up"}
			}
		}
	],
	"display": {
		"thirdperson_righthand": {
			"rotation": [75, 45, 0],
			"translation": [0, 2.5, 0],
			"scale": [0.375, 0.375, 0.375]
		},
		"thirdperson_lefthand": {
			"rotation": [75, 45, 0],
			"translation": [0, 2.5, 0],
			"scale": [-0.375, 0.375, 0.375]
		},
		"firstperson_righthand": {
			"rotation": [0, 45, 0],
			"scale": [0.4, 0.4, 0.4]
		},
		"firstperson_lefthand": {
			"rotation": [0, 225, 0],
			"scale": [0.4, 0.4, 0.4]
		},
		"ground": {
			"translation": [0, 3, 0],
			"scale": [0.25, 0.25, 0.25]
		},
		"gui": {
			"rotation": [30, 135, 0],
			"scale": [0.625, 0.625, 0.625]
		},
		"fixed": {
			"scale": [0.5, 0.5, 0.5]
		}
	},
	"groups": [0, 1, 2, 3, 4, 5, 6, 7, 8, 9, 10, 11, 12,
		{
			"name": "circle_bottom",
			"origin": [8, 8, 8],
			"color": 0,
			"children": [
				{
					"name": "hexadecagon",
					"origin": [8, 8, 8],
					"color": 0,
					"children": [13, 14, 15, 16, 17, 18, 19, 20, 21, 22, 23, 24, 25, 26, 27, 28]
				}
			]
		},
		{
			"name": "grooves",
			"origin": [8, 8, 8],
			"color": 0,
			"children": [29, 30, 31, 32, 33,
				{
					"name": "studs",
					"origin": [8, 8, 8],
					"color": 0,
					"children": [
						{
							"name": "stud",
							"origin": [8, 8, 8],
							"color": 0,
							"children": [34, 35, 36, 37, 38, 39, 40, 41]
						},
						{
							"name": "stud",
							"origin": [8, 8, 8],
							"color": 0,
							"children": [42, 43, 44, 45, 46, 47, 48, 49]
						}
					]
				}
			]
		},
		{
			"name": "grooves",
			"origin": [8, 8, 8],
			"color": 0,
			"children": [50, 51, 52, 53, 54, 55,
				{
					"name": "studs",
					"origin": [8, 8, 8],
					"color": 0,
					"children": [
						{
							"name": "stud",
							"origin": [8, 8, 8],
							"color": 0,
							"children": [56, 57, 58, 59, 60, 61, 62, 63]
						},
						{
							"name": "stud",
							"origin": [8, 8, 8],
							"color": 0,
							"children": [64, 65, 66, 67, 68, 69, 70, 71]
						}
					]
				}
			]
		}
	]
}