{
	"credit": "AlexTestria | https://alex-bauerndistel.de",
	"textures": {
		"particle": "#0"
	},
	"elements": [
		{
			"from": [4, 13.334, 4],
			"to": [12, 13.409, 12],
			"rotation": {"angle": 0, "axis": "y", "origin": [0, 10.668, 0]},
			"faces": {
				"north": {"uv": [4, 1, 12, 1.075], "texture": "#5"},
				"east": {"uv": [4, 1, 12, 1.075], "texture": "#5"},
				"south": {"uv": [4, 1, 12, 1.075], "texture": "#5"},
				"west": {"uv": [4, 1, 12, 1.075], "texture": "#5"}
			}
		},
		{
			"from": [4, 0, 4],
			"to": [12, 0.075, 12],
			"rotation": {"angle": 0, "axis": "y", "origin": [0, -2.666, 0]},
			"faces": {
				"north": {"uv": [4, 1, 12, 1.075], "texture": "#4"},
				"east": {"uv": [4, 1, 12, 1.075], "texture": "#4"},
				"south": {"uv": [4, 1, 12, 1.075], "texture": "#4"},
				"west": {"uv": [4, 1, 12, 1.075], "texture": "#4"},
				"down": {"uv": [4, 4, 12, 12], "texture": "#4", "cullface": "down"}
			}
		},
		{
			"from": [4, 0.075, 4],
			"to": [12, 2.741, 12],
			"faces": {
				"north": {"uv": [4, 0, 12, 2.666], "texture": "#1"},
				"east": {"uv": [4, 0, 12, 2.666], "texture": "#1"},
				"south": {"uv": [4, 0, 12, 2.666], "texture": "#1"},
				"west": {"uv": [4, 0, 12, 2.666], "texture": "#1"},
				"up": {"uv": [4, 4, 12, 12], "texture": "#1"}
			}
		},
		{
			"from": [4, 10.7406, 4],
			"to": [12, 13.334, 12],
			"rotation": {"angle": 0, "axis": "y", "origin": [0, 10.593, 0]},
			"faces": {
				"north": {"uv": [4, 0, 12, 2.666], "texture": "#0"},
				"east": {"uv": [4, 0, 12, 2.666], "texture": "#0"},
				"south": {"uv": [4, 0, 12, 2.666], "texture": "#0"},
				"west": {"uv": [4, 0, 12, 2.666], "texture": "#0"},
				"down": {"uv": [4, 4, 12, 12], "texture": "#0"}
			}
		},
		{
			"from": [4, 5.4078, 4],
			"to": [12, 8.0738, 12],
			"rotation": {"angle": 0, "axis": "y", "origin": [0, 5.3328, 0]},
			"faces": {
				"north": {"uv": [4, 0, 12, 2.666], "texture": "#0"},
				"east": {"uv": [4, 0, 12, 2.666], "texture": "#0"},
				"south": {"uv": [4, 0, 12, 2.666], "texture": "#0"},
				"west": {"uv": [4, 0, 12, 2.666], "texture": "#0"},
				"up": {"uv": [4, 4, 12, 12], "texture": "#0"},
				"down": {"uv": [4, 4, 12, 12], "texture": "#0"}
			}
		},
		{
			"from": [4, 13.409, 4],
			"to": [12, 16, 12],
			"rotation": {"angle": 0, "axis": "y", "origin": [0, 0.334, 0]},
			"faces": {
				"north": {"uv": [4, 0, 12, 2.591], "texture": "#2"},
				"east": {"uv": [4, 0, 12, 2.591], "texture": "#2"},
				"south": {"uv": [4, 0, 12, 2.591], "texture": "#2"},
				"west": {"uv": [4, 0, 12, 2.591], "texture": "#2"},
				"up": {"uv": [4, 4, 12, 12], "texture": "#2", "cullface": "up"}
			}
		},
		{
			"from": [7.50272, 16, 5.5],
			"to": [8.49728, 17.25, 10.5],
			"rotation": {"angle": -45, "axis": "y", "origin": [8, 16.5, 8]},
			"faces": {
				"north": {"uv": [1, 0, 1.99456, 1.25], "texture": "#2", "cullface": "up"},
				"south": {"uv": [1, 0, 1.99456, 1.25], "texture": "#2", "cullface": "up"},
				"up": {"uv": [1, 1, 1.99456, 6], "texture": "#2", "cullface": "up"}
			}
		},
		{
			"from": [7.50272, 16, 5.5],
			"to": [8.49728, 17.25, 10.5],
			"rotation": {"angle": -22.5, "axis": "y", "origin": [8, 16.5, 8]},
			"faces": {
				"north": {"uv": [1, 0, 1.99456, 1.25], "texture": "#2", "cullface": "up"},
				"south": {"uv": [1, 0, 1.99456, 1.25], "texture": "#2", "cullface": "up"},
				"up": {"uv": [1, 1, 1.99456, 6], "texture": "#2", "cullface": "up"}
			}
		},
		{
			"from": [7.50272, 16, 5.5],
			"to": [8.49728, 17.25, 10.5],
			"rotation": {"angle": 0, "axis": "y", "origin": [8, 16.5, 8]},
			"faces": {
				"north": {"uv": [1, 0, 1.99456, 1.25], "texture": "#2", "cullface": "up"},
				"south": {"uv": [1, 0, 1.99456, 1.25], "texture": "#2", "cullface": "up"},
				"up": {"uv": [1, 1, 1.99456, 6], "texture": "#2", "cullface": "up"}
			}
		},
		{
			"from": [7.50272, 16, 5.5],
			"to": [8.49728, 17.25, 10.5],
			"rotation": {"angle": 22.5, "axis": "y", "origin": [8, 16.5, 8]},
			"faces": {
				"north": {"uv": [1, 0, 1.99456, 1.25], "texture": "#2", "cullface": "up"},
				"south": {"uv": [1, 0, 1.99456, 1.25], "texture": "#2", "cullface": "up"},
				"up": {"uv": [1, 1, 1.99456, 6], "texture": "#2", "cullface": "up"}
			}
		},
		{
			"from": [7.50272, 16, 5.5],
			"to": [8.49728, 17.25, 10.5],
			"rotation": {"angle": 45, "axis": "y", "origin": [8, 16.5, 8]},
			"faces": {
				"north": {"uv": [1, 0, 1.99456, 1.25], "texture": "#2", "cullface": "up"},
				"south": {"uv": [1, 0, 1.99456, 1.25], "texture": "#2", "cullface": "up"},
				"up": {"uv": [1, 1, 1.99456, 6], "texture": "#2", "cullface": "up"}
			}
		},
		{
			"from": [5.5, 16, 7.50272],
			"to": [10.5, 17.25, 8.49728],
			"rotation": {"angle": -22.5, "axis": "y", "origin": [8, 16.5, 8]},
			"faces": {
				"east": {"uv": [1, 0, 1.99456, 1.25], "texture": "#2", "cullface": "up"},
				"west": {"uv": [1, 0, 1.99456, 1.25], "texture": "#2", "cullface": "up"},
				"up": {"uv": [1, 1, 6, 1.99456], "texture": "#2", "cullface": "up"}
			}
		},
		{
			"from": [5.5, 16, 7.50272],
			"to": [10.5, 17.25, 8.49728],
			"rotation": {"angle": 0, "axis": "y", "origin": [8, 16.5, 8]},
			"faces": {
				"east": {"uv": [1, 0, 1.99456, 1.25], "texture": "#2", "cullface": "up"},
				"west": {"uv": [1, 0, 1.99456, 1.25], "texture": "#2", "cullface": "up"},
				"up": {"uv": [1, 1, 6, 1.99456], "texture": "#2", "cullface": "up"}
			}
		},
		{
			"from": [5.5, 16, 7.50272],
			"to": [10.5, 17.25, 8.49728],
			"rotation": {"angle": 22.5, "axis": "y", "origin": [8, 16.5, 8]},
			"faces": {
				"east": {"uv": [1, 0, 1.99456, 1.25], "texture": "#2", "cullface": "up"},
				"west": {"uv": [1, 0, 1.99456, 1.25], "texture": "#2", "cullface": "up"},
				"up": {"uv": [1, 1, 6, 1.99456], "texture": "#2", "cullface": "up"}
			}
		},
		{
			"from": [6.34315, 4.4078, 4],
			"to": [9.65685, 5.4078, 12],
			"rotation": {"angle": 45, "axis": "y", "origin": [8, 10.741, 8]},
			"faces": {
				"north": {"uv": [1, 0, 4.31371, 1], "texture": "#3"},
				"south": {"uv": [1, 0, 4.31371, 1], "texture": "#3"},
				"down": {"uv": [1, 1, 4.31371, 9], "texture": "#3"}
			}
		},
		{
			"from": [6.34315, 4.4078, 4],
			"to": [9.65685, 5.4078, 12],
			"rotation": {"angle": 0, "axis": "y", "origin": [8, 10.741, 8]},
			"faces": {
				"north": {"uv": [1, 0, 4.31371, 1], "texture": "#3"},
				"south": {"uv": [1, 0, 4.31371, 1], "texture": "#3"},
				"down": {"uv": [1, 1, 4.31371, 9], "texture": "#3"}
			}
		},
		{
			"from": [4, 4.4078, 6.34315],
			"to": [12, 5.4078, 9.65685],
			"rotation": {"angle": 45, "axis": "y", "origin": [8, 10.741, 8]},
			"faces": {
				"east": {"uv": [1, 0, 4.31371, 1], "texture": "#3"},
				"west": {"uv": [1, 0, 4.31371, 1], "texture": "#3"},
				"down": {"uv": [1, 1, 9, 4.31371], "texture": "#3"}
			}
		},
		{
			"from": [4, 4.4078, 6.34315],
			"to": [12, 5.4078, 9.65685],
			"rotation": {"angle": 0, "axis": "y", "origin": [8, 10.741, 8]},
			"faces": {
				"east": {"uv": [1, 0, 4.31371, 1], "texture": "#3"},
				"west": {"uv": [1, 0, 4.31371, 1], "texture": "#3"},
				"down": {"uv": [1, 1, 9, 4.31371], "texture": "#3"}
			}
		},
		{
			"from": [6.65381, 2.741, 4.75],
			"to": [9.34619, 4.491, 11.25],
			"rotation": {"angle": 22.5, "axis": "y", "origin": [8, 3.241, 8]},
			"faces": {
				"north": {"uv": [1, 14.25, 3.69239, 16], "texture": "#3"},
				"south": {"uv": [1, 14.25, 3.69239, 16], "texture": "#3"}
			}
		},
		{
			"from": [6.65381, 2.741, 4.75],
			"to": [9.34619, 4.491, 11.25],
			"rotation": {"angle": -22.5, "axis": "y", "origin": [8, 3.241, 8]},
			"faces": {
				"north": {"uv": [1, 14.25, 3.69239, 16], "texture": "#3"},
				"south": {"uv": [1, 14.25, 3.69239, 16], "texture": "#3"}
			}
		},
		{
			"from": [4.75, 2.741, 6.65381],
			"to": [11.25, 4.491, 9.34619],
			"rotation": {"angle": 22.5, "axis": "y", "origin": [8, 3.241, 8]},
			"faces": {
				"east": {"uv": [1, 14.25, 3.69239, 16], "texture": "#3"},
				"west": {"uv": [1, 14.25, 3.69239, 16], "texture": "#3"}
			}
		},
		{
			"from": [4.75, 2.741, 6.65381],
			"to": [11.25, 4.491, 9.34619],
			"rotation": {"angle": -22.5, "axis": "y", "origin": [8, 3.241, 8]},
			"faces": {
				"east": {"uv": [1, 14.25, 3.69239, 16], "texture": "#3"},
				"west": {"uv": [1, 14.25, 3.69239, 16], "texture": "#3"}
			}
		},
		{
			"from": [6.34315, 9.7406, 4],
			"to": [9.65685, 10.7406, 12],
			"rotation": {"angle": 45, "axis": "y", "origin": [8, 16.0738, 8]},
			"faces": {
				"north": {"uv": [1, 0, 4.31371, 1], "texture": "#3"},
				"south": {"uv": [1, 0, 4.31371, 1], "texture": "#3"},
				"down": {"uv": [1, 1, 4.31371, 9], "texture": "#3"}
			}
		},
		{
			"from": [6.34315, 9.7406, 4],
			"to": [9.65685, 10.7406, 12],
			"rotation": {"angle": 0, "axis": "y", "origin": [8, 16.0738, 8]},
			"faces": {
				"north": {"uv": [1, 0, 4.31371, 1], "texture": "#3"},
				"south": {"uv": [1, 0, 4.31371, 1], "texture": "#3"},
				"down": {"uv": [1, 1, 4.31371, 9], "texture": "#3"}
			}
		},
		{
			"from": [4, 9.7406, 6.34315],
			"to": [12, 10.7406, 9.65685],
			"rotation": {"angle": 45, "axis": "y", "origin": [8, 16.0738, 8]},
			"faces": {
				"east": {"uv": [1, 0, 4.31371, 1], "texture": "#3"},
				"west": {"uv": [1, 0, 4.31371, 1], "texture": "#3"},
				"down": {"uv": [1, 1, 9, 4.31371], "texture": "#3"}
			}
		},
		{
			"from": [4, 9.7406, 6.34315],
			"to": [12, 10.7406, 9.65685],
			"rotation": {"angle": 0, "axis": "y", "origin": [8, 16.0738, 8]},
			"faces": {
				"east": {"uv": [1, 0, 4.31371, 1], "texture": "#3"},
				"west": {"uv": [1, 0, 4.31371, 1], "texture": "#3"},
				"down": {"uv": [1, 1, 9, 4.31371], "texture": "#3"}
			}
		},
		{
			"from": [6.65381, 8.0738, 4.75],
			"to": [9.34619, 9.8238, 11.25],
			"rotation": {"angle": 22.5, "axis": "y", "origin": [8, 8.5738, 8]},
			"faces": {
				"north": {"uv": [1, 14.25, 3.69239, 16], "texture": "#3"},
				"south": {"uv": [1, 14.25, 3.69239, 16], "texture": "#3"}
			}
		},
		{
			"from": [6.65381, 8.0738, 4.75],
			"to": [9.34619, 9.8238, 11.25],
			"rotation": {"angle": -22.5, "axis": "y", "origin": [8, 8.5738, 8]},
			"faces": {
				"north": {"uv": [1, 14.25, 3.69239, 16], "texture": "#3"},
				"south": {"uv": [1, 14.25, 3.69239, 16], "texture": "#3"}
			}
		},
		{
			"from": [4.75, 8.0738, 6.65381],
			"to": [11.25, 9.8238, 9.34619],
			"rotation": {"angle": 22.5, "axis": "y", "origin": [8, 8.5738, 8]},
			"faces": {
				"east": {"uv": [1, 14.25, 3.69239, 16], "texture": "#3"},
				"west": {"uv": [1, 14.25, 3.69239, 16], "texture": "#3"}
			}
		},
		{
			"from": [4.75, 8.0738, 6.65381],
			"to": [11.25, 9.8238, 9.34619],
			"rotation": {"angle": -22.5, "axis": "y", "origin": [8, 8.5738, 8]},
			"faces": {
				"east": {"uv": [1, 14.25, 3.69239, 16], "texture": "#3"},
				"west": {"uv": [1, 14.25, 3.69239, 16], "texture": "#3"}
			}
		}
	],
	"display": {
		"thirdperson_righthand": {
			"rotation": [75, 45, 0],
			"translation": [0, 2.5, 0],
			"scale": [0.375, 0.375, 0.375]
		},
		"thirdperson_lefthand": {
			"rotation": [75, 45, 0],
			"translation": [0, 2.5, 0],
			"scale": [0.375, 0.375, 0.375]
		},
		"firstperson_righthand": {
			"rotation": [0, 45, 0],
			"scale": [0.4, 0.4, 0.4]
		},
		"firstperson_lefthand": {
			"rotation": [0, 225, 0],
			"scale": [0.4, 0.4, 0.4]
		},
		"ground": {
			"translation": [0, 3, 0],
			"scale": [0.25, 0.25, 0.25]
		},
		"gui": {
			"rotation": [30, 225, 0],
			"scale": [0.625, 0.625, 0.625]
		},
		"head": {
			"translation": [0, 14.5, 0]
		},
		"fixed": {
			"scale": [0.5, 0.5, 0.5]
		}
	},
	"groups": [0, 1, 2, 3, 4, 5,
		{
			"name": "stud",
			"origin": [8, 8, 8],
			"color": 0,
			"children": [6, 7, 8, 9, 10, 11, 12, 13]
		},
		{
			"name": "small_round1x1_simple",
			"origin": [8, 8, 8],
			"color": 0,
			"children": [
				{
					"name": "center",
					"origin": [8, 8, 8],
					"color": 0,
					"children": [14, 15, 16, 17]
				},
				{
					"name": "bottom",
					"origin": [8, 8, 8],
					"color": 0,
					"children": [18, 19, 20, 21]
				}
			]
		},
		{
			"name": "small_round1x1_simple",
			"origin": [8, 8, 8],
			"color": 0,
			"children": [
				{
					"name": "center",
					"origin": [8, 8, 8],
					"color": 0,
					"children": [22, 23, 24, 25]
				},
				{
					"name": "bottom",
					"origin": [8, 8, 8],
					"color": 0,
					"children": [26, 27, 28, 29]
				}
			]
		}
	]
}