{
	"credit": "AlexTestria | https://alex-bauerndistel.de",
	"textures": {
		"particle": "#0"
	},
	"elements": [
		{
			"from": [0, 0.075, 0],
			"to": [8, 16, 8],
			"rotation": {"angle": 0, "axis": "y", "origin": [8, 8.0375, 8]},
			"faces": {
				"north": {"uv": [8, 0, 16, 15.925], "texture": "#3", "cullface": "north"},
				"west": {"uv": [16, 0, 8, 15.925], "texture": "#3", "cullface": "west"},
				"up": {"uv": [0, 0, 8, 8], "texture": "#0", "cullface": "up"}
			}
		},
		{
			"from": [7, 2.6666, 15],
			"to": [1, 0.075, 9],
			"rotation": {"angle": 0, "axis": "y", "origin": [14, 10.5541, 15]},
			"faces": {
				"north": {"uv": [9, 0, 15, 2.5916], "texture": "#3", "cullface": "down"},
				"east": {"uv": [9, 0, 15, 2.5916], "texture": "#3", "cullface": "down"},
				"south": {"uv": [9, 0, 15, 2.5916], "texture": "#3", "cullface": "down"},
				"west": {"uv": [9, 0, 15, 2.5916], "texture": "#3", "cullface": "down"},
				"down": {"uv": [1, 1, 7, 7], "texture": "#0", "cullface": "down"}
			}
		},
		{
			"from": [15, 2.6666, 7],
			"to": [9, 0.075, 1],
			"rotation": {"angle": 0, "axis": "y", "origin": [14, 10.5541, 15]},
			"faces": {
				"north": {"uv": [9, 0, 15, 2.5916], "texture": "#3", "cullface": "down"},
				"east": {"uv": [9, 0, 15, 2.5916], "texture": "#3", "cullface": "down"},
				"south": {"uv": [9, 0, 15, 2.5916], "texture": "#3", "cullface": "down"},
				"west": {"uv": [9, 0, 15, 2.5916], "texture": "#3", "cullface": "down"},
				"down": {"uv": [1, 1, 7, 7], "texture": "#0", "cullface": "down"}
			}
		},
		{
			"from": [15, 2.6666, 15],
			"to": [9, 0.075, 9],
			"rotation": {"angle": 0, "axis": "y", "origin": [14, 10.5541, 15]},
			"faces": {
				"north": {"uv": [1, 0, 7, 2.5916], "texture": "#3", "cullface": "down"},
				"east": {"uv": [1, 0, 7, 2.5916], "texture": "#3", "cullface": "down"},
				"south": {"uv": [1, 0, 7, 2.5916], "texture": "#3", "cullface": "down"},
				"west": {"uv": [1, 0, 7, 2.5916], "texture": "#3", "cullface": "down"},
				"down": {"uv": [1, 1, 7, 7], "texture": "#1", "cullface": "down"}
			}
		},
		{
			"from": [7, 2.6666, 7],
			"to": [1, 0.075, 1],
			"rotation": {"angle": 0, "axis": "y", "origin": [14, 10.5541, 15]},
			"faces": {
				"north": {"uv": [1, 0, 7, 2.5916], "texture": "#3", "cullface": "down"},
				"east": {"uv": [1, 0, 7, 2.5916], "texture": "#3", "cullface": "down"},
				"south": {"uv": [1, 0, 7, 2.5916], "texture": "#3", "cullface": "down"},
				"west": {"uv": [1, 0, 7, 2.5916], "texture": "#3", "cullface": "down"},
				"down": {"uv": [1, 1, 7, 7], "texture": "#1", "cullface": "down"}
			}
		},
		{
			"from": [8, 0.075, 8],
			"to": [16, 16, 16],
			"rotation": {"angle": 0, "axis": "y", "origin": [8, 8.0375, 8]},
			"faces": {
				"east": {"uv": [16, 0, 8, 15.925], "texture": "#3", "cullface": "east"},
				"south": {"uv": [8, 0, 16, 15.925], "texture": "#3", "cullface": "south"},
				"up": {"uv": [8, 8, 16, 16], "texture": "#0", "cullface": "up"}
			}
		},
		{
			"from": [8, 0.075, 0],
			"to": [16, 16, 8],
			"rotation": {"angle": 0, "axis": "y", "origin": [8, 8.0375, 8]},
			"faces": {
				"north": {"uv": [0, 0, 8, 15.925], "texture": "#3", "cullface": "north"},
				"east": {"uv": [8, 0, 0, 15.925], "texture": "#3", "cullface": "east"},
				"up": {"uv": [8, 0, 16, 8], "texture": "#1", "cullface": "up"}
			}
		},
		{
			"from": [0, 0.075, 8],
			"to": [8, 16, 16],
			"rotation": {"angle": 0, "axis": "y", "origin": [8, 8.0375, 8]},
			"faces": {
				"south": {"uv": [0, 0, 8, 15.925], "texture": "#3", "cullface": "south"},
				"west": {"uv": [8, 0, 0, 15.925], "texture": "#3", "cullface": "west"},
				"up": {"uv": [0, 8, 8, 16], "texture": "#1", "cullface": "up"}
			}
		},
		{
			"from": [0, 0, 0],
			"to": [16, 0.075, 1],
			"rotation": {"angle": 0, "axis": "y", "origin": [16, 0, 0]},
			"faces": {
				"north": {"uv": [0, 15.925, 16, 16], "texture": "#3", "cullface": "north"},
				"south": {"uv": [16, 15.925, 0, 16], "texture": "#3", "cullface": "down"},
				"down": {"uv": [0, 15, 16, 16], "texture": "#2", "cullface": "down"}
			}
		},
		{
			"from": [15, 0, 0],
			"to": [16, 0.075, 16],
			"rotation": {"angle": 0, "axis": "y", "origin": [16, 0, 0]},
			"faces": {
				"east": {"uv": [16, 15.925, 0, 16], "texture": "#3", "cullface": "east"},
				"west": {"uv": [0, 15.925, 16, 16], "texture": "#3", "cullface": "down"},
				"down": {"uv": [15, 0, 16, 16], "texture": "#2", "cullface": "down"}
			}
		},
		{
			"from": [0, 0, 0],
			"to": [1, 0.075, 16],
			"rotation": {"angle": 0, "axis": "y", "origin": [16, 0, 0]},
			"faces": {
				"east": {"uv": [0, 15.925, 16, 16], "texture": "#3", "cullface": "down"},
				"west": {"uv": [16, 15.925, 0, 16], "texture": "#3", "cullface": "west"},
				"down": {"uv": [0, 0, 1, 16], "texture": "#2", "cullface": "down"}
			}
		},
		{
			"from": [0, 0, 15],
			"to": [16, 0.075, 16],
			"rotation": {"angle": 0, "axis": "y", "origin": [16, 0, 0]},
			"faces": {
				"north": {"uv": [16, 15.925, 0, 16], "texture": "#3", "cullface": "down"},
				"south": {"uv": [0, 15.925, 16, 16], "texture": "#3", "cullface": "south"},
				"down": {"uv": [0, 0, 16, 1], "texture": "#2", "cullface": "down"}
			}
		},
		{
			"from": [7, 0, 1],
			"to": [9, 0.075, 15],
			"rotation": {"angle": 0, "axis": "y", "origin": [16, 0, 0]},
			"faces": {
				"east": {"uv": [1, 15.925, 15, 16], "texture": "#3", "cullface": "down"},
				"west": {"uv": [1, 15.925, 15, 16], "texture": "#3", "cullface": "down"},
				"down": {"uv": [7, 1, 9, 15], "texture": "#2", "cullface": "down"}
			}
		},
		{
			"from": [1, 0, 7],
			"to": [15, 0.075, 9],
			"rotation": {"angle": 0, "axis": "y", "origin": [8, 0.0375, 8]},
			"faces": {
				"north": {"uv": [1, 15.925, 15, 16], "texture": "#3", "cullface": "down"},
				"south": {"uv": [1, 15.925, 15, 16], "texture": "#3", "cullface": "down"},
				"down": {"uv": [1, 7, 15, 9], "texture": "#2", "cullface": "down"}
			}
		},
		{
			"from": [10.96447, 16, 1.5],
			"to": [13.03553, 17.25, 6.5],
			"rotation": {"angle": 22.5, "axis": "y", "origin": [12, 16.625, 4]},
			"faces": {
				"north": {"uv": [1, 0, 3.07106, 1.25], "texture": "#1", "cullface": "up"},
				"south": {"uv": [1, 0, 3.07106, 1.25], "texture": "#1", "cullface": "up"},
				"up": {"uv": [1, 1, 3.07106, 6], "texture": "#1", "cullface": "up"}
			}
		},
		{
			"from": [10.96447, 16, 1.5],
			"to": [13.03553, 17.25, 6.5],
			"rotation": {"angle": -22.5, "axis": "y", "origin": [12, 16.625, 4]},
			"faces": {
				"north": {"uv": [1, 0, 3.07106, 1.25], "texture": "#1", "cullface": "up"},
				"south": {"uv": [1, 0, 3.07106, 1.25], "texture": "#1", "cullface": "up"},
				"up": {"uv": [1, 1, 3.07106, 6], "texture": "#1", "cullface": "up"}
			}
		},
		{
			"from": [9.5, 16, 2.96447],
			"to": [14.5, 17.25, 5.03553],
			"rotation": {"angle": 22.5, "axis": "y", "origin": [12, 16.625, 4]},
			"faces": {
				"east": {"uv": [1, 0, 3.07106, 1.25], "texture": "#1", "cullface": "up"},
				"west": {"uv": [1, 0, 3.07106, 1.25], "texture": "#1", "cullface": "up"},
				"up": {"uv": [1, 1, 6, 3.07106], "texture": "#1", "cullface": "up"}
			}
		},
		{
			"from": [9.5, 16, 2.96447],
			"to": [14.5, 17.25, 5.03553],
			"rotation": {"angle": -22.5, "axis": "y", "origin": [12, 16.625, 4]},
			"faces": {
				"east": {"uv": [1, 0, 3.07106, 1.25], "texture": "#1", "cullface": "up"},
				"west": {"uv": [1, 0, 3.07106, 1.25], "texture": "#1", "cullface": "up"},
				"up": {"uv": [1, 1, 6, 3.07106], "texture": "#1", "cullface": "up"}
			}
		},
		{
			"from": [10.96447, 16, 9.5],
			"to": [13.03553, 17.25, 14.5],
			"rotation": {"angle": 22.5, "axis": "y", "origin": [12, 16.625, 12]},
			"faces": {
				"north": {"uv": [1, 0, 3.07106, 1.25], "texture": "#0", "cullface": "up"},
				"south": {"uv": [1, 0, 3.07106, 1.25], "texture": "#0", "cullface": "up"},
				"up": {"uv": [1, 1, 3.07106, 6], "texture": "#0", "cullface": "up"}
			}
		},
		{
			"from": [10.96447, 16, 9.5],
			"to": [13.03553, 17.25, 14.5],
			"rotation": {"angle": -22.5, "axis": "y", "origin": [12, 16.625, 12]},
			"faces": {
				"north": {"uv": [1, 0, 3.07106, 1.25], "texture": "#0", "cullface": "up"},
				"south": {"uv": [1, 0, 3.07106, 1.25], "texture": "#0", "cullface": "up"},
				"up": {"uv": [1, 1, 3.07106, 6], "texture": "#0", "cullface": "up"}
			}
		},
		{
			"from": [9.5, 16, 10.96447],
			"to": [14.5, 17.25, 13.03553],
			"rotation": {"angle": 22.5, "axis": "y", "origin": [12, 16.625, 12]},
			"faces": {
				"east": {"uv": [1, 0, 3.07106, 1.25], "texture": "#0", "cullface": "up"},
				"west": {"uv": [1, 0, 3.07106, 1.25], "texture": "#0", "cullface": "up"},
				"up": {"uv": [1, 1, 6, 3.07106], "texture": "#0", "cullface": "up"}
			}
		},
		{
			"from": [9.5, 16, 10.96447],
			"to": [14.5, 17.25, 13.03553],
			"rotation": {"angle": -22.5, "axis": "y", "origin": [12, 16.625, 12]},
			"faces": {
				"east": {"uv": [1, 0, 3.07106, 1.25], "texture": "#0", "cullface": "up"},
				"west": {"uv": [1, 0, 3.07106, 1.25], "texture": "#0", "cullface": "up"},
				"up": {"uv": [1, 1, 6, 3.07106], "texture": "#0", "cullface": "up"}
			}
		},
		{
			"from": [2.96447, 16, 9.5],
			"to": [5.03553, 17.25, 14.5],
			"rotation": {"angle": 22.5, "axis": "y", "origin": [4, 16.625, 12]},
			"faces": {
				"north": {"uv": [1, 0, 3.07106, 1.25], "texture": "#1", "cullface": "up"},
				"south": {"uv": [1, 0, 3.07106, 1.25], "texture": "#1", "cullface": "up"},
				"up": {"uv": [1, 1, 3.07106, 6], "texture": "#1", "cullface": "up"}
			}
		},
		{
			"from": [2.96447, 16, 9.5],
			"to": [5.03553, 17.25, 14.5],
			"rotation": {"angle": -22.5, "axis": "y", "origin": [4, 16.625, 12]},
			"faces": {
				"north": {"uv": [1, 0, 3.07106, 1.25], "texture": "#1", "cullface": "up"},
				"south": {"uv": [1, 0, 3.07106, 1.25], "texture": "#1", "cullface": "up"},
				"up": {"uv": [1, 1, 3.07106, 6], "texture": "#1", "cullface": "up"}
			}
		},
		{
			"from": [1.5, 16, 10.96447],
			"to": [6.5, 17.25, 13.03553],
			"rotation": {"angle": 22.5, "axis": "y", "origin": [4, 16.625, 12]},
			"faces": {
				"east": {"uv": [1, 0, 3.07106, 1.25], "texture": "#1", "cullface": "up"},
				"west": {"uv": [1, 0, 3.07106, 1.25], "texture": "#1", "cullface": "up"},
				"up": {"uv": [1, 1, 6, 3.07106], "texture": "#1", "cullface": "up"}
			}
		},
		{
			"from": [1.5, 16, 10.96447],
			"to": [6.5, 17.25, 13.03553],
			"rotation": {"angle": -22.5, "axis": "y", "origin": [4, 16.625, 12]},
			"faces": {
				"east": {"uv": [1, 0, 3.07106, 1.25], "texture": "#1", "cullface": "up"},
				"west": {"uv": [1, 0, 3.07106, 1.25], "texture": "#1", "cullface": "up"},
				"up": {"uv": [1, 1, 6, 3.07106], "texture": "#1", "cullface": "up"}
			}
		},
		{
			"from": [2.96447, 16, 1.5],
			"to": [5.03553, 17.25, 6.5],
			"rotation": {"angle": 22.5, "axis": "y", "origin": [4, 16.625, 4]},
			"faces": {
				"north": {"uv": [1, 0, 3.07106, 1.25], "texture": "#0", "cullface": "up"},
				"south": {"uv": [1, 0, 3.07106, 1.25], "texture": "#0", "cullface": "up"},
				"up": {"uv": [1, 1, 3.07106, 6], "texture": "#0", "cullface": "up"}
			}
		},
		{
			"from": [2.96447, 16, 1.5],
			"to": [5.03553, 17.25, 6.5],
			"rotation": {"angle": -22.5, "axis": "y", "origin": [4, 16.625, 4]},
			"faces": {
				"north": {"uv": [1, 0, 3.07106, 1.25], "texture": "#0", "cullface": "up"},
				"south": {"uv": [1, 0, 3.07106, 1.25], "texture": "#0", "cullface": "up"},
				"up": {"uv": [1, 1, 3.07106, 6], "texture": "#0", "cullface": "up"}
			}
		},
		{
			"from": [1.5, 16, 2.96447],
			"to": [6.5, 17.25, 5.03553],
			"rotation": {"angle": 22.5, "axis": "y", "origin": [4, 16.625, 4]},
			"faces": {
				"east": {"uv": [1, 0, 3.07106, 1.25], "texture": "#0", "cullface": "up"},
				"west": {"uv": [1, 0, 3.07106, 1.25], "texture": "#0", "cullface": "up"},
				"up": {"uv": [1, 1, 6, 3.07106], "texture": "#0", "cullface": "up"}
			}
		},
		{
			"from": [1.5, 16, 2.96447],
			"to": [6.5, 17.25, 5.03553],
			"rotation": {"angle": -22.5, "axis": "y", "origin": [4, 16.625, 4]},
			"faces": {
				"east": {"uv": [1, 0, 3.07106, 1.25], "texture": "#0", "cullface": "up"},
				"west": {"uv": [1, 0, 3.07106, 1.25], "texture": "#0", "cullface": "up"},
				"up": {"uv": [1, 1, 6, 3.07106], "texture": "#0", "cullface": "up"}
			}
		}
	],
	"display": {
		"thirdperson_righthand": {
			"rotation": [75, 45, 0],
			"translation": [0, 2.5, 0],
			"scale": [0.375, 0.375, 0.375]
		},
		"thirdperson_lefthand": {
			"rotation": [75, 45, 0],
			"translation": [0, 2.5, 0],
			"scale": [-0.375, 0.375, 0.375]
		},
		"firstperson_righthand": {
			"rotation": [0, 45, 0],
			"scale": [0.4, 0.4, 0.4]
		},
		"firstperson_lefthand": {
			"rotation": [0, 225, 0],
			"scale": [0.4, 0.4, 0.4]
		},
		"ground": {
			"translation": [0, 3, 0],
			"scale": [0.25, 0.25, 0.25]
		},
		"gui": {
			"rotation": [30, 135, 0],
			"scale": [0.625, 0.625, 0.625]
		},
		"fixed": {
			"scale": [0.5, 0.5, 0.5]
		}
	},
	"groups": [0, 1, 2, 3, 4, 5, 6, 7, 8, 9, 10, 11, 12, 13,
		{
			"name": "studs",
			"origin": [8, 8, 8],
			"color": 0,
			"children": [
				{
					"name": "stud",
					"origin": [8, 8, 8],
					"color": 0,
					"children": [14, 15, 16, 17]
				},
				{
					"name": "stud",
					"origin": [8, 8, 8],
					"color": 0,
					"children": [18, 19, 20, 21]
				},
				{
					"name": "stud",
					"origin": [8, 8, 8],
					"color": 0,
					"children": [22, 23, 24, 25]
				},
				{
					"name": "stud",
					"origin": [8, 8, 8],
					"color": 0,
					"children": [26, 27, 28, 29]
				}
			]
		}
	]
}