{
	"credit": "AlexTestria | https://alex-bauerndistel.de",
	"textures": {
		"2": "brickcraft/material/plastics/texture/deepslate03",
		"particle": "brickcraft/material/plastics/texture/deepslate01"
	},
	"elements": [
		{
			"from": [0, 13.4082, 0],
			"to": [8, 16, 16],
			"rotation": {"angle": 0, "axis": "y", "origin": [0, 13.3332, 0]},
			"faces": {
				"north": {"uv": [8, 0, 16, 2.5916], "texture": "#particle", "cullface": "north"},
				"south": {"uv": [0, 0, 8, 2.5918], "texture": "#particle", "cullface": "south"},
				"west": {"uv": [0, 0, 16, 2.5918], "texture": "#particle", "cullface": "west"},
				"up": {"uv": [0, 0, 8, 16], "texture": "#particle", "cullface": "up"}
			}
		},
		{
			"from": [0, 0.075, 8],
			"to": [8, 10.6666, 16],
			"rotation": {"angle": 0, "axis": "y", "origin": [8, 0, 8]},
			"faces": {
				"south": {"uv": [0, 0, 8, 10.5916], "texture": "#1", "cullface": "south"},
				"west": {"uv": [8, 0, 0, 10.5916], "texture": "#1", "cullface": "west"}
			}
		},
		{
			"from": [7, 10.6666, 7],
			"to": [1, 0.075, 1],
			"rotation": {"angle": 0, "axis": "y", "origin": [0, 10.5916, 6]},
			"faces": {
				"north": {"uv": [1, 1, 8, 11.5916], "texture": "#particle", "cullface": "down"},
				"east": {"uv": [1, 1, 8, 11.5916], "texture": "#particle", "cullface": "down"},
				"south": {"uv": [1, 1, 8, 11.5916], "texture": "#particle", "cullface": "down"},
				"west": {"uv": [1, 1, 8, 11.5916], "texture": "#particle", "cullface": "down"}
			}
		},
		{
			"from": [0, 0.075, 0],
			"to": [8, 10.6666, 8],
			"rotation": {"angle": 0, "axis": "y", "origin": [8, 0, 8]},
			"faces": {
				"north": {"uv": [8, 0, 16, 10.5916], "texture": "#particle", "cullface": "north"},
				"west": {"uv": [0, 0, 8, 10.5916], "texture": "#particle", "cullface": "west"}
			}
		},
		{
			"from": [15, 10.6666, 7],
			"to": [9, 0.075, 1],
			"rotation": {"angle": 0, "axis": "y", "origin": [0, 10.5916, 6]},
			"faces": {
				"north": {"uv": [1, 1, 8, 11.5916], "texture": "#particle", "cullface": "down"},
				"east": {"uv": [1, 1, 8, 11.5916], "texture": "#particle", "cullface": "down"},
				"south": {"uv": [1, 1, 8, 11.5916], "texture": "#particle", "cullface": "down"},
				"west": {"uv": [1, 1, 8, 11.5916], "texture": "#particle", "cullface": "down"}
			}
		},
		{
			"from": [15, 10.6666, 15],
			"to": [9, 0.075, 9],
			"rotation": {"angle": 0, "axis": "y", "origin": [0, 10.5916, 6]},
			"faces": {
				"north": {"uv": [1, 1, 8, 11.5916], "texture": "#particle", "cullface": "down"},
				"east": {"uv": [1, 1, 8, 11.5916], "texture": "#particle", "cullface": "down"},
				"south": {"uv": [1, 1, 8, 11.5916], "texture": "#particle", "cullface": "down"},
				"west": {"uv": [1, 1, 8, 11.5916], "texture": "#particle", "cullface": "down"}
			}
		},
		{
			"from": [7, 9.6666, 15],
			"to": [1, 0.075, 9],
			"rotation": {"angle": 0, "axis": "y", "origin": [0, 10.5916, 6]},
			"faces": {
				"north": {"uv": [1, 1, 8, 11.5916], "texture": "#1", "cullface": "down"},
				"east": {"uv": [1, 1, 8, 11.5916], "texture": "#1", "cullface": "down"},
				"south": {"uv": [1, 1, 8, 11.5916], "texture": "#1", "cullface": "down"},
				"west": {"uv": [1, 1, 8, 11.5916], "texture": "#1", "cullface": "down"},
				"down": {"uv": [1, 1, 7, 7], "texture": "#1", "cullface": "down"}
			}
		},
		{
			"from": [8, 0.075, 0],
			"to": [16, 10.6666, 16],
			"rotation": {"angle": 0, "axis": "y", "origin": [8, 0, 8]},
			"faces": {
				"north": {"uv": [0, 0, 8, 10.5916], "texture": "#particle", "cullface": "north"},
				"east": {"uv": [0, 0, 16, 10.5916], "texture": "#particle", "cullface": "east"},
				"south": {"uv": [8, 0, 16, 10.5916], "texture": "#particle", "cullface": "south"}
			}
		},
		{
			"from": [15, 0, 0],
			"to": [16, 0.075, 16],
			"faces": {
				"east": {"uv": [0, 1, 16, 1.075], "texture": "#2", "cullface": "east"},
				"west": {"uv": [0, 1, 16, 1.075], "texture": "#2", "cullface": "down"},
				"down": {"uv": [15, 0, 16, 16], "texture": "#2", "cullface": "down"}
			}
		},
		{
			"from": [0, 0, 0],
			"to": [1, 0.075, 16],
			"rotation": {"angle": 0, "axis": "y", "origin": [16, 0, 0]},
			"faces": {
				"east": {"uv": [0, 1, 16, 1.075], "texture": "#2", "cullface": "down"},
				"west": {"uv": [0, 1, 16, 1.075], "texture": "#2", "cullface": "west"},
				"down": {"uv": [0, 0, 1, 16], "texture": "#2", "cullface": "down"}
			}
		},
		{
			"from": [0, 0, 15],
			"to": [16, 0.075, 16],
			"rotation": {"angle": 0, "axis": "y", "origin": [8, 0, 8]},
			"faces": {
				"north": {"uv": [0, 1, 16, 1.075], "texture": "#2", "cullface": "down"},
				"south": {"uv": [0, 1, 16, 1.075], "texture": "#2", "cullface": "south"},
				"down": {"uv": [0, 0, 16, 1], "texture": "#2", "cullface": "down"}
			}
		},
		{
			"from": [0, 0, 0],
			"to": [16, 0.075, 1],
			"rotation": {"angle": 0, "axis": "y", "origin": [8, 0, 8]},
			"faces": {
				"north": {"uv": [0, 1, 16, 1.075], "texture": "#2", "cullface": "north"},
				"south": {"uv": [0, 1, 16, 1.075], "texture": "#2", "cullface": "down"},
				"down": {"uv": [0, 15, 16, 16], "texture": "#2", "cullface": "down"}
			}
		},
		{
			"from": [1, 0, 7],
			"to": [15, 0.075, 9],
			"faces": {
				"north": {"uv": [1, 1, 15, 1.075], "texture": "#2", "cullface": "down"},
				"south": {"uv": [1, 1, 15, 1.075], "texture": "#2", "cullface": "down"},
				"down": {"uv": [1, 7, 15, 9], "texture": "#2", "cullface": "down"}
			}
		},
		{
			"from": [7, 0, 1],
			"to": [9, 0.075, 15],
			"faces": {
				"east": {"uv": [1, 1, 15, 1.075], "texture": "#2", "cullface": "down"},
				"west": {"uv": [1, 1, 15, 1.075], "texture": "#2", "cullface": "down"},
				"down": {"uv": [7, 1, 9, 15], "texture": "#2", "cullface": "down"}
			}
		},
		{
			"from": [0, 10.6666, 0],
			"to": [16, 10.7416, 16],
			"faces": {
				"north": {"uv": [0, 0, 16, 0.075], "texture": "#2", "cullface": "north"},
				"east": {"uv": [0, 0, 16, 0.075], "texture": "#2", "cullface": "east"},
				"south": {"uv": [0, 0, 16, 0.075], "texture": "#2", "cullface": "south"},
				"west": {"uv": [0, 0, 16, 0.075], "texture": "#2", "cullface": "west"},
				"down": {"uv": [0, 0, 16, 16], "texture": "#particle", "cullface": "down"}
			}
		},
		{
			"from": [0, 13.3332, 0],
			"to": [16, 13.4082, 16],
			"rotation": {"angle": 0, "axis": "y", "origin": [0, 10.6532, 0]},
			"faces": {
				"north": {"uv": [0, 0, 16, 0.075], "texture": "#2", "cullface": "north"},
				"east": {"uv": [0, 0, 16, 0.075], "texture": "#2", "cullface": "east"},
				"south": {"uv": [0, 0, 16, 0.075], "texture": "#2", "cullface": "south"},
				"west": {"uv": [0, 0, 16, 0.075], "texture": "#2", "cullface": "west"}
			}
		},
		{
			"from": [0, 10.7416, 0],
			"to": [8, 13.3332, 16],
			"rotation": {"angle": 0, "axis": "y", "origin": [0, 10.6532, 0]},
			"faces": {
				"north": {"uv": [8, 0, 16, 2.5916], "texture": "#particle", "cullface": "north"},
				"south": {"uv": [0, 0, 8, 2.5916], "texture": "#particle", "cullface": "south"},
				"west": {"uv": [0, 0, 16, 2.5916], "texture": "#particle", "cullface": "west"}
			}
		},
		{
			"from": [8, 13.4082, 0],
			"to": [16, 16, 16],
			"rotation": {"angle": 0, "axis": "y", "origin": [16, 13.3332, 0]},
			"faces": {
				"north": {"uv": [0, 0, 8, 2.5918], "texture": "#1", "cullface": "north"},
				"east": {"uv": [0, 0, 16, 2.5918], "texture": "#1", "cullface": "east"},
				"south": {"uv": [8, 0, 16, 2.5916], "texture": "#1", "cullface": "south"},
				"up": {"uv": [8, 0, 16, 16], "texture": "#1", "cullface": "up"}
			}
		},
		{
			"from": [8, 10.7416, 0],
			"to": [16, 13.3332, 16],
			"rotation": {"angle": 0, "axis": "y", "origin": [16, 10.6532, 0]},
			"faces": {
				"north": {"uv": [0, 0, 8, 2.5918], "texture": "#1", "cullface": "north"},
				"east": {"uv": [0, 0, 16, 2.5918], "texture": "#1", "cullface": "east"},
				"south": {"uv": [8, 0, 16, 2.5916], "texture": "#1", "cullface": "south"}
			}
		}
	],
	"display": {
		"thirdperson_righthand": {
			"rotation": [75, 45, 0],
			"translation": [0, 2.5, 0],
			"scale": [0.375, 0.375, 0.375]
		},
		"thirdperson_lefthand": {
			"rotation": [75, 45, 0],
			"translation": [0, 2.5, 0],
			"scale": [0.375, 0.375, 0.375]
		},
		"firstperson_righthand": {
			"rotation": [0, 45, 0],
			"scale": [0.4, 0.4, 0.4]
		},
		"firstperson_lefthand": {
			"rotation": [0, 225, 0],
			"scale": [0.4, 0.4, 0.4]
		},
		"ground": {
			"translation": [0, 3, 0],
			"scale": [0.25, 0.25, 0.25]
		},
		"gui": {
			"rotation": [30, 225, 0],
			"scale": [0.625, 0.625, 0.625]
		},
		"fixed": {
			"scale": [0.5, 0.5, 0.5]
		}
	},
	"groups": [
		{
			"name": "group",
			"origin": [0, 10.6532, 0],
			"color": 0,
			"children": [0, 1, 2, 3, 4, 5, 6, 7, 8, 9, 10, 11, 12, 13, 14, 15, 16, 17, 18]
		}
	]
}