{
	"credit": "AlexTestria | https://alex-bauerndistel.de",
	"textures": {
		"particle": "#0"
	},
	"elements": [
		{
			"from": [8, 6.9988, 2.34315],
			"to": [16, 7.9988, 5.65685],
			"rotation": {"angle": 0, "axis": "y", "origin": [12, 7.4151, 4]},
			"faces": {
				"east": {"uv": [1, 0, 4.31371, 1], "texture": "#3", "cullface": "east"},
				"down": {"uv": [1, 1, 4.31371, 9], "rotation": 90, "texture": "#3"}
			}
		},
		{
			"from": [10.34315, 6.9988, 0],
			"to": [13.65685, 7.9988, 8],
			"rotation": {"angle": 45, "axis": "y", "origin": [12, 7.4151, 4]},
			"faces": {
				"north": {"uv": [1, 0, 4.31371, 1], "texture": "#3"},
				"south": {"uv": [1, 0, 4.31371, 1], "texture": "#3"},
				"down": {"uv": [1, 1, 4.31371, 9], "texture": "#3"}
			}
		},
		{
			"from": [10.34315, 6.9988, 0],
			"to": [13.65685, 7.9988, 8],
			"rotation": {"angle": 0, "axis": "y", "origin": [12, 7.4151, 4]},
			"faces": {
				"north": {"uv": [1, 0, 4.31371, 1], "texture": "#3", "cullface": "north"},
				"down": {"uv": [1, 1, 9, 4.31371], "rotation": 90, "texture": "#3"}
			}
		},
		{
			"from": [8, 6.9988, 2.34315],
			"to": [16, 7.9988, 5.65685],
			"rotation": {"angle": 45, "axis": "y", "origin": [12, 7.4151, 4]},
			"faces": {
				"east": {"uv": [1, 0, 4.31371, 1], "texture": "#3"},
				"down": {"uv": [1, 1, 9, 4.31371], "texture": "#3"}
			}
		},
		{
			"from": [8.75, 5.332, 2.65381],
			"to": [15.25, 7.082, 5.34619],
			"rotation": {"angle": -22.5, "axis": "y", "origin": [12, 7.4151, 4]},
			"faces": {
				"east": {"uv": [1, 14.25, 3.69239, 16], "texture": "#3"},
				"west": {"uv": [1, 14.25, 3.69239, 16], "texture": "#3"}
			}
		},
		{
			"from": [10.65381, 5.332, 0.75],
			"to": [13.34619, 7.082, 7.25],
			"rotation": {"angle": 22.5, "axis": "y", "origin": [12, 7.4151, 4]},
			"faces": {
				"north": {"uv": [1, 14.25, 3.69239, 16], "texture": "#3"},
				"south": {"uv": [1, 14.25, 3.69239, 16], "texture": "#3"}
			}
		},
		{
			"from": [10.65381, 5.332, 0.75],
			"to": [13.34619, 7.082, 7.25],
			"rotation": {"angle": -22.5, "axis": "y", "origin": [12, 7.4151, 4]},
			"faces": {
				"north": {"uv": [1, 14.25, 3.69239, 16], "texture": "#3"}
			}
		},
		{
			"from": [8.75, 5.332, 2.65381],
			"to": [15.25, 7.082, 5.34619],
			"rotation": {"angle": 22.5, "axis": "y", "origin": [12, 7.4151, 4]},
			"faces": {
				"east": {"uv": [1, 14.25, 3.69239, 16], "texture": "#3"}
			}
		},
		{
			"from": [8, 12.3308, 10.34315],
			"to": [16, 13.3308, 13.65685],
			"rotation": {"angle": 0, "axis": "y", "origin": [12, 12.7471, 12]},
			"faces": {
				"east": {"uv": [1, 0, 4.31371, 1], "texture": "#3", "cullface": "east"},
				"down": {"uv": [1, 1, 4.31371, 9], "rotation": 90, "texture": "#3"}
			}
		},
		{
			"from": [10.34315, 12.3308, 8],
			"to": [13.65685, 13.3308, 16],
			"rotation": {"angle": 45, "axis": "y", "origin": [12, 12.7471, 12]},
			"faces": {
				"south": {"uv": [1, 0, 4.31371, 1], "texture": "#3"},
				"down": {"uv": [1, 1, 4.31371, 9], "texture": "#3"}
			}
		},
		{
			"from": [10.34315, 12.3308, 8],
			"to": [13.65685, 13.3308, 16],
			"rotation": {"angle": 0, "axis": "y", "origin": [12, 12.7471, 12]},
			"faces": {
				"south": {"uv": [1, 0, 4.31371, 1], "texture": "#3"},
				"down": {"uv": [1, 1, 9, 4.31371], "rotation": 90, "texture": "#3"}
			}
		},
		{
			"from": [8, 12.3308, 10.34315],
			"to": [16, 13.3308, 13.65685],
			"rotation": {"angle": 45, "axis": "y", "origin": [12, 12.7471, 12]},
			"faces": {
				"east": {"uv": [1, 0, 4.31371, 1], "texture": "#3"},
				"west": {"uv": [1, 0, 4.31371, 1], "texture": "#3", "cullface": "up"},
				"down": {"uv": [1, 1, 9, 4.31371], "texture": "#3"}
			}
		},
		{
			"from": [8.75, 10.664, 10.65381],
			"to": [15.25, 12.414, 13.34619],
			"rotation": {"angle": -22.5, "axis": "y", "origin": [12, 12.7471, 12]},
			"faces": {
				"east": {"uv": [1, 14.25, 3.69239, 16], "texture": "#3"}
			}
		},
		{
			"from": [10.65381, 10.664, 8.75],
			"to": [13.34619, 12.414, 15.25],
			"rotation": {"angle": 22.5, "axis": "y", "origin": [12, 12.7471, 12]},
			"faces": {
				"south": {"uv": [1, 14.25, 3.69239, 16], "texture": "#3"}
			}
		},
		{
			"from": [10.65381, 10.664, 8.75],
			"to": [13.34619, 12.414, 15.25],
			"rotation": {"angle": -22.5, "axis": "y", "origin": [12, 12.7471, 12]},
			"faces": {
				"north": {"uv": [1, 14.25, 3.69239, 16], "texture": "#3"},
				"south": {"uv": [1, 14.25, 3.69239, 16], "texture": "#3", "cullface": "up"}
			}
		},
		{
			"from": [8.75, 10.664, 10.65381],
			"to": [15.25, 12.414, 13.34619],
			"rotation": {"angle": 22.5, "axis": "y", "origin": [12, 12.7471, 12]},
			"faces": {
				"east": {"uv": [1, 14.25, 3.69239, 16], "texture": "#3"},
				"west": {"uv": [1, 14.25, 3.69239, 16], "texture": "#3", "cullface": "up"}
			}
		},
		{
			"from": [0, 12.3308, 2.34315],
			"to": [8, 13.3308, 5.65685],
			"rotation": {"angle": 0, "axis": "y", "origin": [4, 12.7471, 4]},
			"faces": {
				"west": {"uv": [1, 0, 4.31371, 1], "texture": "#3"},
				"down": {"uv": [1, 1, 4.3137, 9], "rotation": 90, "texture": "#3"}
			}
		},
		{
			"from": [2.34315, 12.3308, 0],
			"to": [5.65685, 13.3308, 8],
			"rotation": {"angle": 45, "axis": "y", "origin": [4, 12.7471, 4]},
			"faces": {
				"north": {"uv": [1, 0, 4.31371, 1], "texture": "#3"},
				"down": {"uv": [1, 1, 4.3137, 9], "texture": "#3"}
			}
		},
		{
			"from": [2.34315, 12.3308, 0],
			"to": [5.65685, 13.3308, 8],
			"rotation": {"angle": 0, "axis": "y", "origin": [4, 12.7471, 4]},
			"faces": {
				"north": {"uv": [1, 0, 4.31371, 1], "texture": "#3", "cullface": "north"},
				"down": {"uv": [1, 1, 9, 4.31371], "rotation": 90, "texture": "#3"}
			}
		},
		{
			"from": [0, 12.3308, 2.34315],
			"to": [8, 13.3308, 5.65685],
			"rotation": {"angle": 45, "axis": "y", "origin": [4, 12.7471, 4]},
			"faces": {
				"east": {"uv": [1, 0, 4.31371, 1], "texture": "#3"},
				"west": {"uv": [1, 0, 4.31371, 1], "texture": "#3", "cullface": "up"},
				"down": {"uv": [1, 1, 9, 4.31371], "texture": "#3"}
			}
		},
		{
			"from": [0.75, 10.664, 2.65381],
			"to": [7.25, 12.414, 5.34619],
			"rotation": {"angle": -22.5, "axis": "y", "origin": [4, 12.7471, 4]},
			"faces": {
				"west": {"uv": [1, 14.25, 3.69239, 16], "texture": "#3"}
			}
		},
		{
			"from": [2.65381, 10.664, 0.75],
			"to": [5.34619, 12.414, 7.25],
			"rotation": {"angle": 22.5, "axis": "y", "origin": [4, 12.7471, 4]},
			"faces": {
				"north": {"uv": [1, 14.25, 3.69239, 16], "texture": "#3"}
			}
		},
		{
			"from": [2.65381, 10.664, 0.75],
			"to": [5.34619, 12.414, 7.25],
			"rotation": {"angle": -22.5, "axis": "y", "origin": [4, 12.7471, 4]},
			"faces": {
				"north": {"uv": [1, 14.25, 3.69239, 16], "texture": "#3"},
				"south": {"uv": [1, 14.25, 3.69239, 16], "texture": "#3", "cullface": "up"}
			}
		},
		{
			"from": [0.75, 10.664, 2.65381],
			"to": [7.25, 12.414, 5.34619],
			"rotation": {"angle": 22.5, "axis": "y", "origin": [4, 12.7471, 4]},
			"faces": {
				"east": {"uv": [1, 14.25, 3.69239, 16], "texture": "#3"},
				"west": {"uv": [1, 14.25, 3.69239, 16], "texture": "#3", "cullface": "up"}
			}
		},
		{
			"from": [0, 6.9988, 10.34315],
			"to": [8, 7.9988, 13.65685],
			"rotation": {"angle": 0, "axis": "y", "origin": [4, 7.4151, 12]},
			"faces": {
				"west": {"uv": [1, 0, 4.31371, 1], "texture": "#3"},
				"down": {"uv": [1, 1, 4.31371, 9], "rotation": 90, "texture": "#3"}
			}
		},
		{
			"from": [2.34315, 6.9988, 8],
			"to": [5.65685, 7.9988, 16],
			"rotation": {"angle": 45, "axis": "y", "origin": [4, 7.4151, 12]},
			"faces": {
				"north": {"uv": [1, 0, 4.31371, 1], "texture": "#3"},
				"south": {"uv": [1, 0, 4.31371, 1], "texture": "#3"},
				"down": {"uv": [1, 1, 4.31371, 9], "texture": "#3"}
			}
		},
		{
			"from": [2.34315, 6.9988, 8],
			"to": [5.65685, 7.9988, 16],
			"rotation": {"angle": 0, "axis": "y", "origin": [4, 7.4151, 12]},
			"faces": {
				"south": {"uv": [1, 0, 4.31371, 1], "texture": "#3"},
				"down": {"uv": [1, 1, 9, 4.31371], "rotation": 90, "texture": "#3"}
			}
		},
		{
			"from": [0, 6.9988, 10.34315],
			"to": [8, 7.9988, 13.65685],
			"rotation": {"angle": 45, "axis": "y", "origin": [4, 7.4151, 12]},
			"faces": {
				"west": {"uv": [1, 0, 4.31371, 1], "texture": "#3", "cullface": "up"},
				"down": {"uv": [1, 1, 9, 4.31371], "texture": "#3"}
			}
		},
		{
			"from": [0.75, 5.332, 10.65381],
			"to": [7.25, 7.082, 13.34619],
			"rotation": {"angle": -22.5, "axis": "y", "origin": [4, 7.4151, 12]},
			"faces": {
				"east": {"uv": [1, 14.25, 3.69239, 16], "texture": "#3"},
				"west": {"uv": [1, 14.25, 3.69239, 16], "texture": "#3"}
			}
		},
		{
			"from": [2.65381, 5.332, 8.75],
			"to": [5.34619, 7.082, 15.25],
			"rotation": {"angle": 22.5, "axis": "y", "origin": [4, 7.4151, 12]},
			"faces": {
				"north": {"uv": [1, 14.25, 3.69239, 16], "texture": "#3"},
				"south": {"uv": [1, 14.25, 3.69239, 16], "texture": "#3"}
			}
		},
		{
			"from": [2.65381, 5.332, 8.75],
			"to": [5.34619, 7.082, 15.25],
			"rotation": {"angle": -22.5, "axis": "y", "origin": [4, 7.4151, 12]},
			"faces": {
				"south": {"uv": [1, 14.25, 3.69239, 16], "texture": "#3", "cullface": "up"}
			}
		},
		{
			"from": [0.75, 5.332, 10.65381],
			"to": [7.25, 7.082, 13.34619],
			"rotation": {"angle": 22.5, "axis": "y", "origin": [4, 7.4151, 12]},
			"faces": {
				"west": {"uv": [1, 14.25, 3.69239, 16], "texture": "#3", "cullface": "up"}
			}
		},
		{
			"from": [10.96447, 16, 9.5],
			"to": [13.03553, 17.25, 14.5],
			"rotation": {"angle": 22.5, "axis": "y", "origin": [12, 16.625, 12]},
			"faces": {
				"north": {"uv": [1, 0, 3.07106, 1.25], "texture": "#0", "cullface": "up"},
				"south": {"uv": [1, 0, 3.07106, 1.25], "texture": "#0", "cullface": "up"},
				"up": {"uv": [1, 1, 3.07106, 6], "texture": "#0", "cullface": "up"}
			}
		},
		{
			"from": [10.96447, 16, 9.5],
			"to": [13.03553, 17.25, 14.5],
			"rotation": {"angle": -22.5, "axis": "y", "origin": [12, 16.625, 12]},
			"faces": {
				"north": {"uv": [1, 0, 3.07106, 1.25], "texture": "#0", "cullface": "up"},
				"south": {"uv": [1, 0, 3.07106, 1.25], "texture": "#0", "cullface": "up"},
				"up": {"uv": [1, 1, 3.07106, 6], "texture": "#0", "cullface": "up"}
			}
		},
		{
			"from": [9.5, 16, 10.96447],
			"to": [14.5, 17.25, 13.03553],
			"rotation": {"angle": 22.5, "axis": "y", "origin": [12, 16.625, 12]},
			"faces": {
				"east": {"uv": [1, 0, 3.07106, 1.25], "texture": "#0", "cullface": "up"},
				"west": {"uv": [1, 0, 3.07106, 1.25], "texture": "#0", "cullface": "up"},
				"up": {"uv": [1, 1, 6, 3.07106], "texture": "#0", "cullface": "up"}
			}
		},
		{
			"from": [9.5, 16, 10.96447],
			"to": [14.5, 17.25, 13.03553],
			"rotation": {"angle": -22.5, "axis": "y", "origin": [12, 16.625, 12]},
			"faces": {
				"east": {"uv": [1, 0, 3.07106, 1.25], "texture": "#0", "cullface": "up"},
				"west": {"uv": [1, 0, 3.07106, 1.25], "texture": "#0", "cullface": "up"},
				"up": {"uv": [1, 1, 6, 3.07106], "texture": "#0", "cullface": "up"}
			}
		},
		{
			"from": [2.96447, 16, 9.5],
			"to": [5.03553, 17.25, 14.5],
			"rotation": {"angle": 22.5, "axis": "y", "origin": [4, 16.625, 12]},
			"faces": {
				"north": {"uv": [1, 0, 3.07106, 1.25], "texture": "#0", "cullface": "up"},
				"south": {"uv": [1, 0, 3.07106, 1.25], "texture": "#0", "cullface": "up"},
				"up": {"uv": [1, 1, 3.07106, 6], "texture": "#0", "cullface": "up"}
			}
		},
		{
			"from": [2.96447, 16, 9.5],
			"to": [5.03553, 17.25, 14.5],
			"rotation": {"angle": -22.5, "axis": "y", "origin": [4, 16.625, 12]},
			"faces": {
				"north": {"uv": [1, 0, 3.07106, 1.25], "texture": "#0", "cullface": "up"},
				"south": {"uv": [1, 0, 3.07106, 1.25], "texture": "#0", "cullface": "up"},
				"up": {"uv": [1, 1, 3.07106, 6], "texture": "#0", "cullface": "up"}
			}
		},
		{
			"from": [1.5, 16, 10.96447],
			"to": [6.5, 17.25, 13.03553],
			"rotation": {"angle": 22.5, "axis": "y", "origin": [4, 16.625, 12]},
			"faces": {
				"east": {"uv": [1, 0, 3.07106, 1.25], "texture": "#0", "cullface": "up"},
				"west": {"uv": [1, 0, 3.07106, 1.25], "texture": "#0", "cullface": "up"},
				"up": {"uv": [1, 1, 6, 3.07106], "texture": "#0", "cullface": "up"}
			}
		},
		{
			"from": [1.5, 16, 10.96447],
			"to": [6.5, 17.25, 13.03553],
			"rotation": {"angle": -22.5, "axis": "y", "origin": [4, 16.625, 12]},
			"faces": {
				"east": {"uv": [1, 0, 3.07106, 1.25], "texture": "#0", "cullface": "up"},
				"west": {"uv": [1, 0, 3.07106, 1.25], "texture": "#0", "cullface": "up"},
				"up": {"uv": [1, 1, 6, 3.07106], "texture": "#0", "cullface": "up"}
			}
		},
		{
			"from": [10.96447, 16, 1.5],
			"to": [13.03553, 17.25, 6.5],
			"rotation": {"angle": 22.5, "axis": "y", "origin": [12, 16.625, 4]},
			"faces": {
				"north": {"uv": [1, 0, 3.07106, 1.25], "texture": "#0", "cullface": "up"},
				"south": {"uv": [1, 0, 3.07106, 1.25], "texture": "#0", "cullface": "up"},
				"up": {"uv": [1, 1, 3.07106, 6], "texture": "#0", "cullface": "up"}
			}
		},
		{
			"from": [10.96447, 16, 1.5],
			"to": [13.03553, 17.25, 6.5],
			"rotation": {"angle": -22.5, "axis": "y", "origin": [12, 16.625, 4]},
			"faces": {
				"north": {"uv": [1, 0, 3.07106, 1.25], "texture": "#0", "cullface": "up"},
				"south": {"uv": [1, 0, 3.07106, 1.25], "texture": "#0", "cullface": "up"},
				"up": {"uv": [1, 1, 3.07106, 6], "texture": "#0", "cullface": "up"}
			}
		},
		{
			"from": [9.5, 16, 2.96447],
			"to": [14.5, 17.25, 5.03553],
			"rotation": {"angle": 22.5, "axis": "y", "origin": [12, 16.625, 4]},
			"faces": {
				"east": {"uv": [1, 0, 3.07106, 1.25], "texture": "#0", "cullface": "up"},
				"west": {"uv": [1, 0, 3.07106, 1.25], "texture": "#0", "cullface": "up"},
				"up": {"uv": [1, 1, 6, 3.07106], "texture": "#0", "cullface": "up"}
			}
		},
		{
			"from": [9.5, 16, 2.96447],
			"to": [14.5, 17.25, 5.03553],
			"rotation": {"angle": -22.5, "axis": "y", "origin": [12, 16.625, 4]},
			"faces": {
				"east": {"uv": [1, 0, 3.07106, 1.25], "texture": "#0", "cullface": "up"},
				"west": {"uv": [1, 0, 3.07106, 1.25], "texture": "#0", "cullface": "up"},
				"up": {"uv": [1, 1, 6, 3.07106], "texture": "#0", "cullface": "up"}
			}
		},
		{
			"from": [2.96447, 16, 1.5],
			"to": [5.03553, 17.25, 6.5],
			"rotation": {"angle": 22.5, "axis": "y", "origin": [4, 16.625, 4]},
			"faces": {
				"north": {"uv": [1, 0, 3.07106, 1.25], "texture": "#0", "cullface": "up"},
				"south": {"uv": [1, 0, 3.07106, 1.25], "texture": "#0", "cullface": "up"},
				"up": {"uv": [1, 1, 3.07106, 6], "texture": "#0", "cullface": "up"}
			}
		},
		{
			"from": [2.96447, 16, 1.5],
			"to": [5.03553, 17.25, 6.5],
			"rotation": {"angle": -22.5, "axis": "y", "origin": [4, 16.625, 4]},
			"faces": {
				"north": {"uv": [1, 0, 3.07106, 1.25], "texture": "#0", "cullface": "up"},
				"south": {"uv": [1, 0, 3.07106, 1.25], "texture": "#0", "cullface": "up"},
				"up": {"uv": [1, 1, 3.07106, 6], "texture": "#0", "cullface": "up"}
			}
		},
		{
			"from": [1.5, 16, 2.96447],
			"to": [6.5, 17.25, 5.03553],
			"rotation": {"angle": 22.5, "axis": "y", "origin": [4, 16.625, 4]},
			"faces": {
				"east": {"uv": [1, 0, 3.07106, 1.25], "texture": "#0", "cullface": "up"},
				"south": {"uv": [1, 0, 3.07106, 1.25], "texture": "#0", "cullface": "up"},
				"west": {"uv": [1, 0, 3.07106, 1.25], "texture": "#0", "cullface": "up"},
				"up": {"uv": [1, 1, 6, 3.07106], "texture": "#0", "cullface": "up"}
			}
		},
		{
			"from": [1.5, 16, 2.96447],
			"to": [6.5, 17.25, 5.03553],
			"rotation": {"angle": -22.5, "axis": "y", "origin": [4, 16.625, 4]},
			"faces": {
				"east": {"uv": [1, 0, 3.07106, 1.25], "texture": "#0", "cullface": "up"},
				"west": {"uv": [1, 0, 3.07106, 1.25], "texture": "#0", "cullface": "up"},
				"up": {"uv": [1, 1, 6, 3.07106], "texture": "#0", "cullface": "up"}
			}
		},
		{
			"from": [0, 0, 0],
			"to": [1, 2.666, 16],
			"rotation": {"angle": 0, "axis": "y", "origin": [8, 10.6666, 8]},
			"faces": {
				"east": {"uv": [0, 13.334, 16, 16], "texture": "#0", "cullface": "down"},
				"west": {"uv": [16, 0, 0, 2.666], "texture": "#0", "cullface": "west"},
				"down": {"uv": [0, 0, 1, 16], "texture": "#0", "cullface": "down"}
			}
		},
		{
			"from": [0, 0, 0],
			"to": [16, 2.666, 1],
			"rotation": {"angle": 0, "axis": "y", "origin": [8, 10.6666, 8]},
			"faces": {
				"north": {"uv": [0, 0, 16, 2.666], "texture": "#0", "cullface": "north"},
				"south": {"uv": [0, 13.334, 16, 16], "texture": "#0", "cullface": "down"},
				"down": {"uv": [0, 15, 16, 16], "texture": "#0", "cullface": "down"}
			}
		},
		{
			"from": [0, 0, 15],
			"to": [16, 2.666, 16],
			"rotation": {"angle": 0, "axis": "y", "origin": [8, 10.6666, 8]},
			"faces": {
				"north": {"uv": [0, 13.334, 16, 16], "texture": "#0", "cullface": "down"},
				"south": {"uv": [0, 0, 16, 2.666], "texture": "#0", "cullface": "south"},
				"down": {"uv": [0, 0, 16, 1], "texture": "#0", "cullface": "down"}
			}
		},
		{
			"from": [0, 13.334, 0],
			"to": [16, 16, 16],
			"rotation": {"angle": 0, "axis": "y", "origin": [8, 24.0006, 8]},
			"faces": {
				"north": {"uv": [0, 0, 16, 2.666], "texture": "#0", "cullface": "north"},
				"east": {"uv": [0, 0, 16, 2.666], "texture": "#0", "cullface": "east"},
				"south": {"uv": [0, 0, 16, 2.666], "texture": "#0", "cullface": "south"},
				"west": {"uv": [0, 0, 16, 2.666], "texture": "#0", "cullface": "west"},
				"up": {"uv": [0, 0, 16, 16], "texture": "#0", "cullface": "up"},
				"down": {"uv": [0, 0, 16, 16], "texture": "#0", "cullface": "south"}
			}
		},
		{
			"from": [0, 2.666, 0],
			"to": [16, 5.332, 16],
			"rotation": {"angle": 0, "axis": "y", "origin": [8, 13.3326, 8]},
			"faces": {
				"north": {"uv": [0, 0, 16, 2.666], "texture": "#2", "cullface": "north"},
				"east": {"uv": [0, 0, 16, 2.666], "texture": "#2", "cullface": "east"},
				"south": {"uv": [0, 0, 16, 2.666], "texture": "#2", "cullface": "south"},
				"west": {"uv": [0, 0, 16, 2.666], "texture": "#2", "cullface": "west"},
				"up": {"uv": [0, 0, 16, 16], "texture": "#2"},
				"down": {"uv": [0, 0, 16, 16], "texture": "#0", "cullface": "down"}
			}
		},
		{
			"from": [0, 7.998, 0],
			"to": [16, 10.664, 16],
			"rotation": {"angle": 0, "axis": "y", "origin": [8, 18.6646, 8]},
			"faces": {
				"north": {"uv": [0, 0, 16, 2.666], "texture": "#0", "cullface": "north"},
				"east": {"uv": [0, 0, 16, 2.666], "texture": "#0", "cullface": "east"},
				"south": {"uv": [0, 0, 16, 2.666], "texture": "#0", "cullface": "south"},
				"west": {"uv": [0, 0, 16, 2.666], "texture": "#0", "cullface": "west"},
				"up": {"uv": [0, 0, 16, 16], "texture": "#0"},
				"down": {"uv": [0, 0, 16, 16], "texture": "#0"}
			}
		},
		{
			"from": [8, 5.332, 8],
			"to": [16, 7.998, 16],
			"rotation": {"angle": 0, "axis": "y", "origin": [8, 15.9986, 8]},
			"faces": {
				"north": {"uv": [0, 0, 8, 2.666], "texture": "#1"},
				"east": {"uv": [0, 0, 8, 2.666], "texture": "#1"},
				"south": {"uv": [8, 0, 16, 2.666], "texture": "#1"},
				"west": {"uv": [8, 0, 16, 2.666], "texture": "#1"}
			}
		},
		{
			"from": [8, 10.664, 0],
			"to": [16, 13.33, 8],
			"rotation": {"angle": 0, "axis": "y", "origin": [8, 21.3306, 0]},
			"faces": {
				"north": {"uv": [0, 0, 8, 2.666], "texture": "#2"},
				"east": {"uv": [8, 0, 16, 2.666], "texture": "#2"},
				"south": {"uv": [8, 0, 16, 2.666], "texture": "#2"},
				"west": {"uv": [0, 0, 8, 2.666], "texture": "#2"},
				"down": {"uv": [8, 8, 16, 16], "texture": "#2", "cullface": "up"}
			}
		},
		{
			"from": [16, 7.998, 16],
			"to": [0, 5.332, 0],
			"rotation": {"angle": 0, "axis": "y", "origin": [8, 18.6646, 16]},
			"faces": {
				"north": {"uv": [0, 13.334, 16, 16], "texture": "#1"},
				"east": {"uv": [0, 13.334, 16, 16], "texture": "#1"},
				"south": {"uv": [0, 13.334, 16, 16], "texture": "#1"},
				"west": {"uv": [0, 13.334, 16, 16], "texture": "#1"}
			}
		},
		{
			"from": [16, 13.33, 16],
			"to": [0, 10.664, 0],
			"rotation": {"angle": 0, "axis": "y", "origin": [8, 23.9966, 16]},
			"faces": {
				"north": {"uv": [0, 13.334, 16, 16], "texture": "#2"},
				"east": {"uv": [0, 13.334, 16, 16], "texture": "#2"},
				"south": {"uv": [0, 13.334, 16, 16], "texture": "#2"},
				"west": {"uv": [0, 13.334, 16, 16], "texture": "#2"}
			}
		},
		{
			"from": [0, 10.664, 8],
			"to": [8, 13.33, 16],
			"rotation": {"angle": 0, "axis": "y", "origin": [0, 21.3306, 8]},
			"faces": {
				"north": {"uv": [8, 0, 16, 2.666], "texture": "#2"},
				"east": {"uv": [0, 0, 8, 2.666], "texture": "#2"},
				"south": {"uv": [0, 0, 8, 2.666], "texture": "#2"},
				"west": {"uv": [8, 0, 16, 2.666], "texture": "#2"},
				"down": {"uv": [0, 0, 8, 8], "texture": "#2", "cullface": "up"}
			}
		},
		{
			"from": [0, 5.332, 0],
			"to": [8, 7.998, 8],
			"rotation": {"angle": 0, "axis": "y", "origin": [0, 15.9986, 0]},
			"faces": {
				"north": {"uv": [8, 0, 16, 2.666], "texture": "#1"},
				"east": {"uv": [8, 0, 16, 2.666], "texture": "#1"},
				"south": {"uv": [0, 0, 8, 2.666], "texture": "#1"},
				"west": {"uv": [0, 0, 8, 2.666], "texture": "#1"}
			}
		},
		{
			"from": [15, 0, 0],
			"to": [16, 2.666, 16],
			"faces": {
				"east": {"uv": [16, 0, 0, 2.666], "texture": "#0", "cullface": "east"},
				"west": {"uv": [0, 13.334, 16, 16], "texture": "#0", "cullface": "down"},
				"down": {"uv": [15, 0, 16, 16], "texture": "#0", "cullface": "down"}
			}
		},
		{
			"from": [6.55025, 0, 4.5],
			"to": [9.44975, 2.666, 5.5],
			"rotation": {"angle": -22.5, "axis": "y", "origin": [8, 8, 8]},
			"faces": {
				"north": {"uv": [1, 13.334, 3.8995, 16], "texture": "#0", "cullface": "down"},
				"south": {"uv": [1, 13.575, 3.8995, 16], "texture": "#0", "cullface": "down"},
				"down": {"uv": [1, 1, 3.8995, 2], "texture": "#0", "cullface": "down"}
			}
		},
		{
			"from": [6.55025, 0, 10.5],
			"to": [9.44975, 2.666, 11.5],
			"rotation": {"angle": 22.5, "axis": "y", "origin": [8, 8, 8]},
			"faces": {
				"north": {"uv": [1, 13.575, 3.8995, 16], "texture": "#0", "cullface": "down"},
				"south": {"uv": [1, 13.575, 3.8995, 16], "texture": "#0", "cullface": "down"},
				"down": {"uv": [1, 1, 3.89949, 2], "texture": "#0", "cullface": "down"}
			}
		},
		{
			"from": [6.55025, 0, 10.5],
			"to": [9.44975, 2.666, 11.5],
			"rotation": {"angle": -22.5, "axis": "y", "origin": [8, 8, 8]},
			"faces": {
				"north": {"uv": [1, 13.575, 3.8995, 16], "texture": "#0", "cullface": "down"},
				"south": {"uv": [1, 13.575, 3.8995, 16], "texture": "#0", "cullface": "down"},
				"down": {"uv": [1, 1, 3.89949, 2], "texture": "#0", "cullface": "down"}
			}
		},
		{
			"from": [4.5, 0, 6.55025],
			"to": [5.5, 2.666, 9.44975],
			"rotation": {"angle": 22.5, "axis": "y", "origin": [8, 8, 8]},
			"faces": {
				"east": {"uv": [1, 13.575, 3.8995, 16], "texture": "#0", "cullface": "down"},
				"west": {"uv": [1, 13.575, 3.8995, 16], "texture": "#0", "cullface": "down"},
				"down": {"uv": [1, 1, 2, 3.89949], "texture": "#0", "cullface": "down"}
			}
		},
		{
			"from": [4.5, 0, 6.55025],
			"to": [5.5, 2.666, 9.44975],
			"rotation": {"angle": -22.5, "axis": "y", "origin": [8, 8, 8]},
			"faces": {
				"east": {"uv": [1, 13.575, 3.8995, 16], "texture": "#0", "cullface": "down"},
				"west": {"uv": [1, 13.575, 3.8995, 16], "texture": "#0", "cullface": "down"},
				"down": {"uv": [1, 1, 2, 3.89949], "texture": "#0", "cullface": "down"}
			}
		},
		{
			"from": [10.5, 0, 6.55025],
			"to": [11.5, 2.666, 9.44975],
			"rotation": {"angle": 22.5, "axis": "y", "origin": [8, 8, 8]},
			"faces": {
				"east": {"uv": [1, 13.575, 3.8995, 16], "texture": "#0", "cullface": "down"},
				"west": {"uv": [1, 13.575, 3.8995, 16], "texture": "#0", "cullface": "down"},
				"down": {"uv": [1, 1, 2, 3.89949], "texture": "#0", "cullface": "down"}
			}
		},
		{
			"from": [10.5, 0, 6.55025],
			"to": [11.5, 2.666, 9.44975],
			"rotation": {"angle": -22.5, "axis": "y", "origin": [8, 8, 8]},
			"faces": {
				"east": {"uv": [1, 13.575, 3.8995, 16], "texture": "#0", "cullface": "down"},
				"west": {"uv": [1, 13.575, 3.8995, 16], "texture": "#0", "cullface": "down"},
				"down": {"uv": [1, 1, 2, 3.89949], "texture": "#0", "cullface": "down"}
			}
		},
		{
			"from": [6.55025, 0, 4.5],
			"to": [9.44975, 2.666, 5.5],
			"rotation": {"angle": 22.5, "axis": "y", "origin": [8, 8, 8]},
			"faces": {
				"north": {"uv": [1, 13.575, 3.8995, 16], "texture": "#0", "cullface": "down"},
				"south": {"uv": [1, 13.575, 3.8995, 16], "texture": "#0", "cullface": "down"},
				"down": {"uv": [1, 1, 3.89949, 2], "texture": "#0", "cullface": "down"}
			}
		}
	],
	"display": {
		"thirdperson_righthand": {
			"rotation": [75, 45, 0],
			"translation": [0, 2.5, 0],
			"scale": [0.375, 0.375, 0.375]
		},
		"thirdperson_lefthand": {
			"rotation": [75, 45, 0],
			"translation": [0, 2.5, 0],
			"scale": [0.375, 0.375, 0.375]
		},
		"firstperson_righthand": {
			"rotation": [0, 45, 0],
			"scale": [0.4, 0.4, 0.4]
		},
		"firstperson_lefthand": {
			"rotation": [0, 225, 0],
			"scale": [0.4, 0.4, 0.4]
		},
		"ground": {
			"translation": [0, 3, 0],
			"scale": [0.25, 0.25, 0.25]
		},
		"gui": {
			"rotation": [30, 225, 0],
			"scale": [0.625, 0.625, 0.625]
		},
		"fixed": {
			"scale": [0.5, 0.5, 0.5]
		}
	},
	"groups": [
		{
			"name": "small_round1x1_simple",
			"origin": [8, 8, 8],
			"color": 0,
			"children": [
				{
					"name": "center",
					"origin": [8, 8, 8],
					"color": 0,
					"children": [0, 1, 2, 3]
				},
				{
					"name": "bottom",
					"origin": [8, 8, 8],
					"color": 0,
					"children": [4, 5, 6, 7]
				}
			]
		},
		{
			"name": "small_round1x1_simple",
			"origin": [8, 8, 8],
			"color": 0,
			"children": [
				{
					"name": "center",
					"origin": [8, 8, 8],
					"color": 0,
					"children": [8, 9, 10, 11]
				},
				{
					"name": "bottom",
					"origin": [8, 8, 8],
					"color": 0,
					"children": [12, 13, 14, 15]
				}
			]
		},
		{
			"name": "small_round1x1_simple",
			"origin": [8, 8, 8],
			"color": 0,
			"children": [
				{
					"name": "center",
					"origin": [8, 8, 8],
					"color": 0,
					"children": [16, 17, 18, 19]
				},
				{
					"name": "bottom",
					"origin": [8, 8, 8],
					"color": 0,
					"children": [20, 21, 22, 23]
				}
			]
		},
		{
			"name": "small_round1x1_simple",
			"origin": [8, 8, 8],
			"color": 0,
			"children": [
				{
					"name": "center",
					"origin": [8, 8, 8],
					"color": 0,
					"children": [24, 25, 26, 27]
				},
				{
					"name": "bottom",
					"origin": [8, 8, 8],
					"color": 0,
					"children": [28, 29, 30, 31]
				}
			]
		},
		{
			"name": "studs",
			"origin": [8, 8, 8],
			"color": 0,
			"children": [
				{
					"name": "stud",
					"origin": [8, 8, 8],
					"color": 0,
					"children": [32, 33, 34, 35]
				},
				{
					"name": "stud",
					"origin": [8, 8, 8],
					"color": 0,
					"children": [36, 37, 38, 39]
				},
				{
					"name": "stud",
					"origin": [8, 8, 8],
					"color": 0,
					"children": [40, 41, 42, 43]
				},
				{
					"name": "stud",
					"origin": [8, 8, 8],
					"color": 0,
					"children": [44, 45, 46, 47]
				}
			]
		},
		{
			"name": "magenta_glazed_terracotta",
			"origin": [8, 8, 8],
			"color": 0,
			"children": [48, 49, 50, 51, 52, 53, 54, 55, 56, 57, 58, 59, 60]
		},
		{
			"name": "circle_bottom_short_simple",
			"origin": [8, 8, 8],
			"color": 0,
			"children": [
				{
					"name": "circle_bottom",
					"origin": [8, 8, 8],
					"color": 0,
					"children": [61, 62, 63, 64, 65, 66, 67, 68]
				}
			]
		}
	]
}