{
	"credit": "AlexTestria | https://alex-bauerndistel.de",
	"textures": {
		"particle": "#0"
	},
	"elements": [
		{
			"from": [0, 0, 0],
			"to": [0.075, 1, 16],
			"rotation": {"angle": 0, "axis": "y", "origin": [0, 0, 16]},
			"faces": {
				"west": {"uv": [0, 15, 16, 16], "texture": "#2", "cullface": "west"},
				"up": {"uv": [1.075, 16, 1, 0], "texture": "#2", "cullface": "west"},
				"down": {"uv": [1.075, 16, 1, 0], "texture": "#2", "cullface": "down"}
			}
		},
		{
			"from": [0, 0, 15],
			"to": [0.075, 16, 16],
			"rotation": {"angle": 0, "axis": "y", "origin": [0, 0, 16]},
			"faces": {
				"north": {"uv": [1, 0, 1.075, 16], "texture": "#2", "cullface": "west"},
				"south": {"uv": [1, 0, 1.075, 16], "texture": "#2", "cullface": "south"},
				"west": {"uv": [15, 0, 16, 16], "texture": "#2", "cullface": "west"}
			}
		},
		{
			"from": [0, 0, 0],
			"to": [0.075, 16, 1],
			"rotation": {"angle": 0, "axis": "y", "origin": [0, 0, 16]},
			"faces": {
				"north": {"uv": [1, 0, 1.075, 16], "texture": "#2", "cullface": "north"},
				"south": {"uv": [1, 0, 1.075, 16], "texture": "#2", "cullface": "north"},
				"west": {"uv": [0, 0, 1, 16], "texture": "#2", "cullface": "west"}
			}
		},
		{
			"from": [0.075, 0, 0],
			"to": [2.6666, 16, 16],
			"rotation": {"angle": 0, "axis": "y", "origin": [0, 16, 16]},
			"faces": {
				"north": {"uv": [0, 0, 2.5916, 16], "texture": "#1", "cullface": "north"},
				"south": {"uv": [2.5916, 0, 0, 16], "texture": "#1", "cullface": "south"},
				"down": {"uv": [2.5916, 16, 0, 0], "texture": "#1", "cullface": "down"}
			}
		},
		{
			"from": [2.1666, 16, 15],
			"to": [0.075, 1, 1],
			"rotation": {"angle": 0, "axis": "y", "origin": [1.0166, 17, 15]},
			"faces": {
				"north": {"uv": [0, 0, 2.0916, 15], "texture": "#1", "cullface": "west"},
				"south": {"uv": [2.0916, 0, 0, 15], "texture": "#1", "cullface": "west"},
				"west": {"uv": [1, 16, 14, 1], "texture": "#1", "cullface": "west"},
				"up": {"uv": [2.0916, 15, 0, 1], "texture": "#1", "cullface": "west"}
			}
		},
		{
			"from": [0.075, 15.30381, 10.5],
			"to": [2.25, 15.99619, 11.5],
			"rotation": {"angle": 0, "axis": "y", "origin": [8, 16, 8]},
			"faces": {
				"north": {"uv": [1, 1, 3.175, 1.69238], "texture": "#1", "cullface": "west"},
				"south": {"uv": [1, 1, 3.175, 1.69238], "texture": "#1", "cullface": "west"},
				"west": {"uv": [1, 1, 2, 1.69238], "texture": "#1", "cullface": "west"}
			}
		},
		{
			"from": [0.075, 15.30381, 10.5],
			"to": [2.25, 16.69619, 11.5],
			"rotation": {"angle": 22.5, "axis": "x", "origin": [8, 16, 8]},
			"faces": {
				"north": {"uv": [1, 1, 3.175, 2.39238], "texture": "#1", "cullface": "west"},
				"south": {"uv": [1, 1, 3.175, 2.39238], "texture": "#1", "cullface": "west"},
				"west": {"uv": [1, 1, 2, 2.39238], "texture": "#1", "cullface": "west"}
			}
		},
		{
			"from": [0.075, 15.30381, 10.5],
			"to": [2.25, 16.69619, 11.5],
			"rotation": {"angle": 45, "axis": "x", "origin": [8, 16, 8]},
			"faces": {
				"north": {"uv": [1, 1, 3.175, 2.39238], "texture": "#1", "cullface": "west"},
				"south": {"uv": [1, 1, 3.175, 2.39238], "texture": "#1", "cullface": "west"},
				"west": {"uv": [1, 1, 2, 2.39238], "texture": "#1", "cullface": "west"}
			}
		},
		{
			"from": [0.075, 15.30381, 4.5],
			"to": [2.25, 16.69619, 5.5],
			"rotation": {"angle": -45, "axis": "x", "origin": [8, 16, 8]},
			"faces": {
				"north": {"uv": [1, 1, 3.175, 2.39238], "texture": "#1", "cullface": "west"},
				"south": {"uv": [1, 1, 3.175, 2.39238], "texture": "#1", "cullface": "west"},
				"west": {"uv": [1, 1, 2, 2.39238], "texture": "#1", "cullface": "west"}
			}
		},
		{
			"from": [0.075, 15.30381, 4.5],
			"to": [2.25, 16.69619, 5.5],
			"rotation": {"angle": -22.5, "axis": "x", "origin": [8, 16, 8]},
			"faces": {
				"north": {"uv": [1, 1, 3.175, 2.39238], "texture": "#1", "cullface": "west"},
				"south": {"uv": [1, 1, 3.175, 2.39238], "texture": "#1", "cullface": "west"},
				"west": {"uv": [1, 1, 2, 2.39238], "texture": "#1", "cullface": "west"}
			}
		},
		{
			"from": [0.075, 15.30381, 4.5],
			"to": [2.25, 15.99619, 5.5],
			"rotation": {"angle": 0, "axis": "y", "origin": [8, 16, 8]},
			"faces": {
				"north": {"uv": [1, 1, 3.175, 1.69238], "texture": "#1", "cullface": "west"},
				"south": {"uv": [1, 1, 3.175, 1.69238], "texture": "#1", "cullface": "west"},
				"west": {"uv": [1, 1, 2, 1.69238], "texture": "#1", "cullface": "west"}
			}
		},
		{
			"from": [0.075, 12.5, 7.30381],
			"to": [2.25, 13.5, 8.69619],
			"rotation": {"angle": -22.5, "axis": "x", "origin": [8, 16, 8]},
			"faces": {
				"west": {"uv": [1, 1, 2.39238, 2], "texture": "#1", "cullface": "west"},
				"up": {"uv": [3.175, 2.39238, 1, 1], "texture": "#1", "cullface": "west"},
				"down": {"uv": [3.175, 2.39238, 1, 1], "texture": "#1", "cullface": "west"}
			}
		},
		{
			"from": [0.075, 12.5, 7.30381],
			"to": [2.25, 13.5, 8.69619],
			"rotation": {"angle": 0, "axis": "y", "origin": [8, 16, 8]},
			"faces": {
				"west": {"uv": [1, 1, 2.39238, 2], "texture": "#1", "cullface": "west"},
				"up": {"uv": [3.175, 2.39238, 1, 1], "texture": "#1", "cullface": "west"},
				"down": {"uv": [3.175, 2.39238, 1, 1], "texture": "#1", "cullface": "west"}
			}
		},
		{
			"from": [0.075, 12.5, 7.30381],
			"to": [2.25, 13.5, 8.69619],
			"rotation": {"angle": 22.5, "axis": "x", "origin": [8, 16, 8]},
			"faces": {
				"west": {"uv": [1, 1, 2.39238, 2], "texture": "#1", "cullface": "west"},
				"up": {"uv": [3.175, 2.39238, 1, 1], "texture": "#1", "cullface": "west"},
				"down": {"uv": [3.175, 2.39238, 1, 1], "texture": "#1", "cullface": "west"}
			}
		},
		{
			"from": [0.075, 7.30381, 10.5],
			"to": [2.25, 8.69619, 11.5],
			"rotation": {"angle": -22.5, "axis": "x", "origin": [8, 8, 8]},
			"faces": {
				"north": {"uv": [1, 1, 3.175, 2.39238], "texture": "#1", "cullface": "west"},
				"south": {"uv": [1, 1, 3.175, 2.39238], "texture": "#1", "cullface": "west"},
				"west": {"uv": [1, 1, 2, 2.39238], "texture": "#1", "cullface": "west"}
			}
		},
		{
			"from": [0.075, 7.30381, 10.5],
			"to": [2.25, 8.69619, 11.5],
			"rotation": {"angle": 0, "axis": "y", "origin": [8, 8, 8]},
			"faces": {
				"north": {"uv": [1, 1, 3.175, 2.39238], "texture": "#1", "cullface": "west"},
				"south": {"uv": [1, 1, 3.175, 2.39238], "texture": "#1", "cullface": "west"},
				"west": {"uv": [1, 1, 2, 2.39238], "texture": "#1", "cullface": "west"}
			}
		},
		{
			"from": [0.075, 7.30381, 10.5],
			"to": [2.25, 8.69619, 11.5],
			"rotation": {"angle": 22.5, "axis": "x", "origin": [8, 8, 8]},
			"faces": {
				"north": {"uv": [1, 1, 3.175, 2.39238], "texture": "#1", "cullface": "west"},
				"south": {"uv": [1, 1, 3.175, 2.39238], "texture": "#1", "cullface": "west"},
				"west": {"uv": [1, 1, 2, 2.39238], "texture": "#1", "cullface": "west"}
			}
		},
		{
			"from": [0.075, 7.30381, 10.5],
			"to": [2.25, 8.69619, 11.5],
			"rotation": {"angle": 45, "axis": "x", "origin": [8, 8, 8]},
			"faces": {
				"north": {"uv": [1, 1, 3.175, 2.39238], "texture": "#1", "cullface": "west"},
				"south": {"uv": [1, 1, 3.175, 2.39238], "texture": "#1", "cullface": "west"},
				"west": {"uv": [1, 1, 2, 2.39238], "texture": "#1", "cullface": "west"}
			}
		},
		{
			"from": [0.075, 7.30381, 4.5],
			"to": [2.25, 8.69619, 5.5],
			"rotation": {"angle": -45, "axis": "x", "origin": [8, 8, 8]},
			"faces": {
				"north": {"uv": [1, 1, 3.175, 2.39238], "texture": "#1", "cullface": "west"},
				"south": {"uv": [1, 1, 3.175, 2.39238], "texture": "#1", "cullface": "west"},
				"west": {"uv": [1, 1, 2, 2.39238], "texture": "#1", "cullface": "west"}
			}
		},
		{
			"from": [0.075, 7.30381, 4.5],
			"to": [2.25, 8.69619, 5.5],
			"rotation": {"angle": -22.5, "axis": "x", "origin": [8, 8, 8]},
			"faces": {
				"north": {"uv": [1, 1, 3.175, 2.39238], "texture": "#1", "cullface": "west"},
				"south": {"uv": [1, 1, 3.175, 2.39238], "texture": "#1", "cullface": "west"},
				"west": {"uv": [1, 1, 2, 2.39238], "texture": "#1", "cullface": "west"}
			}
		},
		{
			"from": [0.075, 7.30381, 4.5],
			"to": [2.25, 8.69619, 5.5],
			"rotation": {"angle": 0, "axis": "y", "origin": [8, 8, 8]},
			"faces": {
				"north": {"uv": [1, 1, 3.175, 2.39238], "texture": "#1", "cullface": "west"},
				"south": {"uv": [1, 1, 3.175, 2.39238], "texture": "#1", "cullface": "west"},
				"west": {"uv": [1, 1, 2, 2.39238], "texture": "#1", "cullface": "west"}
			}
		},
		{
			"from": [0.075, 7.30381, 4.5],
			"to": [2.25, 8.69619, 5.5],
			"rotation": {"angle": 22.5, "axis": "x", "origin": [8, 8, 8]},
			"faces": {
				"north": {"uv": [1, 1, 3.175, 2.39238], "texture": "#1", "cullface": "west"},
				"south": {"uv": [1, 1, 3.175, 2.39238], "texture": "#1", "cullface": "west"},
				"west": {"uv": [1, 1, 2, 2.39238], "texture": "#1", "cullface": "west"}
			}
		},
		{
			"from": [0.075, 7.30381, 4.5],
			"to": [2.25, 8.69619, 5.5],
			"rotation": {"angle": 45, "axis": "x", "origin": [8, 8, 8]},
			"faces": {
				"north": {"uv": [1, 1, 3.175, 2.39238], "texture": "#1", "cullface": "west"},
				"south": {"uv": [1, 1, 3.175, 2.39238], "texture": "#1", "cullface": "west"},
				"west": {"uv": [1, 1, 2, 2.39238], "texture": "#1", "cullface": "west"}
			}
		},
		{
			"from": [0.075, 4.5, 7.30381],
			"to": [2.25, 5.5, 8.69619],
			"rotation": {"angle": -22.5, "axis": "x", "origin": [8, 8, 8]},
			"faces": {
				"west": {"uv": [1, 1, 2.39238, 2], "texture": "#1", "cullface": "west"},
				"up": {"uv": [3.175, 2.39238, 1, 1], "texture": "#1", "cullface": "west"},
				"down": {"uv": [3.175, 2.39238, 1, 1], "texture": "#1", "cullface": "west"}
			}
		},
		{
			"from": [0.075, 4.5, 7.30381],
			"to": [2.25, 5.5, 8.69619],
			"rotation": {"angle": 0, "axis": "y", "origin": [8, 8, 8]},
			"faces": {
				"west": {"uv": [1, 1, 2.39238, 2], "texture": "#1", "cullface": "west"},
				"up": {"uv": [3.175, 2.39238, 1, 1], "texture": "#1", "cullface": "west"},
				"down": {"uv": [3.175, 2.39238, 1, 1], "texture": "#1", "cullface": "west"}
			}
		},
		{
			"from": [0.075, 4.5, 7.30381],
			"to": [2.25, 5.5, 8.69619],
			"rotation": {"angle": 22.5, "axis": "x", "origin": [8, 8, 8]},
			"faces": {
				"west": {"uv": [1, 1, 2.39238, 2], "texture": "#1", "cullface": "west"},
				"up": {"uv": [3.175, 2.39238, 1, 1], "texture": "#1", "cullface": "west"},
				"down": {"uv": [3.175, 2.39238, 1, 1], "texture": "#1", "cullface": "west"}
			}
		},
		{
			"from": [0.075, 10.5, 7.30381],
			"to": [2.25, 11.5, 8.69619],
			"rotation": {"angle": -22.5, "axis": "x", "origin": [8, 8, 8]},
			"faces": {
				"west": {"uv": [1, 1, 2.39238, 2], "texture": "#1", "cullface": "west"},
				"up": {"uv": [3.175, 2.39238, 1, 1], "texture": "#1", "cullface": "west"},
				"down": {"uv": [3.175, 2.39238, 1, 1], "texture": "#1", "cullface": "west"}
			}
		},
		{
			"from": [0.075, 10.5, 7.30381],
			"to": [2.25, 11.5, 8.69619],
			"rotation": {"angle": 0, "axis": "y", "origin": [8, 8, 8]},
			"faces": {
				"west": {"uv": [1, 1, 2.39238, 2], "texture": "#1", "cullface": "west"},
				"up": {"uv": [3.175, 2.39238, 1, 1], "texture": "#1", "cullface": "west"},
				"down": {"uv": [3.175, 2.39238, 1, 1], "texture": "#1", "cullface": "west"}
			}
		},
		{
			"from": [0.075, 10.5, 7.30381],
			"to": [2.25, 11.5, 8.69619],
			"rotation": {"angle": 22.5, "axis": "x", "origin": [8, 8, 8]},
			"faces": {
				"west": {"uv": [1, 1, 2.39238, 2], "texture": "#1", "cullface": "west"},
				"up": {"uv": [3.175, 2.39238, 1, 1], "texture": "#1", "cullface": "west"},
				"down": {"uv": [3.175, 2.39238, 1, 1], "texture": "#1", "cullface": "west"}
			}
		},
		{
			"from": [0.075, 7.30381, 10.5],
			"to": [2.25, 8.69619, 11.5],
			"rotation": {"angle": -45, "axis": "x", "origin": [8, 8, 8]},
			"faces": {
				"north": {"uv": [1, 1, 3.175, 2.39238], "texture": "#1", "cullface": "west"},
				"south": {"uv": [1, 1, 3.175, 2.39238], "texture": "#1", "cullface": "west"},
				"west": {"uv": [1, 1, 2, 2.39238], "texture": "#1", "cullface": "west"}
			}
		},
		{
			"from": [5.3332, 7.50272, 9.5],
			"to": [6.8332, 8.49728, 10.5],
			"rotation": {"angle": -45, "axis": "x", "origin": [6.0832, 8, 8]},
			"faces": {
				"north": {"uv": [1, 1, 2.5, 1.99456], "texture": "#0"},
				"east": {"uv": [1, 1, 2, 1.99456], "texture": "#0"},
				"south": {"uv": [1, 1, 2.5, 1.99456], "texture": "#0"}
			}
		},
		{
			"from": [5.3332, 7.50272, 9.5],
			"to": [6.8332, 8.49728, 10.5],
			"rotation": {"angle": -22.5, "axis": "x", "origin": [6.0832, 8, 8]},
			"faces": {
				"north": {"uv": [1, 1, 2.5, 1.99456], "texture": "#0"},
				"east": {"uv": [1, 1, 2, 1.99456], "texture": "#0"},
				"south": {"uv": [1, 1, 2.5, 1.99456], "texture": "#0"}
			}
		},
		{
			"from": [5.3332, 7.50272, 9.5],
			"to": [6.8332, 8.49728, 10.5],
			"rotation": {"angle": 0, "axis": "y", "origin": [6.0832, 8, 8]},
			"faces": {
				"north": {"uv": [1, 1, 2.5, 1.99456], "texture": "#0"},
				"east": {"uv": [1, 1, 2, 1.99456], "texture": "#0"},
				"south": {"uv": [1, 1, 2.5, 1.99456], "texture": "#0"}
			}
		},
		{
			"from": [5.3332, 7.50272, 9.5],
			"to": [6.8332, 8.49728, 10.5],
			"rotation": {"angle": 22.5, "axis": "x", "origin": [6.0832, 8, 8]},
			"faces": {
				"north": {"uv": [1, 1, 2.5, 1.99456], "texture": "#0"},
				"east": {"uv": [1, 1, 2, 1.99456], "texture": "#0"},
				"south": {"uv": [1, 1, 2.5, 1.99456], "texture": "#0"}
			}
		},
		{
			"from": [5.3332, 7.50272, 9.5],
			"to": [6.8332, 8.49728, 10.5],
			"rotation": {"angle": 45, "axis": "x", "origin": [6.0832, 8, 8]},
			"faces": {
				"north": {"uv": [1, 1, 2.5, 1.99456], "texture": "#0"},
				"east": {"uv": [1, 1, 2, 1.99456], "texture": "#0"},
				"south": {"uv": [1, 1, 2.5, 1.99456], "texture": "#0"}
			}
		},
		{
			"from": [5.3332, 7.50272, 5.5],
			"to": [6.8332, 8.49728, 6.5],
			"rotation": {"angle": -45, "axis": "x", "origin": [6.0832, 8, 8]},
			"faces": {
				"north": {"uv": [1, 1, 2.5, 1.99456], "texture": "#0"},
				"east": {"uv": [1, 1, 2, 1.99456], "texture": "#0"},
				"south": {"uv": [1, 1, 2.5, 1.99456], "texture": "#0"}
			}
		},
		{
			"from": [5.3332, 7.50272, 5.5],
			"to": [6.8332, 8.49728, 6.5],
			"rotation": {"angle": -22.5, "axis": "x", "origin": [6.0832, 8, 8]},
			"faces": {
				"north": {"uv": [1, 1, 2.5, 1.99456], "texture": "#0"},
				"east": {"uv": [1, 1, 2, 1.99456], "texture": "#0"},
				"south": {"uv": [1, 1, 2.5, 1.99456], "texture": "#0"}
			}
		},
		{
			"from": [5.3332, 7.50272, 5.5],
			"to": [6.8332, 8.49728, 6.5],
			"rotation": {"angle": 0, "axis": "y", "origin": [6.0832, 8, 8]},
			"faces": {
				"north": {"uv": [1, 1, 2.5, 1.99456], "texture": "#0"},
				"east": {"uv": [1, 1, 2, 1.99456], "texture": "#0"},
				"south": {"uv": [1, 1, 2.5, 1.99456], "texture": "#0"}
			}
		},
		{
			"from": [5.3332, 7.50272, 5.5],
			"to": [6.8332, 8.49728, 6.5],
			"rotation": {"angle": 22.5, "axis": "x", "origin": [6.0832, 8, 8]},
			"faces": {
				"north": {"uv": [1, 1, 2.5, 1.99456], "texture": "#0"},
				"east": {"uv": [1, 1, 2, 1.99456], "texture": "#0"},
				"south": {"uv": [1, 1, 2.5, 1.99456], "texture": "#0"}
			}
		},
		{
			"from": [5.3332, 7.50272, 5.5],
			"to": [6.8332, 8.49728, 6.5],
			"rotation": {"angle": 45, "axis": "x", "origin": [6.0832, 8, 8]},
			"faces": {
				"north": {"uv": [1, 1, 2.5, 1.99456], "texture": "#0"},
				"east": {"uv": [1, 1, 2, 1.99456], "texture": "#0"},
				"south": {"uv": [1, 1, 2.5, 1.99456], "texture": "#0"}
			}
		},
		{
			"from": [5.3332, 5.5, 7.50272],
			"to": [6.8332, 6.5, 8.49728],
			"rotation": {"angle": -22.5, "axis": "x", "origin": [6.0832, 8, 8]},
			"faces": {
				"east": {"uv": [1, 1, 1.99456, 2], "texture": "#0"},
				"up": {"uv": [2.5, 1.99456, 1, 1], "texture": "#0"},
				"down": {"uv": [2.5, 1.99456, 1, 1], "texture": "#0"}
			}
		},
		{
			"from": [5.3332, 5.5, 7.50272],
			"to": [6.8332, 6.5, 8.49728],
			"rotation": {"angle": 0, "axis": "y", "origin": [6.0832, 8, 8]},
			"faces": {
				"east": {"uv": [1, 1, 1.99456, 2], "texture": "#0"},
				"up": {"uv": [2.5, 1.99456, 1, 1], "texture": "#0"},
				"down": {"uv": [2.5, 1.99456, 1, 1], "texture": "#0"}
			}
		},
		{
			"from": [5.3332, 5.5, 7.50272],
			"to": [6.8332, 6.5, 8.49728],
			"rotation": {"angle": 22.5, "axis": "x", "origin": [6.0832, 8, 8]},
			"faces": {
				"east": {"uv": [1, 1, 1.99456, 2], "texture": "#0"},
				"up": {"uv": [2.5, 1.99456, 1, 1], "texture": "#0"},
				"down": {"uv": [2.5, 1.99456, 1, 1], "texture": "#0"}
			}
		},
		{
			"from": [5.3332, 9.5, 7.50272],
			"to": [6.8332, 10.5, 8.49728],
			"rotation": {"angle": -22.5, "axis": "x", "origin": [6.0832, 8, 8]},
			"faces": {
				"east": {"uv": [1, 1, 1.99456, 2], "texture": "#0"},
				"up": {"uv": [2.5, 1.99456, 1, 1], "texture": "#0"},
				"down": {"uv": [2.5, 1.99456, 1, 1], "texture": "#0"}
			}
		},
		{
			"from": [5.3332, 9.5, 7.50272],
			"to": [6.8332, 10.5, 8.49728],
			"rotation": {"angle": 0, "axis": "y", "origin": [6.0832, 8, 8]},
			"faces": {
				"east": {"uv": [1, 1, 1.99456, 2], "texture": "#0"},
				"up": {"uv": [2.5, 1.99456, 1, 1], "texture": "#0"},
				"down": {"uv": [2.5, 1.99456, 1, 1], "texture": "#0"}
			}
		},
		{
			"from": [5.3332, 9.5, 7.50272],
			"to": [6.8332, 10.5, 8.49728],
			"rotation": {"angle": 22.5, "axis": "x", "origin": [6.0832, 8, 8]},
			"faces": {
				"east": {"uv": [1, 1, 1.99456, 2], "texture": "#0"},
				"up": {"uv": [2.5, 1.99456, 1, 1], "texture": "#0"},
				"down": {"uv": [2.5, 1.99456, 1, 1], "texture": "#0"}
			}
		},
		{
			"from": [2.7416, 0, 0],
			"to": [5.3332, 16, 16],
			"rotation": {"angle": 0, "axis": "y", "origin": [2.6666, 16, 16]},
			"faces": {
				"north": {"uv": [0, 0, 2.5916, 16], "texture": "#0", "cullface": "north"},
				"east": {"uv": [0, 0, 16, 16], "texture": "#0"},
				"south": {"uv": [2.5916, 0, 0, 16], "texture": "#0", "cullface": "south"},
				"down": {"uv": [2.5916, 16, 0, 0], "texture": "#0", "cullface": "down"}
			}
		},
		{
			"from": [2.6666, 0, 0],
			"to": [2.7416, 16, 16],
			"rotation": {"angle": 0, "axis": "y", "origin": [2.6666, 0, 16]},
			"faces": {
				"north": {"uv": [1, 0, 1.075, 16], "texture": "#2", "cullface": "north"},
				"south": {"uv": [1, 0, 1.075, 16], "texture": "#2", "cullface": "south"},
				"down": {"uv": [1.075, 16, 1, 0], "texture": "#2", "cullface": "down"}
			}
		}
	],
	"display": {
		"thirdperson_righthand": {
			"rotation": [75, -15, 0],
			"translation": [0.75, 0.5, -1.5],
			"scale": [0.15, 0.15, 0.15]
		},
		"thirdperson_lefthand": {
			"rotation": [75, -15, 0],
			"translation": [0.75, 0.5, -1.5],
			"scale": [0.15, 0.15, 0.15]
		},
		"firstperson_righthand": {
			"rotation": [0, 45, 0],
			"scale": [0.2, 0.2, 0.2]
		},
		"firstperson_lefthand": {
			"rotation": [0, -135, 0],
			"scale": [0.2, 0.2, 0.2]
		},
		"ground": {
			"translation": [0, 3, 0],
			"scale": [0.25, 0.25, 0.25]
		},
		"gui": {
			"rotation": [30, 80, 0],
			"translation": [0, -2.25, 0],
			"scale": [0.5, 0.5, 0.5]
		},
		"head": {
			"rotation": [0, -90, 0],
			"translation": [0, -3.75, -4.75],
			"scale": [0.5, 0.5, 0.5]
		},
		"fixed": {
			"rotation": [0, -90, 0],
			"translation": [0, -4.25, 1.25],
			"scale": [0.4, 0.4, 0.4]
		}
	},
	"groups": [
		{
			"name": "backplate",
			"origin": [8, 8, 8],
			"color": 0,
			"children": [0, 1, 2, 3, 4,
				{
					"name": "circle_center",
					"origin": [8, 8, 8],
					"color": 0,
					"children": [5, 6, 7, 8, 9, 10, 11, 12, 13]
				},
				{
					"name": "circle_bottom",
					"origin": [8, 8, 8],
					"color": 0,
					"children": [14, 15, 16, 17, 18, 19, 20, 21, 22, 23, 24, 25, 26, 27, 28, 29]
				}
			]
		},
		{
			"name": "flat_circle2x2",
			"origin": [8, 8, 8],
			"color": 0,
			"children": [30, 31, 32, 33, 34, 35, 36, 37, 38, 39, 40, 41, 42, 43, 44, 45, 46, 47]
		}
	]
}