{
	"credit": "AlexTestria | https://alex-bauerndistel.de",
	"textures": {
		"particle": "#0"
	},
	"elements": [
		{
			"from": [5.2582, 0, 0],
			"to": [5.3332, 1, 16],
			"rotation": {"angle": 0, "axis": "y", "origin": [5.3332, 0, 0]},
			"faces": {
				"east": {"uv": [0, 15, 16, 16], "texture": "#2"},
				"up": {"uv": [1, 0, 1.075, 16], "texture": "#2"},
				"down": {"uv": [1, 0, 1.075, 16], "texture": "#2", "cullface": "down"}
			}
		},
		{
			"from": [5.2582, 0, 0],
			"to": [5.3332, 16, 1],
			"rotation": {"angle": 0, "axis": "y", "origin": [5.3332, 0, 0]},
			"faces": {
				"north": {"uv": [1, 0, 1.075, 16], "texture": "#2", "cullface": "north"},
				"east": {"uv": [15, 0, 16, 16], "texture": "#2"},
				"south": {"uv": [1, 0, 1.075, 16], "texture": "#2"}
			}
		},
		{
			"from": [5.2582, 0, 15],
			"to": [5.3332, 16, 16],
			"rotation": {"angle": 0, "axis": "y", "origin": [5.3332, 0, 0]},
			"faces": {
				"north": {"uv": [1, 0, 1.075, 16], "texture": "#2"},
				"east": {"uv": [0, 0, 1, 16], "texture": "#2"},
				"south": {"uv": [1, 0, 1.075, 16], "texture": "#2", "cullface": "south"}
			}
		},
		{
			"from": [5.2582, 16, 15],
			"to": [5.3332, 32, 16],
			"rotation": {"angle": 0, "axis": "y", "origin": [5.3332, 16, 0]},
			"faces": {
				"north": {"uv": [1, 0, 1.075, 16], "texture": "#2"},
				"east": {"uv": [0, 0, 1, 16], "texture": "#2"},
				"south": {"uv": [1, 0, 1.075, 16], "texture": "#2", "cullface": "south"}
			}
		},
		{
			"from": [5.2582, 31, 0],
			"to": [5.3332, 32, 16],
			"rotation": {"angle": 0, "axis": "y", "origin": [5.3332, 16, 0]},
			"faces": {
				"east": {"uv": [0, 0, 16, 1], "texture": "#2"},
				"up": {"uv": [1, 0, 1.075, 16], "texture": "#2", "cullface": "up"},
				"down": {"uv": [1, 0, 1.075, 16], "texture": "#2"}
			}
		},
		{
			"from": [5.2582, 16, 0],
			"to": [5.3332, 32, 1],
			"rotation": {"angle": 0, "axis": "y", "origin": [5.3332, 16, 0]},
			"faces": {
				"north": {"uv": [1, 0, 1.075, 16], "texture": "#2", "cullface": "north"},
				"east": {"uv": [15, 0, 16, 16], "texture": "#2"},
				"south": {"uv": [1, 0, 1.075, 16], "texture": "#2"}
			}
		},
		{
			"from": [2.6666, 0, 0],
			"to": [5.2582, 16, 16],
			"rotation": {"angle": 0, "axis": "y", "origin": [5.3332, 16, 0]},
			"faces": {
				"north": {"uv": [2.5916, 0, 0, 16], "texture": "#1", "cullface": "north"},
				"south": {"uv": [0, 0, 2.5916, 16], "texture": "#1", "cullface": "south"},
				"down": {"uv": [0, 0, 2.5916, 16], "texture": "#1", "cullface": "down"}
			}
		},
		{
			"from": [2.6666, 16, 0],
			"to": [5.2582, 32, 16],
			"rotation": {"angle": 0, "axis": "y", "origin": [5.3332, 16, 0]},
			"faces": {
				"north": {"uv": [2.5916, 0, 0, 16], "texture": "#1", "cullface": "north"},
				"south": {"uv": [0, 0, 2.5916, 16], "texture": "#1", "cullface": "south"},
				"west": {"uv": [0, 0, 16, 16], "texture": "#1"},
				"up": {"uv": [0, 0, 2.5916, 16], "texture": "#1", "cullface": "up"}
			}
		},
		{
			"from": [5.2582, 16, 15],
			"to": [3.1666, 1, 1],
			"rotation": {"angle": 0, "axis": "y", "origin": [4.3166, 17, 1]},
			"faces": {
				"north": {"uv": [2.0916, 0, 0, 15], "texture": "#1"},
				"east": {"uv": [1, 16, 14, 1], "texture": "#1"},
				"south": {"uv": [0, 0, 2.0916, 15], "texture": "#1"},
				"up": {"uv": [0, 1, 2.0916, 15], "texture": "#1"}
			}
		},
		{
			"from": [5.2582, 31, 15],
			"to": [3.1666, 16, 1],
			"rotation": {"angle": 0, "axis": "y", "origin": [4.3166, 17, 1]},
			"faces": {
				"north": {"uv": [2.0916, 1, 0, 16], "texture": "#1"},
				"east": {"uv": [1, 15, 14, 0], "texture": "#1"},
				"south": {"uv": [0, 1, 2.0916, 16], "texture": "#1"},
				"down": {"uv": [0, 1, 2.0916, 15], "texture": "#1"}
			}
		},
		{
			"from": [3.0832, 15.30381, 4.5],
			"to": [5.2582, 16.69619, 5.5],
			"rotation": {"angle": 22.5, "axis": "x", "origin": [-2.6668, 16, 8]},
			"faces": {
				"north": {"uv": [1, 1, 3.175, 2.39238], "texture": "#1"},
				"east": {"uv": [1, 1, 2, 2.39238], "texture": "#1"},
				"south": {"uv": [1, 1, 3.175, 2.39238], "texture": "#1"}
			}
		},
		{
			"from": [3.0832, 15.30381, 4.5],
			"to": [5.2582, 15.99619, 5.5],
			"rotation": {"angle": 0, "axis": "y", "origin": [-2.6668, 16, 8]},
			"faces": {
				"north": {"uv": [1, 1, 3.175, 1.69238], "texture": "#1"},
				"east": {"uv": [1, 1, 2, 1.69238], "texture": "#1"},
				"south": {"uv": [1, 1, 3.175, 1.69238], "texture": "#1"}
			}
		},
		{
			"from": [3.0832, 15.30381, 4.5],
			"to": [5.2582, 16.69619, 5.5],
			"rotation": {"angle": -22.5, "axis": "x", "origin": [-2.6668, 16, 8]},
			"faces": {
				"north": {"uv": [1, 1, 3.175, 2.39238], "texture": "#1"},
				"east": {"uv": [1, 1, 2, 2.39238], "texture": "#1"},
				"south": {"uv": [1, 1, 3.175, 2.39238], "texture": "#1"}
			}
		},
		{
			"from": [3.0832, 15.30381, 4.5],
			"to": [5.2582, 16.69619, 5.5],
			"rotation": {"angle": -45, "axis": "x", "origin": [-2.6668, 16, 8]},
			"faces": {
				"north": {"uv": [1, 1, 3.175, 2.39238], "texture": "#1"},
				"east": {"uv": [1, 1, 2, 2.39238], "texture": "#1"},
				"south": {"uv": [1, 1, 3.175, 2.39238], "texture": "#1"}
			}
		},
		{
			"from": [3.0832, 15.30381, 10.5],
			"to": [5.2582, 16.69619, 11.5],
			"rotation": {"angle": 45, "axis": "x", "origin": [-2.6668, 16, 8]},
			"faces": {
				"north": {"uv": [1, 1, 3.175, 2.39238], "texture": "#1"},
				"east": {"uv": [1, 1, 2, 2.39238], "texture": "#1"},
				"south": {"uv": [1, 1, 3.175, 2.39238], "texture": "#1"}
			}
		},
		{
			"from": [3.0832, 15.30381, 10.5],
			"to": [5.2582, 16.69619, 11.5],
			"rotation": {"angle": 22.5, "axis": "x", "origin": [-2.6668, 16, 8]},
			"faces": {
				"north": {"uv": [1, 1, 3.175, 2.39238], "texture": "#1"},
				"east": {"uv": [1, 1, 2, 2.39238], "texture": "#1"},
				"south": {"uv": [1, 1, 3.175, 2.39238], "texture": "#1"}
			}
		},
		{
			"from": [3.0832, 15.30381, 10.5],
			"to": [5.2582, 15.99619, 11.5],
			"rotation": {"angle": 0, "axis": "y", "origin": [-2.6668, 16, 8]},
			"faces": {
				"north": {"uv": [1, 1, 3.175, 1.69238], "texture": "#1"},
				"east": {"uv": [1, 1, 2, 1.69238], "texture": "#1"},
				"south": {"uv": [1, 1, 3.175, 1.69238], "texture": "#1"}
			}
		},
		{
			"from": [3.0832, 15.99619, 4.5],
			"to": [5.2582, 16.69619, 5.5],
			"rotation": {"angle": 0, "axis": "y", "origin": [-2.6668, 16, 8]},
			"faces": {
				"north": {"uv": [1, 1, 3.175, 1.7], "texture": "#1"},
				"east": {"uv": [1, 1, 2, 1.7], "texture": "#1"},
				"south": {"uv": [1, 1, 3.175, 1.7], "texture": "#1"}
			}
		},
		{
			"from": [3.0832, 15.99619, 10.5],
			"to": [5.2582, 16.69619, 11.5],
			"rotation": {"angle": 0, "axis": "y", "origin": [-2.6668, 16, 8]},
			"faces": {
				"north": {"uv": [1, 1, 3.175, 1.7], "texture": "#1"},
				"east": {"uv": [1, 1, 2, 1.7], "texture": "#1"},
				"south": {"uv": [1, 1, 3.175, 1.7], "texture": "#1"}
			}
		},
		{
			"from": [3.0832, 15.30381, 10.5],
			"to": [5.2582, 16.69619, 11.5],
			"rotation": {"angle": -22.5, "axis": "x", "origin": [-2.6668, 16, 8]},
			"faces": {
				"north": {"uv": [1, 1, 3.175, 2.39238], "texture": "#1"},
				"east": {"uv": [1, 1, 2, 2.39238], "texture": "#1"},
				"south": {"uv": [1, 1, 3.175, 2.39238], "texture": "#1"}
			}
		},
		{
			"from": [3.0832, 15.30381, 10.5],
			"to": [5.2582, 16.69619, 11.5],
			"rotation": {"angle": -45, "axis": "x", "origin": [-2.6668, 16, 8]},
			"faces": {
				"north": {"uv": [1, 1, 3.175, 2.39238], "texture": "#1"},
				"east": {"uv": [1, 1, 2, 2.39238], "texture": "#1"},
				"south": {"uv": [1, 1, 3.175, 2.39238], "texture": "#1"}
			}
		},
		{
			"from": [3.0832, 12.5, 7.30381],
			"to": [5.2582, 13.5, 8.69619],
			"rotation": {"angle": 22.5, "axis": "x", "origin": [-2.6668, 16, 8]},
			"faces": {
				"east": {"uv": [1, 1, 2.39238, 2], "texture": "#1"},
				"up": {"uv": [1, 1, 3.175, 2.39238], "texture": "#1"},
				"down": {"uv": [1, 1, 3.175, 2.39238], "texture": "#1"}
			}
		},
		{
			"from": [3.0832, 12.5, 7.30381],
			"to": [5.2582, 13.5, 8.69619],
			"rotation": {"angle": 0, "axis": "y", "origin": [-2.6668, 16, 8]},
			"faces": {
				"east": {"uv": [1, 1, 2.39238, 2], "texture": "#1"},
				"up": {"uv": [1, 1, 3.175, 2.39238], "texture": "#1"},
				"down": {"uv": [1, 1, 3.175, 2.39238], "texture": "#1"}
			}
		},
		{
			"from": [3.0832, 12.5, 7.30381],
			"to": [5.2582, 13.5, 8.69619],
			"rotation": {"angle": -22.5, "axis": "x", "origin": [-2.6668, 16, 8]},
			"faces": {
				"east": {"uv": [1, 1, 2.39238, 2], "texture": "#1"},
				"up": {"uv": [1, 1, 3.175, 2.39238], "texture": "#1"},
				"down": {"uv": [1, 1, 3.175, 2.39238], "texture": "#1"}
			}
		},
		{
			"from": [3.0832, 18.5, 7.30381],
			"to": [5.2582, 19.5, 8.69619],
			"rotation": {"angle": 22.5, "axis": "x", "origin": [-2.6668, 16, 8]},
			"faces": {
				"east": {"uv": [1, 1, 2.39238, 2], "texture": "#1"},
				"up": {"uv": [1, 1, 3.175, 2.39238], "texture": "#1"},
				"down": {"uv": [1, 1, 3.175, 2.39238], "texture": "#1"}
			}
		},
		{
			"from": [3.0832, 18.5, 7.30381],
			"to": [5.2582, 19.5, 8.69619],
			"rotation": {"angle": 0, "axis": "y", "origin": [-2.6668, 16, 8]},
			"faces": {
				"east": {"uv": [1, 1, 2.39238, 2], "texture": "#1"},
				"up": {"uv": [1, 1, 3.175, 2.39238], "texture": "#1"},
				"down": {"uv": [1, 1, 3.175, 2.39238], "texture": "#1"}
			}
		},
		{
			"from": [3.0832, 18.5, 7.30381],
			"to": [5.2582, 19.5, 8.69619],
			"rotation": {"angle": -22.5, "axis": "x", "origin": [-2.6668, 16, 8]},
			"faces": {
				"east": {"uv": [1, 1, 2.39238, 2], "texture": "#1"},
				"up": {"uv": [1, 1, 3.175, 2.39238], "texture": "#1"},
				"down": {"uv": [1, 1, 3.175, 2.39238], "texture": "#1"}
			}
		},
		{
			"from": [3.0832, 15.30381, 4.5],
			"to": [5.2582, 16.69619, 5.5],
			"rotation": {"angle": 45, "axis": "x", "origin": [-2.6668, 16, 8]},
			"faces": {
				"north": {"uv": [1, 1, 3.175, 2.39238], "texture": "#1"},
				"east": {"uv": [1, 1, 2, 2.39238], "texture": "#1"},
				"south": {"uv": [1, 1, 3.175, 2.39238], "texture": "#1"}
			}
		},
		{
			"from": [3.0832, 23.30381, 4.5],
			"to": [5.2582, 24.69619, 5.5],
			"rotation": {"angle": 22.5, "axis": "x", "origin": [-2.6668, 24, 8]},
			"faces": {
				"north": {"uv": [1, 1, 3.175, 2.39238], "texture": "#1"},
				"east": {"uv": [1, 1, 2, 2.39238], "texture": "#1"},
				"south": {"uv": [1, 1, 3.175, 2.39238], "texture": "#1"}
			}
		},
		{
			"from": [3.0832, 23.30381, 4.5],
			"to": [5.2582, 24.69619, 5.5],
			"rotation": {"angle": 0, "axis": "y", "origin": [-2.6668, 24, 8]},
			"faces": {
				"north": {"uv": [1, 1, 3.175, 2.39238], "texture": "#1"},
				"east": {"uv": [1, 1, 2, 2.39238], "texture": "#1"},
				"south": {"uv": [1, 1, 3.175, 2.39238], "texture": "#1"}
			}
		},
		{
			"from": [3.0832, 23.30381, 4.5],
			"to": [5.2582, 24.69619, 5.5],
			"rotation": {"angle": -22.5, "axis": "x", "origin": [-2.6668, 24, 8]},
			"faces": {
				"north": {"uv": [1, 1, 3.175, 2.39238], "texture": "#1"},
				"east": {"uv": [1, 1, 2, 2.39238], "texture": "#1"},
				"south": {"uv": [1, 1, 3.175, 2.39238], "texture": "#1"}
			}
		},
		{
			"from": [3.0832, 23.30381, 4.5],
			"to": [5.2582, 24.69619, 5.5],
			"rotation": {"angle": -45, "axis": "x", "origin": [-2.6668, 24, 8]},
			"faces": {
				"north": {"uv": [1, 1, 3.175, 2.39238], "texture": "#1"},
				"east": {"uv": [1, 1, 2, 2.39238], "texture": "#1"},
				"south": {"uv": [1, 1, 3.175, 2.39238], "texture": "#1"}
			}
		},
		{
			"from": [3.0832, 23.30381, 10.5],
			"to": [5.2582, 24.69619, 11.5],
			"rotation": {"angle": 45, "axis": "x", "origin": [-2.6668, 24, 8]},
			"faces": {
				"north": {"uv": [1, 1, 3.175, 2.39238], "texture": "#1"},
				"east": {"uv": [1, 1, 2, 2.39238], "texture": "#1"},
				"south": {"uv": [1, 1, 3.175, 2.39238], "texture": "#1"}
			}
		},
		{
			"from": [3.0832, 23.30381, 10.5],
			"to": [5.2582, 24.69619, 11.5],
			"rotation": {"angle": 22.5, "axis": "x", "origin": [-2.6668, 24, 8]},
			"faces": {
				"north": {"uv": [1, 1, 3.175, 2.39238], "texture": "#1"},
				"east": {"uv": [1, 1, 2, 2.39238], "texture": "#1"},
				"south": {"uv": [1, 1, 3.175, 2.39238], "texture": "#1"}
			}
		},
		{
			"from": [3.0832, 23.30381, 10.5],
			"to": [5.2582, 24.69619, 11.5],
			"rotation": {"angle": 0, "axis": "y", "origin": [-2.6668, 24, 8]},
			"faces": {
				"north": {"uv": [1, 1, 3.175, 2.39238], "texture": "#1"},
				"east": {"uv": [1, 1, 2, 2.39238], "texture": "#1"},
				"south": {"uv": [1, 1, 3.175, 2.39238], "texture": "#1"}
			}
		},
		{
			"from": [3.0832, 23.30381, 10.5],
			"to": [5.2582, 24.69619, 11.5],
			"rotation": {"angle": -22.5, "axis": "x", "origin": [-2.6668, 24, 8]},
			"faces": {
				"north": {"uv": [1, 1, 3.175, 2.39238], "texture": "#1"},
				"east": {"uv": [1, 1, 2, 2.39238], "texture": "#1"},
				"south": {"uv": [1, 1, 3.175, 2.39238], "texture": "#1"}
			}
		},
		{
			"from": [3.0832, 23.30381, 10.5],
			"to": [5.2582, 24.69619, 11.5],
			"rotation": {"angle": -45, "axis": "x", "origin": [-2.6668, 24, 8]},
			"faces": {
				"north": {"uv": [1, 1, 3.175, 2.39238], "texture": "#1"},
				"east": {"uv": [1, 1, 2, 2.39238], "texture": "#1"},
				"south": {"uv": [1, 1, 3.175, 2.39238], "texture": "#1"}
			}
		},
		{
			"from": [3.0832, 20.5, 7.30381],
			"to": [5.2582, 21.5, 8.69619],
			"rotation": {"angle": 22.5, "axis": "x", "origin": [-2.6668, 24, 8]},
			"faces": {
				"east": {"uv": [1, 1, 2.39238, 2], "texture": "#1"},
				"up": {"uv": [1, 1, 3.175, 2.39238], "texture": "#1"},
				"down": {"uv": [1, 1, 3.175, 2.39238], "texture": "#1"}
			}
		},
		{
			"from": [3.0832, 20.5, 7.30381],
			"to": [5.2582, 21.5, 8.69619],
			"rotation": {"angle": 0, "axis": "y", "origin": [-2.6668, 24, 8]},
			"faces": {
				"east": {"uv": [1, 1, 2.39238, 2], "texture": "#1"},
				"up": {"uv": [1, 1, 3.175, 2.39238], "texture": "#1"},
				"down": {"uv": [1, 1, 3.175, 2.39238], "texture": "#1"}
			}
		},
		{
			"from": [3.0832, 20.5, 7.30381],
			"to": [5.2582, 21.5, 8.69619],
			"rotation": {"angle": -22.5, "axis": "x", "origin": [-2.6668, 24, 8]},
			"faces": {
				"east": {"uv": [1, 1, 2.39238, 2], "texture": "#1"},
				"up": {"uv": [1, 1, 3.175, 2.39238], "texture": "#1"},
				"down": {"uv": [1, 1, 3.175, 2.39238], "texture": "#1"}
			}
		},
		{
			"from": [3.0832, 26.5, 7.30381],
			"to": [5.2582, 27.5, 8.69619],
			"rotation": {"angle": 22.5, "axis": "x", "origin": [-2.6668, 24, 8]},
			"faces": {
				"east": {"uv": [1, 1, 2.39238, 2], "texture": "#1"},
				"up": {"uv": [1, 1, 3.175, 2.39238], "texture": "#1"},
				"down": {"uv": [1, 1, 3.175, 2.39238], "texture": "#1"}
			}
		},
		{
			"from": [3.0832, 26.5, 7.30381],
			"to": [5.2582, 27.5, 8.69619],
			"rotation": {"angle": 0, "axis": "y", "origin": [-2.6668, 24, 8]},
			"faces": {
				"east": {"uv": [1, 1, 2.39238, 2], "texture": "#1"},
				"up": {"uv": [1, 1, 3.175, 2.39238], "texture": "#1"},
				"down": {"uv": [1, 1, 3.175, 2.39238], "texture": "#1"}
			}
		},
		{
			"from": [3.0832, 26.5, 7.30381],
			"to": [5.2582, 27.5, 8.69619],
			"rotation": {"angle": -22.5, "axis": "x", "origin": [-2.6668, 24, 8]},
			"faces": {
				"east": {"uv": [1, 1, 2.39238, 2], "texture": "#1"},
				"up": {"uv": [1, 1, 3.175, 2.39238], "texture": "#1"},
				"down": {"uv": [1, 1, 3.175, 2.39238], "texture": "#1"}
			}
		},
		{
			"from": [3.0832, 23.30381, 4.5],
			"to": [5.2582, 24.69619, 5.5],
			"rotation": {"angle": 45, "axis": "x", "origin": [-2.6668, 24, 8]},
			"faces": {
				"north": {"uv": [1, 1, 3.175, 2.39238], "texture": "#1"},
				"east": {"uv": [1, 1, 2, 2.39238], "texture": "#1"},
				"south": {"uv": [1, 1, 3.175, 2.39238], "texture": "#1"}
			}
		},
		{
			"from": [3.0832, 7.30381, 4.5],
			"to": [5.2582, 8.69619, 5.5],
			"rotation": {"angle": 22.5, "axis": "x", "origin": [-2.6668, 8, 8]},
			"faces": {
				"north": {"uv": [1, 1, 3.175, 2.39238], "texture": "#1"},
				"east": {"uv": [1, 1, 2, 2.39238], "texture": "#1"},
				"south": {"uv": [1, 1, 3.175, 2.39238], "texture": "#1"}
			}
		},
		{
			"from": [3.0832, 7.30381, 4.5],
			"to": [5.2582, 8.69619, 5.5],
			"rotation": {"angle": 0, "axis": "y", "origin": [-2.6668, 8, 8]},
			"faces": {
				"north": {"uv": [1, 1, 3.175, 2.39238], "texture": "#1"},
				"east": {"uv": [1, 1, 2, 2.39238], "texture": "#1"},
				"south": {"uv": [1, 1, 3.175, 2.39238], "texture": "#1"}
			}
		},
		{
			"from": [3.0832, 7.30381, 4.5],
			"to": [5.2582, 8.69619, 5.5],
			"rotation": {"angle": -22.5, "axis": "x", "origin": [-2.6668, 8, 8]},
			"faces": {
				"north": {"uv": [1, 1, 3.175, 2.39238], "texture": "#1"},
				"east": {"uv": [1, 1, 2, 2.39238], "texture": "#1"},
				"south": {"uv": [1, 1, 3.175, 2.39238], "texture": "#1"}
			}
		},
		{
			"from": [3.0832, 7.30381, 4.5],
			"to": [5.2582, 8.69619, 5.5],
			"rotation": {"angle": -45, "axis": "x", "origin": [-2.6668, 8, 8]},
			"faces": {
				"north": {"uv": [1, 1, 3.175, 2.39238], "texture": "#1"},
				"east": {"uv": [1, 1, 2, 2.39238], "texture": "#1"},
				"south": {"uv": [1, 1, 3.175, 2.39238], "texture": "#1"}
			}
		},
		{
			"from": [3.0832, 7.30381, 10.5],
			"to": [5.2582, 8.69619, 11.5],
			"rotation": {"angle": 45, "axis": "x", "origin": [-2.6668, 8, 8]},
			"faces": {
				"north": {"uv": [1, 1, 3.175, 2.39238], "texture": "#1"},
				"east": {"uv": [1, 1, 2, 2.39238], "texture": "#1"},
				"south": {"uv": [1, 1, 3.175, 2.39238], "texture": "#1"}
			}
		},
		{
			"from": [3.0832, 7.30381, 10.5],
			"to": [5.2582, 8.69619, 11.5],
			"rotation": {"angle": 22.5, "axis": "x", "origin": [-2.6668, 8, 8]},
			"faces": {
				"north": {"uv": [1, 1, 3.175, 2.39238], "texture": "#1"},
				"east": {"uv": [1, 1, 2, 2.39238], "texture": "#1"},
				"south": {"uv": [1, 1, 3.175, 2.39238], "texture": "#1"}
			}
		},
		{
			"from": [3.0832, 7.30381, 10.5],
			"to": [5.2582, 8.69619, 11.5],
			"rotation": {"angle": 0, "axis": "y", "origin": [-2.6668, 8, 8]},
			"faces": {
				"north": {"uv": [1, 1, 3.175, 2.39238], "texture": "#1"},
				"east": {"uv": [1, 1, 2, 2.39238], "texture": "#1"},
				"south": {"uv": [1, 1, 3.175, 2.39238], "texture": "#1"}
			}
		},
		{
			"from": [3.0832, 7.30381, 10.5],
			"to": [5.2582, 8.69619, 11.5],
			"rotation": {"angle": -22.5, "axis": "x", "origin": [-2.6668, 8, 8]},
			"faces": {
				"north": {"uv": [1, 1, 3.175, 2.39238], "texture": "#1"},
				"east": {"uv": [1, 1, 2, 2.39238], "texture": "#1"},
				"south": {"uv": [1, 1, 3.175, 2.39238], "texture": "#1"}
			}
		},
		{
			"from": [3.0832, 7.30381, 10.5],
			"to": [5.2582, 8.69619, 11.5],
			"rotation": {"angle": -45, "axis": "x", "origin": [-2.6668, 8, 8]},
			"faces": {
				"north": {"uv": [1, 1, 3.175, 2.39238], "texture": "#1"},
				"east": {"uv": [1, 1, 2, 2.39238], "texture": "#1"},
				"south": {"uv": [1, 1, 3.175, 2.39238], "texture": "#1"}
			}
		},
		{
			"from": [3.0832, 4.5, 7.30381],
			"to": [5.2582, 5.5, 8.69619],
			"rotation": {"angle": 22.5, "axis": "x", "origin": [-2.6668, 8, 8]},
			"faces": {
				"east": {"uv": [1, 1, 2.39238, 2], "texture": "#1"},
				"up": {"uv": [1, 1, 3.175, 2.39238], "texture": "#1"},
				"down": {"uv": [1, 1, 3.175, 2.39238], "texture": "#1"}
			}
		},
		{
			"from": [3.0832, 4.5, 7.30381],
			"to": [5.2582, 5.5, 8.69619],
			"rotation": {"angle": 0, "axis": "y", "origin": [-2.6668, 8, 8]},
			"faces": {
				"east": {"uv": [1, 1, 2.39238, 2], "texture": "#1"},
				"up": {"uv": [1, 1, 3.175, 2.39238], "texture": "#1"},
				"down": {"uv": [1, 1, 3.175, 2.39238], "texture": "#1"}
			}
		},
		{
			"from": [3.0832, 4.5, 7.30381],
			"to": [5.2582, 5.5, 8.69619],
			"rotation": {"angle": -22.5, "axis": "x", "origin": [-2.6668, 8, 8]},
			"faces": {
				"east": {"uv": [1, 1, 2.39238, 2], "texture": "#1"},
				"up": {"uv": [1, 1, 3.175, 2.39238], "texture": "#1"},
				"down": {"uv": [1, 1, 3.175, 2.39238], "texture": "#1"}
			}
		},
		{
			"from": [3.0832, 10.5, 7.30381],
			"to": [5.2582, 11.5, 8.69619],
			"rotation": {"angle": 22.5, "axis": "x", "origin": [-2.6668, 8, 8]},
			"faces": {
				"east": {"uv": [1, 1, 2.39238, 2], "texture": "#1"},
				"up": {"uv": [1, 1, 3.175, 2.39238], "texture": "#1"},
				"down": {"uv": [1, 1, 3.175, 2.39238], "texture": "#1"}
			}
		},
		{
			"from": [3.0832, 10.5, 7.30381],
			"to": [5.2582, 11.5, 8.69619],
			"rotation": {"angle": 0, "axis": "y", "origin": [-2.6668, 8, 8]},
			"faces": {
				"east": {"uv": [1, 1, 2.39238, 2], "texture": "#1"},
				"up": {"uv": [1, 1, 3.175, 2.39238], "texture": "#1"},
				"down": {"uv": [1, 1, 3.175, 2.39238], "texture": "#1"}
			}
		},
		{
			"from": [3.0832, 10.5, 7.30381],
			"to": [5.2582, 11.5, 8.69619],
			"rotation": {"angle": -22.5, "axis": "x", "origin": [-2.6668, 8, 8]},
			"faces": {
				"east": {"uv": [1, 1, 2.39238, 2], "texture": "#1"},
				"up": {"uv": [1, 1, 3.175, 2.39238], "texture": "#1"},
				"down": {"uv": [1, 1, 3.175, 2.39238], "texture": "#1"}
			}
		},
		{
			"from": [3.0832, 7.30381, 4.5],
			"to": [5.2582, 8.69619, 5.5],
			"rotation": {"angle": 45, "axis": "x", "origin": [-2.6668, 8, 8]},
			"faces": {
				"north": {"uv": [1, 1, 3.175, 2.39238], "texture": "#1"},
				"east": {"uv": [1, 1, 2, 2.39238], "texture": "#1"},
				"south": {"uv": [1, 1, 3.175, 2.39238], "texture": "#1"}
			}
		},
		{
			"from": [-1.25, 27.50272, 1.50272],
			"to": [0, 28.49728, 6.50272],
			"rotation": {"angle": 45, "axis": "x", "origin": [-0.5, 28, 4.00272]},
			"faces": {
				"north": {"uv": [1, 1, 2.25, 1.99456], "texture": "#1", "cullface": "west"},
				"south": {"uv": [1, 1, 2.25, 1.99456], "texture": "#1", "cullface": "west"},
				"west": {"uv": [1, 1, 6, 1.99456], "texture": "#1", "cullface": "west"}
			}
		},
		{
			"from": [-1.25, 27.50272, 1.50272],
			"to": [0, 28.49728, 6.50272],
			"rotation": {"angle": 22.5, "axis": "x", "origin": [-0.5, 28, 4.00272]},
			"faces": {
				"north": {"uv": [1, 1, 2.25, 1.99456], "texture": "#1", "cullface": "west"},
				"south": {"uv": [1, 1, 2.25, 1.99456], "texture": "#1", "cullface": "west"},
				"west": {"uv": [1, 1, 6, 1.99456], "texture": "#1", "cullface": "west"}
			}
		},
		{
			"from": [-1.25, 27.50272, 1.50272],
			"to": [0, 28.49728, 6.50272],
			"rotation": {"angle": 0, "axis": "y", "origin": [-0.5, 28, 4.00272]},
			"faces": {
				"north": {"uv": [1, 1, 2.25, 1.99456], "texture": "#1", "cullface": "west"},
				"south": {"uv": [1, 1, 2.25, 1.99456], "texture": "#1", "cullface": "west"},
				"west": {"uv": [1, 1, 6, 1.99456], "texture": "#1", "cullface": "west"}
			}
		},
		{
			"from": [-1.25, 27.50272, 1.50272],
			"to": [0, 28.49728, 6.50272],
			"rotation": {"angle": -22.5, "axis": "x", "origin": [-0.5, 28, 4.00272]},
			"faces": {
				"north": {"uv": [1, 1, 2.25, 1.99456], "texture": "#1", "cullface": "west"},
				"south": {"uv": [1, 1, 2.25, 1.99456], "texture": "#1", "cullface": "west"},
				"west": {"uv": [1, 1, 6, 1.99456], "texture": "#1", "cullface": "west"}
			}
		},
		{
			"from": [-1.25, 27.50272, 1.50272],
			"to": [0, 28.49728, 6.50272],
			"rotation": {"angle": -45, "axis": "x", "origin": [-0.5, 28, 4.00272]},
			"faces": {
				"north": {"uv": [1, 1, 2.25, 1.99456], "texture": "#1", "cullface": "west"},
				"south": {"uv": [1, 1, 2.25, 1.99456], "texture": "#1", "cullface": "west"},
				"west": {"uv": [1, 1, 6, 1.99456], "texture": "#1", "cullface": "west"}
			}
		},
		{
			"from": [-1.25, 25.5, 3.50544],
			"to": [0, 30.5, 4.5],
			"rotation": {"angle": 22.5, "axis": "x", "origin": [-0.5, 28, 4.00272]},
			"faces": {
				"west": {"uv": [1, 1, 1.99456, 6], "texture": "#1", "cullface": "west"},
				"up": {"uv": [1, 1, 2.25, 1.99456], "texture": "#1", "cullface": "west"},
				"down": {"uv": [1, 1, 2.25, 1.99456], "texture": "#1", "cullface": "west"}
			}
		},
		{
			"from": [-1.25, 25.5, 3.50544],
			"to": [0, 30.5, 4.5],
			"rotation": {"angle": 0, "axis": "y", "origin": [-0.5, 28, 4.00272]},
			"faces": {
				"west": {"uv": [1, 1, 1.99456, 6], "texture": "#1", "cullface": "west"},
				"up": {"uv": [1, 1, 2.25, 1.99456], "texture": "#1", "cullface": "west"},
				"down": {"uv": [1, 1, 2.25, 1.99456], "texture": "#1", "cullface": "west"}
			}
		},
		{
			"from": [-1.25, 25.5, 3.50544],
			"to": [0, 30.5, 4.5],
			"rotation": {"angle": -22.5, "axis": "x", "origin": [-0.5, 28, 4.00272]},
			"faces": {
				"west": {"uv": [1, 1, 1.99456, 6], "texture": "#1", "cullface": "west"},
				"up": {"uv": [1, 1, 2.25, 1.99456], "texture": "#1", "cullface": "west"},
				"down": {"uv": [1, 1, 2.25, 1.99456], "texture": "#1", "cullface": "west"}
			}
		},
		{
			"from": [-1.25, 19.50272, 1.50272],
			"to": [0, 20.49728, 6.50272],
			"rotation": {"angle": -45, "axis": "x", "origin": [-0.5, 20, 4.00272]},
			"faces": {
				"north": {"uv": [1, 1, 2.25, 1.99456], "texture": "#1", "cullface": "west"},
				"south": {"uv": [1, 1, 2.25, 1.99456], "texture": "#1", "cullface": "west"},
				"west": {"uv": [1, 1, 6, 1.99456], "texture": "#1", "cullface": "west"}
			}
		},
		{
			"from": [-1.25, 19.50272, 1.50272],
			"to": [0, 20.49728, 6.50272],
			"rotation": {"angle": -22.5, "axis": "x", "origin": [-0.5, 20, 4.00272]},
			"faces": {
				"north": {"uv": [1, 1, 2.25, 1.99456], "texture": "#1", "cullface": "west"},
				"south": {"uv": [1, 1, 2.25, 1.99456], "texture": "#1", "cullface": "west"},
				"west": {"uv": [1, 1, 6, 1.99456], "texture": "#1", "cullface": "west"}
			}
		},
		{
			"from": [-1.25, 19.50272, 1.50272],
			"to": [0, 20.49728, 6.50272],
			"rotation": {"angle": 0, "axis": "y", "origin": [-0.5, 20, 4.00272]},
			"faces": {
				"north": {"uv": [1, 1, 2.25, 1.99456], "texture": "#1", "cullface": "west"},
				"south": {"uv": [1, 1, 2.25, 1.99456], "texture": "#1", "cullface": "west"},
				"west": {"uv": [1, 1, 6, 1.99456], "texture": "#1", "cullface": "west"}
			}
		},
		{
			"from": [-1.25, 19.50272, 1.50272],
			"to": [0, 20.49728, 6.50272],
			"rotation": {"angle": 22.5, "axis": "x", "origin": [-0.5, 20, 4.00272]},
			"faces": {
				"north": {"uv": [1, 1, 2.25, 1.99456], "texture": "#1", "cullface": "west"},
				"south": {"uv": [1, 1, 2.25, 1.99456], "texture": "#1", "cullface": "west"},
				"west": {"uv": [1, 1, 6, 1.99456], "texture": "#1", "cullface": "west"}
			}
		},
		{
			"from": [-1.25, 19.50272, 1.50272],
			"to": [0, 20.49728, 6.50272],
			"rotation": {"angle": 45, "axis": "x", "origin": [-0.5, 20, 4.00272]},
			"faces": {
				"north": {"uv": [1, 1, 2.25, 1.99456], "texture": "#1", "cullface": "west"},
				"south": {"uv": [1, 1, 2.25, 1.99456], "texture": "#1", "cullface": "west"},
				"west": {"uv": [1, 1, 6, 1.99456], "texture": "#1", "cullface": "west"}
			}
		},
		{
			"from": [-1.25, 17.5, 3.50544],
			"to": [0, 22.5, 4.5],
			"rotation": {"angle": -22.5, "axis": "x", "origin": [-0.5, 20, 4.00272]},
			"faces": {
				"west": {"uv": [1, 1, 1.99456, 6], "texture": "#1", "cullface": "west"},
				"up": {"uv": [1, 1, 2.25, 1.99456], "texture": "#1", "cullface": "west"},
				"down": {"uv": [1, 1, 2.25, 1.99456], "texture": "#1", "cullface": "west"}
			}
		},
		{
			"from": [-1.25, 17.5, 3.50544],
			"to": [0, 22.5, 4.5],
			"rotation": {"angle": 0, "axis": "y", "origin": [-0.5, 20, 4.00272]},
			"faces": {
				"west": {"uv": [1, 1, 1.99456, 6], "texture": "#1", "cullface": "west"},
				"up": {"uv": [1, 1, 2.25, 1.99456], "texture": "#1", "cullface": "west"},
				"down": {"uv": [1, 1, 2.25, 1.99456], "texture": "#1", "cullface": "west"}
			}
		},
		{
			"from": [-1.25, 17.5, 3.50544],
			"to": [0, 22.5, 4.5],
			"rotation": {"angle": 22.5, "axis": "x", "origin": [-0.5, 20, 4.00272]},
			"faces": {
				"west": {"uv": [1, 1, 1.99456, 6], "texture": "#1", "cullface": "west"},
				"up": {"uv": [1, 1, 2.25, 1.99456], "texture": "#1", "cullface": "west"},
				"down": {"uv": [1, 1, 2.25, 1.99456], "texture": "#1", "cullface": "west"}
			}
		},
		{
			"from": [0, 16, 0],
			"to": [2.5916, 32, 8],
			"rotation": {"angle": 0, "axis": "y", "origin": [2.6666, 16, 0]},
			"faces": {
				"north": {"uv": [2.5916, 0, 0, 16], "texture": "#1", "cullface": "north"},
				"south": {"uv": [0, 0, 2.5916, 16], "texture": "#1"},
				"west": {"uv": [8, 0, 16, 16], "texture": "#1", "cullface": "west"},
				"up": {"uv": [0, 0, 2.5916, 8], "texture": "#1", "cullface": "up"}
			}
		},
		{
			"from": [2.5916, 16, 0],
			"to": [2.6666, 32, 8],
			"rotation": {"angle": 0, "axis": "y", "origin": [2.6666, 0, 0]},
			"faces": {
				"north": {"uv": [1, 0, 1.075, 16], "texture": "#2", "cullface": "north"},
				"south": {"uv": [1, 0, 1.075, 16], "texture": "#2"},
				"up": {"uv": [1, 1, 1.075, 9], "texture": "#2", "cullface": "up"}
			}
		},
		{
			"from": [-1.5, 7.50272, 5.5],
			"to": [0, 8.49728, 6.5],
			"rotation": {"angle": 45, "axis": "x", "origin": [-0.75, 8, 8]},
			"faces": {
				"north": {"uv": [1, 1, 2.5, 1.99456], "texture": "#0", "cullface": "west"},
				"south": {"uv": [1, 1, 2.5, 1.99456], "texture": "#0", "cullface": "west"},
				"west": {"uv": [1, 1, 2, 1.99456], "texture": "#0", "cullface": "west"}
			}
		},
		{
			"from": [-1.5, 7.50272, 5.5],
			"to": [0, 8.49728, 6.5],
			"rotation": {"angle": 22.5, "axis": "x", "origin": [-0.75, 8, 8]},
			"faces": {
				"north": {"uv": [1, 1, 2.5, 1.99456], "texture": "#0", "cullface": "west"},
				"south": {"uv": [1, 1, 2.5, 1.99456], "texture": "#0", "cullface": "west"},
				"west": {"uv": [1, 1, 2, 1.99456], "texture": "#0", "cullface": "west"}
			}
		},
		{
			"from": [-1.5, 7.50272, 5.5],
			"to": [0, 8.49728, 6.5],
			"rotation": {"angle": 0, "axis": "y", "origin": [-0.75, 8, 8]},
			"faces": {
				"north": {"uv": [1, 1, 2.5, 1.99456], "texture": "#0", "cullface": "west"},
				"south": {"uv": [1, 1, 2.5, 1.99456], "texture": "#0", "cullface": "west"},
				"west": {"uv": [1, 1, 2, 1.99456], "texture": "#0", "cullface": "west"}
			}
		},
		{
			"from": [-1.5, 7.50272, 5.5],
			"to": [0, 8.49728, 6.5],
			"rotation": {"angle": -22.5, "axis": "x", "origin": [-0.75, 8, 8]},
			"faces": {
				"north": {"uv": [1, 1, 2.5, 1.99456], "texture": "#0", "cullface": "west"},
				"south": {"uv": [1, 1, 2.5, 1.99456], "texture": "#0", "cullface": "west"},
				"west": {"uv": [1, 1, 2, 1.99456], "texture": "#0", "cullface": "west"}
			}
		},
		{
			"from": [-1.5, 7.50272, 5.5],
			"to": [0, 8.49728, 6.5],
			"rotation": {"angle": -45, "axis": "x", "origin": [-0.75, 8, 8]},
			"faces": {
				"north": {"uv": [1, 1, 2.5, 1.99456], "texture": "#0", "cullface": "west"},
				"south": {"uv": [1, 1, 2.5, 1.99456], "texture": "#0", "cullface": "west"},
				"west": {"uv": [1, 1, 2, 1.99456], "texture": "#0", "cullface": "west"}
			}
		},
		{
			"from": [-1.5, 7.50272, 9.5],
			"to": [0, 8.49728, 10.5],
			"rotation": {"angle": 45, "axis": "x", "origin": [-0.75, 8, 8]},
			"faces": {
				"north": {"uv": [1, 1, 2.5, 1.99456], "texture": "#0", "cullface": "west"},
				"south": {"uv": [1, 1, 2.5, 1.99456], "texture": "#0", "cullface": "west"},
				"west": {"uv": [1, 1, 2, 1.99456], "texture": "#0", "cullface": "west"}
			}
		},
		{
			"from": [-1.5, 7.50272, 9.5],
			"to": [0, 8.49728, 10.5],
			"rotation": {"angle": 22.5, "axis": "x", "origin": [-0.75, 8, 8]},
			"faces": {
				"north": {"uv": [1, 1, 2.5, 1.99456], "texture": "#0", "cullface": "west"},
				"south": {"uv": [1, 1, 2.5, 1.99456], "texture": "#0", "cullface": "west"},
				"west": {"uv": [1, 1, 2, 1.99456], "texture": "#0", "cullface": "west"}
			}
		},
		{
			"from": [-1.5, 7.50272, 9.5],
			"to": [0, 8.49728, 10.5],
			"rotation": {"angle": 0, "axis": "y", "origin": [-0.75, 8, 8]},
			"faces": {
				"north": {"uv": [1, 1, 2.5, 1.99456], "texture": "#0", "cullface": "west"},
				"south": {"uv": [1, 1, 2.5, 1.99456], "texture": "#0", "cullface": "west"},
				"west": {"uv": [1, 1, 2, 1.99456], "texture": "#0", "cullface": "west"}
			}
		},
		{
			"from": [-1.5, 7.50272, 9.5],
			"to": [0, 8.49728, 10.5],
			"rotation": {"angle": -22.5, "axis": "x", "origin": [-0.75, 8, 8]},
			"faces": {
				"north": {"uv": [1, 1, 2.5, 1.99456], "texture": "#0", "cullface": "west"},
				"south": {"uv": [1, 1, 2.5, 1.99456], "texture": "#0", "cullface": "west"},
				"west": {"uv": [1, 1, 2, 1.99456], "texture": "#0", "cullface": "west"}
			}
		},
		{
			"from": [-1.5, 7.50272, 9.5],
			"to": [0, 8.49728, 10.5],
			"rotation": {"angle": -45, "axis": "x", "origin": [-0.75, 8, 8]},
			"faces": {
				"north": {"uv": [1, 1, 2.5, 1.99456], "texture": "#0", "cullface": "west"},
				"south": {"uv": [1, 1, 2.5, 1.99456], "texture": "#0", "cullface": "west"},
				"west": {"uv": [1, 1, 2, 1.99456], "texture": "#0", "cullface": "west"}
			}
		},
		{
			"from": [-1.5, 5.5, 7.50272],
			"to": [0, 6.5, 8.49728],
			"rotation": {"angle": 22.5, "axis": "x", "origin": [-0.75, 8, 8]},
			"faces": {
				"west": {"uv": [1, 1, 1.99456, 2], "texture": "#0", "cullface": "west"},
				"up": {"uv": [1, 1, 2.5, 1.99456], "texture": "#0", "cullface": "west"},
				"down": {"uv": [1, 1, 2.5, 1.99456], "texture": "#0", "cullface": "west"}
			}
		},
		{
			"from": [-1.5, 5.5, 7.50272],
			"to": [0, 6.5, 8.49728],
			"rotation": {"angle": 0, "axis": "y", "origin": [-0.75, 8, 8]},
			"faces": {
				"west": {"uv": [1, 1, 1.99456, 2], "texture": "#0", "cullface": "west"},
				"up": {"uv": [1, 1, 2.5, 1.99456], "texture": "#0", "cullface": "west"},
				"down": {"uv": [1, 1, 2.5, 1.99456], "texture": "#0", "cullface": "west"}
			}
		},
		{
			"from": [-1.5, 5.5, 7.50272],
			"to": [0, 6.5, 8.49728],
			"rotation": {"angle": -22.5, "axis": "x", "origin": [-0.75, 8, 8]},
			"faces": {
				"west": {"uv": [1, 1, 1.99456, 2], "texture": "#0", "cullface": "west"},
				"up": {"uv": [1, 1, 2.5, 1.99456], "texture": "#0", "cullface": "west"},
				"down": {"uv": [1, 1, 2.5, 1.99456], "texture": "#0", "cullface": "west"}
			}
		},
		{
			"from": [-1.5, 9.5, 7.50272],
			"to": [0, 10.5, 8.49728],
			"rotation": {"angle": 22.5, "axis": "x", "origin": [-0.75, 8, 8]},
			"faces": {
				"west": {"uv": [1, 1, 1.99456, 2], "texture": "#0", "cullface": "west"},
				"up": {"uv": [1, 1, 2.5, 1.99456], "texture": "#0", "cullface": "west"},
				"down": {"uv": [1, 1, 2.5, 1.99456], "texture": "#0", "cullface": "west"}
			}
		},
		{
			"from": [-1.5, 9.5, 7.50272],
			"to": [0, 10.5, 8.49728],
			"rotation": {"angle": 0, "axis": "y", "origin": [-0.75, 8, 8]},
			"faces": {
				"west": {"uv": [1, 1, 1.99456, 2], "texture": "#0", "cullface": "west"},
				"up": {"uv": [1, 1, 2.5, 1.99456], "texture": "#0", "cullface": "west"},
				"down": {"uv": [1, 1, 2.5, 1.99456], "texture": "#0", "cullface": "west"}
			}
		},
		{
			"from": [-1.5, 9.5, 7.50272],
			"to": [0, 10.5, 8.49728],
			"rotation": {"angle": -22.5, "axis": "x", "origin": [-0.75, 8, 8]},
			"faces": {
				"west": {"uv": [1, 1, 1.99456, 2], "texture": "#0", "cullface": "west"},
				"up": {"uv": [1, 1, 2.5, 1.99456], "texture": "#0", "cullface": "west"},
				"down": {"uv": [1, 1, 2.5, 1.99456], "texture": "#0", "cullface": "west"}
			}
		},
		{
			"from": [0, 0, 0],
			"to": [2.5916, 16, 16],
			"rotation": {"angle": 0, "axis": "y", "origin": [2.6666, 16, 0]},
			"faces": {
				"north": {"uv": [2.5916, 0, 0, 16], "texture": "#0", "cullface": "north"},
				"south": {"uv": [0, 0, 2.5916, 16], "texture": "#0", "cullface": "south"},
				"west": {"uv": [0, 0, 16, 16], "texture": "#0", "cullface": "west"},
				"down": {"uv": [0, 0, 2.5916, 16], "texture": "#0", "cullface": "down"}
			}
		},
		{
			"from": [2.5916, 0, 0],
			"to": [2.6666, 16, 16],
			"rotation": {"angle": 0, "axis": "y", "origin": [2.6666, 0, 0]},
			"faces": {
				"north": {"uv": [1, 0, 1.075, 16], "texture": "#2", "cullface": "north"},
				"south": {"uv": [1, 0, 1.075, 16], "texture": "#2", "cullface": "south"},
				"down": {"uv": [1, 0, 1.075, 16], "texture": "#2", "cullface": "down"}
			}
		},
		{
			"from": [-1.2494, 27.50272, 9.5],
			"to": [0.0006, 28.49728, 14.5],
			"rotation": {"angle": 45, "axis": "x", "origin": [-0.4994, 28, 12]},
			"faces": {
				"north": {"uv": [1, 1, 2.25, 1.99456], "texture": "#0", "cullface": "west"},
				"south": {"uv": [1, 1, 2.25, 1.99456], "texture": "#0", "cullface": "west"},
				"west": {"uv": [1, 1, 6, 1.99456], "texture": "#0", "cullface": "west"}
			}
		},
		{
			"from": [-1.2494, 27.50272, 9.5],
			"to": [0.0006, 28.49728, 14.5],
			"rotation": {"angle": 22.5, "axis": "x", "origin": [-0.4994, 28, 12]},
			"faces": {
				"north": {"uv": [1, 1, 2.25, 1.99456], "texture": "#0", "cullface": "west"},
				"south": {"uv": [1, 1, 2.25, 1.99456], "texture": "#0", "cullface": "west"},
				"west": {"uv": [1, 1, 6, 1.99456], "texture": "#0", "cullface": "west"}
			}
		},
		{
			"from": [-1.2494, 27.50272, 9.5],
			"to": [0.0006, 28.49728, 14.5],
			"rotation": {"angle": 0, "axis": "y", "origin": [-0.4994, 28, 12]},
			"faces": {
				"north": {"uv": [1, 1, 2.25, 1.99456], "texture": "#0", "cullface": "west"},
				"south": {"uv": [1, 1, 2.25, 1.99456], "texture": "#0", "cullface": "west"},
				"west": {"uv": [1, 1, 6, 1.99456], "texture": "#0", "cullface": "west"}
			}
		},
		{
			"from": [-1.2494, 27.50272, 9.5],
			"to": [0.0006, 28.49728, 14.5],
			"rotation": {"angle": -22.5, "axis": "x", "origin": [-0.4994, 28, 12]},
			"faces": {
				"north": {"uv": [1, 1, 2.25, 1.99456], "texture": "#0", "cullface": "west"},
				"south": {"uv": [1, 1, 2.25, 1.99456], "texture": "#0", "cullface": "west"},
				"west": {"uv": [1, 1, 6, 1.99456], "texture": "#0", "cullface": "west"}
			}
		},
		{
			"from": [-1.2494, 27.50272, 9.5],
			"to": [0.0006, 28.49728, 14.5],
			"rotation": {"angle": -45, "axis": "x", "origin": [-0.4994, 28, 12]},
			"faces": {
				"north": {"uv": [1, 1, 2.25, 1.99456], "texture": "#0", "cullface": "west"},
				"south": {"uv": [1, 1, 2.25, 1.99456], "texture": "#0", "cullface": "west"},
				"west": {"uv": [1, 1, 6, 1.99456], "texture": "#0", "cullface": "west"}
			}
		},
		{
			"from": [-1.2494, 25.5, 11.50272],
			"to": [0.0006, 30.5, 12.49728],
			"rotation": {"angle": 22.5, "axis": "x", "origin": [-0.4994, 28, 12]},
			"faces": {
				"west": {"uv": [1, 1, 1.99456, 6], "texture": "#0", "cullface": "west"},
				"up": {"uv": [1, 1, 2.25, 1.99456], "texture": "#0", "cullface": "west"},
				"down": {"uv": [1, 1, 2.25, 1.99456], "texture": "#0", "cullface": "west"}
			}
		},
		{
			"from": [-1.2494, 25.5, 11.50272],
			"to": [0.0006, 30.5, 12.49728],
			"rotation": {"angle": 0, "axis": "y", "origin": [-0.4994, 28, 12]},
			"faces": {
				"west": {"uv": [1, 1, 1.99456, 6], "texture": "#0", "cullface": "west"},
				"up": {"uv": [1, 1, 2.25, 1.99456], "texture": "#0", "cullface": "west"},
				"down": {"uv": [1, 1, 2.25, 1.99456], "texture": "#0", "cullface": "west"}
			}
		},
		{
			"from": [-1.2494, 25.5, 11.50272],
			"to": [0.0006, 30.5, 12.49728],
			"rotation": {"angle": -22.5, "axis": "x", "origin": [-0.4994, 28, 12]},
			"faces": {
				"west": {"uv": [1, 1, 1.99456, 6], "texture": "#0", "cullface": "west"},
				"up": {"uv": [1, 1, 2.25, 1.99456], "texture": "#0", "cullface": "west"},
				"down": {"uv": [1, 1, 2.25, 1.99456], "texture": "#0", "cullface": "west"}
			}
		},
		{
			"from": [0, 27.20435, 8],
			"to": [1, 28.79565, 16],
			"rotation": {"angle": 45, "axis": "x", "origin": [0.5168, 28, 12]},
			"faces": {
				"north": {"uv": [1, 1, 2, 2.5913], "texture": "#0"},
				"east": {"uv": [1, 1, 9, 2.5913], "texture": "#0"},
				"south": {"uv": [1, 1, 2, 2.5913], "texture": "#0"},
				"west": {"uv": [1, 1, 9, 2.5913], "texture": "#0", "cullface": "west"}
			}
		},
		{
			"from": [0, 27.20435, 8],
			"to": [1, 28.79565, 16],
			"rotation": {"angle": 22.5, "axis": "x", "origin": [0.5168, 28, 12]},
			"faces": {
				"north": {"uv": [1, 1, 2, 2.5913], "texture": "#0"},
				"east": {"uv": [1, 1, 9, 2.5913], "texture": "#0"},
				"south": {"uv": [1, 1, 2, 2.5913], "texture": "#0"},
				"west": {"uv": [1, 1, 9, 2.5913], "texture": "#0", "cullface": "west"}
			}
		},
		{
			"from": [0, 27.20435, 8],
			"to": [1, 28.79565, 16],
			"rotation": {"angle": 0, "axis": "y", "origin": [0.5168, 28, 12]},
			"faces": {
				"east": {"uv": [1, 1, 9, 2.5913], "texture": "#0"},
				"south": {"uv": [1, 1, 2, 2.5913], "texture": "#0", "cullface": "south"},
				"west": {"uv": [1, 1, 9, 2.5913], "texture": "#0", "cullface": "west"}
			}
		},
		{
			"from": [0, 27.20435, 8],
			"to": [1, 28.79565, 16],
			"rotation": {"angle": -22.5, "axis": "x", "origin": [0.5168, 28, 12]},
			"faces": {
				"north": {"uv": [1, 1, 2, 2.5913], "texture": "#0"},
				"east": {"uv": [1, 1, 9, 2.5913], "texture": "#0"},
				"south": {"uv": [1, 1, 2, 2.5913], "texture": "#0"},
				"west": {"uv": [1, 1, 9, 2.5913], "texture": "#0", "cullface": "west"}
			}
		},
		{
			"from": [0, 27.20435, 8],
			"to": [1, 28.79565, 16],
			"rotation": {"angle": -45, "axis": "x", "origin": [0.5168, 28, 12]},
			"faces": {
				"north": {"uv": [1, 1, 2, 2.5913], "texture": "#0"},
				"east": {"uv": [1, 1, 9, 2.5913], "texture": "#0"},
				"south": {"uv": [1, 1, 2, 2.5913], "texture": "#0"},
				"west": {"uv": [1, 1, 9, 2.5913], "texture": "#0", "cullface": "west"}
			}
		},
		{
			"from": [0, 24, 11.20435],
			"to": [1, 32, 12.79565],
			"rotation": {"angle": 22.5, "axis": "x", "origin": [0.5168, 28, 12]},
			"faces": {
				"east": {"uv": [1, 1, 2.5913, 9], "texture": "#0"},
				"west": {"uv": [1, 1, 2.5913, 9], "texture": "#0", "cullface": "west"},
				"up": {"uv": [1, 1, 2, 2.5913], "texture": "#0"},
				"down": {"uv": [1, 1, 2, 2.5913], "texture": "#0"}
			}
		},
		{
			"from": [0, 24, 11.20435],
			"to": [1, 32, 12.79565],
			"rotation": {"angle": 0, "axis": "y", "origin": [0.5168, 28, 12]},
			"faces": {
				"east": {"uv": [1, 1, 2.5913, 9], "texture": "#0"},
				"west": {"uv": [1, 1, 2.5913, 9], "texture": "#0", "cullface": "west"},
				"up": {"uv": [1, 1, 2, 2.5913], "texture": "#0", "cullface": "up"}
			}
		},
		{
			"from": [0, 24, 11.20435],
			"to": [1, 32, 12.79565],
			"rotation": {"angle": -22.5, "axis": "x", "origin": [0.5168, 28, 12]},
			"faces": {
				"east": {"uv": [1, 1, 2.5913, 9], "texture": "#0"},
				"west": {"uv": [1, 1, 2.5913, 9], "texture": "#0", "cullface": "west"},
				"up": {"uv": [1, 1, 2, 2.5913], "texture": "#0"},
				"down": {"uv": [1, 1, 2, 2.5913], "texture": "#0"}
			}
		},
		{
			"from": [0.9168, 27.35353, 8.75],
			"to": [2.6668, 28.64647, 15.25],
			"rotation": {"angle": 45, "axis": "x", "origin": [2.1668, 28, 12]},
			"faces": {
				"north": {"uv": [1, 1, 2.75, 2.29294], "texture": "#0"},
				"south": {"uv": [1, 1, 2.75, 2.29294], "texture": "#0"}
			}
		},
		{
			"from": [0.9168, 27.35353, 8.75],
			"to": [2.6668, 28.64647, 15.25],
			"rotation": {"angle": 22.5, "axis": "x", "origin": [2.1668, 28, 12]},
			"faces": {
				"north": {"uv": [1, 1, 2.75, 2.29294], "texture": "#0"},
				"south": {"uv": [1, 1, 2.75, 2.29294], "texture": "#0"}
			}
		},
		{
			"from": [0.9168, 27.35353, 8.75],
			"to": [2.6668, 28.64647, 15.25],
			"rotation": {"angle": 0, "axis": "y", "origin": [2.1668, 28, 12]},
			"faces": {
				"north": {"uv": [1, 1, 2.75, 2.29294], "texture": "#0"},
				"south": {"uv": [1, 1, 2.75, 2.29294], "texture": "#0"}
			}
		},
		{
			"from": [0.9168, 27.35353, 8.75],
			"to": [2.6668, 28.64647, 15.25],
			"rotation": {"angle": -22.5, "axis": "x", "origin": [2.1668, 28, 12]},
			"faces": {
				"north": {"uv": [1, 1, 2.75, 2.29294], "texture": "#0"},
				"south": {"uv": [1, 1, 2.75, 2.29294], "texture": "#0"}
			}
		},
		{
			"from": [0.9168, 27.35353, 8.75],
			"to": [2.6668, 28.64647, 15.25],
			"rotation": {"angle": -45, "axis": "x", "origin": [2.1668, 28, 12]},
			"faces": {
				"north": {"uv": [1, 1, 2.75, 2.29294], "texture": "#0"},
				"south": {"uv": [1, 1, 2.75, 2.29294], "texture": "#0"}
			}
		},
		{
			"from": [0.9168, 24.75, 11.35353],
			"to": [2.6668, 31.25, 12.64647],
			"rotation": {"angle": 22.5, "axis": "x", "origin": [2.1668, 28, 12]},
			"faces": {
				"up": {"uv": [1, 1, 2.75, 2.29294], "texture": "#0"},
				"down": {"uv": [1, 1, 2.75, 2.29294], "texture": "#0"}
			}
		},
		{
			"from": [0.9168, 24.75, 11.35353],
			"to": [2.6668, 31.25, 12.64647],
			"rotation": {"angle": 0, "axis": "y", "origin": [2.1668, 28, 12]},
			"faces": {
				"up": {"uv": [1, 1, 2.75, 2.29294], "texture": "#0"},
				"down": {"uv": [1, 1, 2.75, 2.29294], "texture": "#0"}
			}
		},
		{
			"from": [0.9168, 24.75, 11.35353],
			"to": [2.6668, 31.25, 12.64647],
			"rotation": {"angle": -22.5, "axis": "x", "origin": [2.1668, 28, 12]},
			"faces": {
				"up": {"uv": [1, 1, 2.75, 2.29294], "texture": "#0"},
				"down": {"uv": [1, 1, 2.75, 2.29294], "texture": "#0"}
			}
		},
		{
			"from": [-2.3261, 18.2535, 12.5917],
			"to": [-1.10436, 21.7465, 13.8417],
			"rotation": {"angle": 22.5, "axis": "y", "origin": [0.29009, 20, 12]},
			"faces": {
				"north": {"uv": [1, 1, 2.22174, 4.493], "texture": "#1", "cullface": "west"},
				"east": {"uv": [1, 1, 2.25, 4.493], "texture": "#1", "cullface": "west"},
				"west": {"uv": [1, 1, 2.25, 4.493], "texture": "#1", "cullface": "west"},
				"up": {"uv": [1, 1, 2.22174, 2.25], "texture": "#1", "cullface": "west"},
				"down": {"uv": [1, 1, 2.22174, 2.25], "texture": "#1", "cullface": "west"}
			}
		},
		{
			"from": [-2.38177, 18.25699, 13.5],
			"to": [-1.78503, 21.74301, 13.75],
			"rotation": {"angle": 0, "axis": "x", "origin": [0.29009, 20, 12]},
			"faces": {
				"north": {"uv": [1, 1, 1.59674, 4.48602], "texture": "#1", "cullface": "west"},
				"up": {"uv": [1, 1, 1.59674, 1.25], "texture": "#1", "cullface": "west"},
				"down": {"uv": [1, 1, 1.59674, 1.25], "texture": "#1", "cullface": "west"}
			}
		},
		{
			"from": [-1.68659, 18.25699, 11.82169],
			"to": [-0.96485, 21.74301, 12.57169],
			"rotation": {"angle": 45, "axis": "y", "origin": [0.29009, 20, 12]},
			"faces": {
				"north": {"uv": [1, 1, 1.72174, 4.48602], "texture": "#1", "cullface": "west"},
				"up": {"uv": [1, 1, 1.72174, 1.75], "texture": "#1", "cullface": "west"},
				"down": {"uv": [1, 1, 1.72174, 1.75], "texture": "#1", "cullface": "west"}
			}
		},
		{
			"from": [-0.40273, 18.25699, 12.60993],
			"to": [-0.15273, 21.74301, 13.20667],
			"rotation": {"angle": -22.5, "axis": "y", "origin": [0.29009, 20, 12]},
			"faces": {
				"west": {"uv": [1, 1, 1.59674, 4.48602], "texture": "#1", "cullface": "west"},
				"up": {"uv": [1, 1, 1.25, 1.59674], "texture": "#1", "cullface": "west"},
				"down": {"uv": [1, 1, 1.25, 1.59674], "texture": "#1", "cullface": "west"}
			}
		},
		{
			"from": [-0.40273, 18.25699, 10.79333],
			"to": [-0.15273, 21.74301, 11.39007],
			"rotation": {"angle": 22.5, "axis": "y", "origin": [0.29009, 20, 12]},
			"faces": {
				"west": {"uv": [1, 1, 1.59674, 4.48602], "texture": "#1", "cullface": "west"},
				"up": {"uv": [1, 1, 1.25, 1.59674], "texture": "#1", "cullface": "west"},
				"down": {"uv": [1, 1, 1.25, 1.59674], "texture": "#1", "cullface": "west"}
			}
		},
		{
			"from": [-2.3261, 18.2535, 10.1583],
			"to": [-1.10436, 21.7465, 11.4083],
			"rotation": {"angle": -22.5, "axis": "y", "origin": [0.29009, 20, 12]},
			"faces": {
				"east": {"uv": [1, 1, 2.25, 4.493], "texture": "#1", "cullface": "west"},
				"south": {"uv": [1, 1, 2.22174, 4.493], "texture": "#1", "cullface": "west"},
				"west": {"uv": [1, 1, 2.25, 4.493], "texture": "#1", "cullface": "west"},
				"up": {"uv": [1, 1, 2.22174, 2.25], "texture": "#1", "cullface": "west"},
				"down": {"uv": [1, 1, 2.22174, 2.25], "texture": "#1", "cullface": "west"}
			}
		},
		{
			"from": [-1.68659, 18.25699, 11.42831],
			"to": [-0.96485, 21.74301, 12.17831],
			"rotation": {"angle": -45, "axis": "y", "origin": [0.29009, 20, 12]},
			"faces": {
				"south": {"uv": [1, 1, 1.72174, 4.48602], "texture": "#1", "cullface": "west"},
				"up": {"uv": [1, 1, 1.72174, 1.75], "texture": "#1", "cullface": "west"},
				"down": {"uv": [1, 1, 1.72174, 1.75], "texture": "#1", "cullface": "west"}
			}
		},
		{
			"from": [-2.38177, 18.25699, 10.25],
			"to": [-1.78503, 21.74301, 10.5],
			"rotation": {"angle": 0, "axis": "x", "origin": [0.29009, 20, 12]},
			"faces": {
				"south": {"uv": [1, 1, 1.59674, 4.48602], "texture": "#1", "cullface": "west"},
				"up": {"uv": [1, 1, 1.59674, 1.25], "texture": "#1", "cullface": "west"},
				"down": {"uv": [1, 1, 1.59674, 1.25], "texture": "#1", "cullface": "west"}
			}
		},
		{
			"from": [-2.2011, 18.25, 8.5003],
			"to": [1.46692, 21.75, 9.59171],
			"rotation": {"angle": 22.5, "axis": "y", "origin": [0.29009, 20, 12]},
			"faces": {
				"north": {"uv": [1, 1, 4.66802, 4.5], "texture": "#1", "cullface": "west"},
				"south": {"uv": [1, 1, 4.66802, 4.5], "texture": "#1", "cullface": "west"},
				"west": {"uv": [1, 1, 2.09141, 4.5], "texture": "#1", "cullface": "west"},
				"up": {"uv": [1, 1, 4.66802, 2.09141], "texture": "#1", "cullface": "west"},
				"down": {"uv": [1, 1, 4.66802, 2.09141], "texture": "#1", "cullface": "west"}
			}
		},
		{
			"from": [-2.2011, 18.25, 14.40829],
			"to": [1.46692, 21.75, 15.4997],
			"rotation": {"angle": -22.5, "axis": "y", "origin": [0.29009, 20, 12]},
			"faces": {
				"north": {"uv": [1, 1, 4.66802, 4.5], "texture": "#1", "cullface": "west"},
				"south": {"uv": [1, 1, 4.66802, 4.5], "texture": "#1", "cullface": "west"},
				"west": {"uv": [1, 1, 2.09141, 4.5], "texture": "#1", "cullface": "west"},
				"up": {"uv": [1, 1, 4.66802, 2.09141], "texture": "#1", "cullface": "west"},
				"down": {"uv": [1, 1, 4.66802, 2.09141], "texture": "#1", "cullface": "west"}
			}
		},
		{
			"from": [-0.5834, 18.2535, 9.25],
			"to": [0, 21.7465, 14.75],
			"rotation": {"angle": 0, "axis": "y", "origin": [0.29009, 20, 12]},
			"faces": {
				"west": {"uv": [1, 1, 6.5, 4.493], "texture": "#1", "cullface": "west"},
				"up": {"uv": [1, 1, 1.5834, 6.5], "texture": "#1", "cullface": "west"},
				"down": {"uv": [1, 1, 1.5834, 6.5], "texture": "#1", "cullface": "west"}
			}
		},
		{
			"from": [0, 16, 8],
			"to": [2.5916, 24, 16],
			"rotation": {"angle": 0, "axis": "y", "origin": [2.6666, 16, 0]},
			"faces": {
				"south": {"uv": [0, 0, 2.5916, 8], "texture": "#1", "cullface": "south"},
				"west": {"uv": [8, 0, 16, 8], "texture": "#1", "cullface": "west"},
				"up": {"uv": [0, 8, 2.5916, 16], "texture": "#1"}
			}
		},
		{
			"from": [2.5916, 16, 8],
			"to": [2.6666, 24, 16],
			"rotation": {"angle": 0, "axis": "y", "origin": [2.6666, 0, 0]},
			"faces": {
				"south": {"uv": [1, 1, 1.075, 9], "texture": "#2", "cullface": "south"},
				"up": {"uv": [1, 1, 1.075, 9], "texture": "#2"}
			}
		}
	],
	"display": {
		"thirdperson_righthand": {
			"rotation": [75, -15, 0],
			"translation": [0.75, 0.5, -1.5],
			"scale": [0.15, 0.15, 0.15]
		},
		"thirdperson_lefthand": {
			"rotation": [75, -15, 0],
			"translation": [0.75, 0.5, -1.5],
			"scale": [0.15, 0.15, 0.15]
		},
		"firstperson_righthand": {
			"rotation": [0, 45, 0],
			"scale": [0.2, 0.2, 0.2]
		},
		"firstperson_lefthand": {
			"rotation": [0, -135, 0],
			"scale": [0.2, 0.2, 0.2]
		},
		"ground": {
			"translation": [0, 3, 0],
			"scale": [0.25, 0.25, 0.25]
		},
		"gui": {
			"rotation": [30, 80, 0],
			"translation": [0, -2.25, 0],
			"scale": [0.5, 0.5, 0.5]
		},
		"head": {
			"rotation": [0, -90, 0],
			"translation": [0, -3.75, -4.75],
			"scale": [0.5, 0.5, 0.5]
		},
		"fixed": {
			"rotation": [0, -90, 0],
			"translation": [0, -4.25, 1.25],
			"scale": [0.4, 0.4, 0.4]
		}
	},
	"groups": [
		{
			"name": "backplate",
			"origin": [8, 8, 8],
			"color": 0,
			"children": [0, 1, 2, 3, 4, 5, 6, 7, 8, 9,
				{
					"name": "circle_center",
					"origin": [8, 8, 8],
					"color": 0,
					"children": [10, 11, 12, 13, 14, 15, 16, 17, 18, 19, 20, 21, 22, 23, 24, 25, 26, 27]
				},
				{
					"name": "circle_top",
					"origin": [8, 8, 8],
					"color": 0,
					"children": [28, 29, 30, 31, 32, 33, 34, 35, 36, 37, 38, 39, 40, 41, 42, 43]
				},
				{
					"name": "circle_bottom",
					"origin": [8, 8, 8],
					"color": 0,
					"children": [44, 45, 46, 47, 48, 49, 50, 51, 52, 53, 54, 55, 56, 57, 58, 59]
				}
			]
		},
		{
			"name": "small_brick1x2",
			"origin": [8, 8, 8],
			"color": 0,
			"children": [
				{
					"name": "stud",
					"origin": [8, 8, 8],
					"color": 0,
					"children": [60, 61, 62, 63, 64, 65, 66, 67]
				},
				{
					"name": "stud",
					"origin": [8, 8, 8],
					"color": 0,
					"children": [68, 69, 70, 71, 72, 73, 74, 75]
				}, 76, 77]
		},
		{
			"name": "flat_circle2x2",
			"origin": [8, 8, 8],
			"color": 0,
			"children": [78, 79, 80, 81, 82, 83, 84, 85, 86, 87, 88, 89, 90, 91, 92, 93, 94, 95]
		},
		{
			"name": "small_round1x1",
			"origin": [8, 8, 8],
			"color": 0,
			"children": [
				{
					"name": "top",
					"origin": [8, 8, 8],
					"color": 0,
					"children": [96, 97, 98, 99, 100, 101, 102, 103]
				},
				{
					"name": "center",
					"origin": [8, 8, 8],
					"color": 0,
					"children": [104, 105, 106, 107, 108, 109, 110, 111]
				},
				{
					"name": "bottom",
					"origin": [8, 8, 8],
					"color": 0,
					"children": [112, 113, 114, 115, 116, 117, 118, 119]
				}
			]
		},
		{
			"name": "grabber_upwards1x1",
			"origin": [8, 8, 8],
			"color": 0,
			"children": [120, 121, 122, 123, 124, 125, 126, 127, 128, 129, 130, 131, 132]
		}
	]
}