{
	"credit": "AlexTestria | https://alex-bauerndistel.de",
	"textures": {
		"particle": "#0"
	},
	"elements": [
		{
			"from": [0, 0, 0],
			"to": [0.075, 16, 1],
			"rotation": {"angle": 0, "axis": "y", "origin": [0, 0, 16]},
			"faces": {
				"north": {"uv": [1, 0, 1.075, 16], "texture": "#2", "cullface": "north"},
				"south": {"uv": [1, 0, 1.075, 16], "texture": "#2", "cullface": "north"},
				"west": {"uv": [0, 0, 1, 16], "texture": "#2", "cullface": "west"}
			}
		},
		{
			"from": [0, 15, 0],
			"to": [0.075, 16, 16],
			"rotation": {"angle": 0, "axis": "y", "origin": [0, 0, 16]},
			"faces": {
				"west": {"uv": [0, 0, 16, 1], "texture": "#2", "cullface": "west"},
				"up": {"uv": [1.075, 16, 1, 0], "texture": "#2", "cullface": "up"},
				"down": {"uv": [1.075, 16, 1, 0], "texture": "#2", "cullface": "west"}
			}
		},
		{
			"from": [0, 0, 15],
			"to": [0.075, 16, 16],
			"rotation": {"angle": 0, "axis": "y", "origin": [0, 0, 16]},
			"faces": {
				"north": {"uv": [1, 0, 1.075, 16], "texture": "#2", "cullface": "west"},
				"south": {"uv": [1, 0, 1.075, 16], "texture": "#2", "cullface": "south"},
				"west": {"uv": [15, 0, 16, 16], "texture": "#2", "cullface": "west"}
			}
		},
		{
			"from": [0.075, 0, 0],
			"to": [2.6666, 16, 16],
			"rotation": {"angle": 0, "axis": "y", "origin": [0, 0, 16]},
			"faces": {
				"north": {"uv": [0, 0, 2.5916, 16], "texture": "#1", "cullface": "north"},
				"east": {"uv": [0, 0, 16, 16], "texture": "#1"},
				"south": {"uv": [2.5916, 0, 0, 16], "texture": "#1", "cullface": "south"},
				"up": {"uv": [2.5916, 16, 0, 0], "texture": "#1", "cullface": "up"}
			}
		},
		{
			"from": [2.1666, 15, 15],
			"to": [0.075, 0, 1],
			"rotation": {"angle": 0, "axis": "y", "origin": [1.0166, 1, 15]},
			"faces": {
				"north": {"uv": [0, 1, 2.0916, 16], "texture": "#1", "cullface": "west"},
				"south": {"uv": [2.0916, 1, 0, 16], "texture": "#1", "cullface": "west"},
				"west": {"uv": [1, 15, 14, 0], "texture": "#1", "cullface": "west"},
				"down": {"uv": [2.0916, 15, 0, 1], "texture": "#1", "cullface": "west"}
			}
		},
		{
			"from": [0.075, -0.69619, 10.5],
			"to": [2.25, 0.69619, 11.5],
			"rotation": {"angle": -22.5, "axis": "x", "origin": [8, 0, 8]},
			"faces": {
				"north": {"uv": [1, 1, 3.175, 2.39238], "texture": "#1", "cullface": "west"},
				"south": {"uv": [1, 1, 3.175, 2.39238], "texture": "#1", "cullface": "west"},
				"west": {"uv": [1, 1, 2, 2.39238], "texture": "#1", "cullface": "west"}
			}
		},
		{
			"from": [0.075, -0.00381, 10.5],
			"to": [2.25, 0.69619, 11.5],
			"rotation": {"angle": 0, "axis": "y", "origin": [8, 0, 8]},
			"faces": {
				"north": {"uv": [1, 1, 3.175, 1.7], "texture": "#1", "cullface": "west"},
				"south": {"uv": [1, 1, 3.175, 1.7], "texture": "#1", "cullface": "west"},
				"west": {"uv": [1, 1, 2, 1.7], "texture": "#1", "cullface": "west"}
			}
		},
		{
			"from": [0.075, -0.00381, 4.5],
			"to": [2.25, 0.69619, 5.5],
			"rotation": {"angle": 0, "axis": "y", "origin": [8, 0, 8]},
			"faces": {
				"north": {"uv": [1, 1, 3.175, 1.7], "texture": "#1", "cullface": "west"},
				"south": {"uv": [1, 1, 3.175, 1.7], "texture": "#1", "cullface": "west"},
				"west": {"uv": [1, 1, 2, 1.7], "texture": "#1", "cullface": "west"}
			}
		},
		{
			"from": [0.075, -0.69619, 4.5],
			"to": [2.25, 0.69619, 5.5],
			"rotation": {"angle": 22.5, "axis": "x", "origin": [8, 0, 8]},
			"faces": {
				"north": {"uv": [1, 1, 3.175, 2.39238], "texture": "#1", "cullface": "west"},
				"south": {"uv": [1, 1, 3.175, 2.39238], "texture": "#1", "cullface": "west"},
				"west": {"uv": [1, 1, 2, 2.39238], "texture": "#1", "cullface": "west"}
			}
		},
		{
			"from": [0.075, -0.69619, 4.5],
			"to": [2.25, 0.69619, 5.5],
			"rotation": {"angle": 45, "axis": "x", "origin": [8, 0, 8]},
			"faces": {
				"north": {"uv": [1, 1, 3.175, 2.39238], "texture": "#1", "cullface": "west"},
				"south": {"uv": [1, 1, 3.175, 2.39238], "texture": "#1", "cullface": "west"},
				"west": {"uv": [1, 1, 2, 2.39238], "texture": "#1", "cullface": "west"}
			}
		},
		{
			"from": [0.075, 2.5, 7.30381],
			"to": [2.25, 3.5, 8.69619],
			"rotation": {"angle": -22.5, "axis": "x", "origin": [8, 0, 8]},
			"faces": {
				"west": {"uv": [1, 1, 2.39238, 2], "texture": "#1", "cullface": "west"},
				"up": {"uv": [3.175, 2.39238, 1, 1], "texture": "#1", "cullface": "west"},
				"down": {"uv": [3.175, 2.39238, 1, 1], "texture": "#1", "cullface": "west"}
			}
		},
		{
			"from": [0.075, 2.5, 7.30381],
			"to": [2.25, 3.5, 8.69619],
			"rotation": {"angle": 0, "axis": "y", "origin": [8, 0, 8]},
			"faces": {
				"west": {"uv": [1, 1, 2.39238, 2], "texture": "#1", "cullface": "west"},
				"up": {"uv": [3.175, 2.39238, 1, 1], "texture": "#1", "cullface": "west"},
				"down": {"uv": [3.175, 2.39238, 1, 1], "texture": "#1", "cullface": "west"}
			}
		},
		{
			"from": [0.075, 2.5, 7.30381],
			"to": [2.25, 3.5, 8.69619],
			"rotation": {"angle": 22.5, "axis": "x", "origin": [8, 0, 8]},
			"faces": {
				"west": {"uv": [1, 1, 2.39238, 2], "texture": "#1", "cullface": "west"},
				"up": {"uv": [3.175, 2.39238, 1, 1], "texture": "#1", "cullface": "west"},
				"down": {"uv": [3.175, 2.39238, 1, 1], "texture": "#1", "cullface": "west"}
			}
		},
		{
			"from": [0.075, -0.69619, 10.5],
			"to": [2.25, 0.69619, 11.5],
			"rotation": {"angle": -45, "axis": "x", "origin": [8, 0, 8]},
			"faces": {
				"north": {"uv": [1, 1, 3.175, 2.39238], "texture": "#1", "cullface": "west"},
				"south": {"uv": [1, 1, 3.175, 2.39238], "texture": "#1", "cullface": "west"},
				"west": {"uv": [1, 1, 2, 2.39238], "texture": "#1", "cullface": "west"}
			}
		},
		{
			"from": [0.075, 7.30381, 10.5],
			"to": [2.25, 8.69619, 11.5],
			"rotation": {"angle": -22.5, "axis": "x", "origin": [8, 8, 8]},
			"faces": {
				"north": {"uv": [1, 1, 3.175, 2.39238], "texture": "#1", "cullface": "west"},
				"south": {"uv": [1, 1, 3.175, 2.39238], "texture": "#1", "cullface": "west"},
				"west": {"uv": [1, 1, 2, 2.39238], "texture": "#1", "cullface": "west"}
			}
		},
		{
			"from": [0.075, 7.30381, 10.5],
			"to": [2.25, 8.69619, 11.5],
			"rotation": {"angle": 0, "axis": "y", "origin": [8, 8, 8]},
			"faces": {
				"north": {"uv": [1, 1, 3.175, 2.39238], "texture": "#1", "cullface": "west"},
				"south": {"uv": [1, 1, 3.175, 2.39238], "texture": "#1", "cullface": "west"},
				"west": {"uv": [1, 1, 2, 2.39238], "texture": "#1", "cullface": "west"}
			}
		},
		{
			"from": [0.075, 7.30381, 10.5],
			"to": [2.25, 8.69619, 11.5],
			"rotation": {"angle": 22.5, "axis": "x", "origin": [8, 8, 8]},
			"faces": {
				"north": {"uv": [1, 1, 3.175, 2.39238], "texture": "#1", "cullface": "west"},
				"south": {"uv": [1, 1, 3.175, 2.39238], "texture": "#1", "cullface": "west"},
				"west": {"uv": [1, 1, 2, 2.39238], "texture": "#1", "cullface": "west"}
			}
		},
		{
			"from": [0.075, 7.30381, 10.5],
			"to": [2.25, 8.69619, 11.5],
			"rotation": {"angle": 45, "axis": "x", "origin": [8, 8, 8]},
			"faces": {
				"north": {"uv": [1, 1, 3.175, 2.39238], "texture": "#1", "cullface": "west"},
				"south": {"uv": [1, 1, 3.175, 2.39238], "texture": "#1", "cullface": "west"},
				"west": {"uv": [1, 1, 2, 2.39238], "texture": "#1", "cullface": "west"}
			}
		},
		{
			"from": [0.075, 7.30381, 4.5],
			"to": [2.25, 8.69619, 5.5],
			"rotation": {"angle": -45, "axis": "x", "origin": [8, 8, 8]},
			"faces": {
				"north": {"uv": [1, 1, 3.175, 2.39238], "texture": "#1", "cullface": "west"},
				"south": {"uv": [1, 1, 3.175, 2.39238], "texture": "#1", "cullface": "west"},
				"west": {"uv": [1, 1, 2, 2.39238], "texture": "#1", "cullface": "west"}
			}
		},
		{
			"from": [0.075, 7.30381, 4.5],
			"to": [2.25, 8.69619, 5.5],
			"rotation": {"angle": -22.5, "axis": "x", "origin": [8, 8, 8]},
			"faces": {
				"north": {"uv": [1, 1, 3.175, 2.39238], "texture": "#1", "cullface": "west"},
				"south": {"uv": [1, 1, 3.175, 2.39238], "texture": "#1", "cullface": "west"},
				"west": {"uv": [1, 1, 2, 2.39238], "texture": "#1", "cullface": "west"}
			}
		},
		{
			"from": [0.075, 7.30381, 4.5],
			"to": [2.25, 8.69619, 5.5],
			"rotation": {"angle": 0, "axis": "y", "origin": [8, 8, 8]},
			"faces": {
				"north": {"uv": [1, 1, 3.175, 2.39238], "texture": "#1", "cullface": "west"},
				"south": {"uv": [1, 1, 3.175, 2.39238], "texture": "#1", "cullface": "west"},
				"west": {"uv": [1, 1, 2, 2.39238], "texture": "#1", "cullface": "west"}
			}
		},
		{
			"from": [0.075, 7.30381, 4.5],
			"to": [2.25, 8.69619, 5.5],
			"rotation": {"angle": 22.5, "axis": "x", "origin": [8, 8, 8]},
			"faces": {
				"north": {"uv": [1, 1, 3.175, 2.39238], "texture": "#1", "cullface": "west"},
				"south": {"uv": [1, 1, 3.175, 2.39238], "texture": "#1", "cullface": "west"},
				"west": {"uv": [1, 1, 2, 2.39238], "texture": "#1", "cullface": "west"}
			}
		},
		{
			"from": [0.075, 7.30381, 4.5],
			"to": [2.25, 8.69619, 5.5],
			"rotation": {"angle": 45, "axis": "x", "origin": [8, 8, 8]},
			"faces": {
				"north": {"uv": [1, 1, 3.175, 2.39238], "texture": "#1", "cullface": "west"},
				"south": {"uv": [1, 1, 3.175, 2.39238], "texture": "#1", "cullface": "west"},
				"west": {"uv": [1, 1, 2, 2.39238], "texture": "#1", "cullface": "west"}
			}
		},
		{
			"from": [0.075, 4.5, 7.30381],
			"to": [2.25, 5.5, 8.69619],
			"rotation": {"angle": -22.5, "axis": "x", "origin": [8, 8, 8]},
			"faces": {
				"west": {"uv": [1, 1, 2.39238, 2], "texture": "#1", "cullface": "west"},
				"up": {"uv": [3.175, 2.39238, 1, 1], "texture": "#1", "cullface": "west"},
				"down": {"uv": [3.175, 2.39238, 1, 1], "texture": "#1", "cullface": "west"}
			}
		},
		{
			"from": [0.075, 4.5, 7.30381],
			"to": [2.25, 5.5, 8.69619],
			"rotation": {"angle": 0, "axis": "y", "origin": [8, 8, 8]},
			"faces": {
				"west": {"uv": [1, 1, 2.39238, 2], "texture": "#1", "cullface": "west"},
				"up": {"uv": [3.175, 2.39238, 1, 1], "texture": "#1", "cullface": "west"},
				"down": {"uv": [3.175, 2.39238, 1, 1], "texture": "#1", "cullface": "west"}
			}
		},
		{
			"from": [0.075, 4.5, 7.30381],
			"to": [2.25, 5.5, 8.69619],
			"rotation": {"angle": 22.5, "axis": "x", "origin": [8, 8, 8]},
			"faces": {
				"west": {"uv": [1, 1, 2.39238, 2], "texture": "#1", "cullface": "west"},
				"up": {"uv": [3.175, 2.39238, 1, 1], "texture": "#1", "cullface": "west"},
				"down": {"uv": [3.175, 2.39238, 1, 1], "texture": "#1", "cullface": "west"}
			}
		},
		{
			"from": [0.075, 10.5, 7.30381],
			"to": [2.25, 11.5, 8.69619],
			"rotation": {"angle": -22.5, "axis": "x", "origin": [8, 8, 8]},
			"faces": {
				"west": {"uv": [1, 1, 2.39238, 2], "texture": "#1", "cullface": "west"},
				"up": {"uv": [3.175, 2.39238, 1, 1], "texture": "#1", "cullface": "west"},
				"down": {"uv": [3.175, 2.39238, 1, 1], "texture": "#1", "cullface": "west"}
			}
		},
		{
			"from": [0.075, 10.5, 7.30381],
			"to": [2.25, 11.5, 8.69619],
			"rotation": {"angle": 0, "axis": "y", "origin": [8, 8, 8]},
			"faces": {
				"west": {"uv": [1, 1, 2.39238, 2], "texture": "#1", "cullface": "west"},
				"up": {"uv": [3.175, 2.39238, 1, 1], "texture": "#1", "cullface": "west"},
				"down": {"uv": [3.175, 2.39238, 1, 1], "texture": "#1", "cullface": "west"}
			}
		},
		{
			"from": [0.075, 10.5, 7.30381],
			"to": [2.25, 11.5, 8.69619],
			"rotation": {"angle": 22.5, "axis": "x", "origin": [8, 8, 8]},
			"faces": {
				"west": {"uv": [1, 1, 2.39238, 2], "texture": "#1", "cullface": "west"},
				"up": {"uv": [3.175, 2.39238, 1, 1], "texture": "#1", "cullface": "west"},
				"down": {"uv": [3.175, 2.39238, 1, 1], "texture": "#1", "cullface": "west"}
			}
		},
		{
			"from": [0.075, 7.30381, 10.5],
			"to": [2.25, 8.69619, 11.5],
			"rotation": {"angle": -45, "axis": "x", "origin": [8, 8, 8]},
			"faces": {
				"north": {"uv": [1, 1, 3.175, 2.39238], "texture": "#1", "cullface": "west"},
				"south": {"uv": [1, 1, 3.175, 2.39238], "texture": "#1", "cullface": "west"},
				"west": {"uv": [1, 1, 2, 2.39238], "texture": "#1", "cullface": "west"}
			}
		},
		{
			"from": [5.3332, 11.50272, 9.49728],
			"to": [6.5832, 12.49728, 14.49728],
			"rotation": {"angle": -45, "axis": "x", "origin": [5.8332, 12, 11.99728]},
			"faces": {
				"north": {"uv": [1, 1, 2.25, 1.99456], "texture": "#1"},
				"east": {"uv": [1, 1, 6, 1.99456], "texture": "#1"},
				"south": {"uv": [1, 1, 2.25, 1.99456], "texture": "#1"}
			}
		},
		{
			"from": [5.3332, 11.50272, 9.49728],
			"to": [6.5832, 12.49728, 14.49728],
			"rotation": {"angle": -22.5, "axis": "x", "origin": [5.8332, 12, 11.99728]},
			"faces": {
				"north": {"uv": [1, 1, 2.25, 1.99456], "texture": "#1"},
				"east": {"uv": [1, 1, 6, 1.99456], "texture": "#1"},
				"south": {"uv": [1, 1, 2.25, 1.99456], "texture": "#1"}
			}
		},
		{
			"from": [5.3332, 11.50272, 9.49728],
			"to": [6.5832, 12.49728, 14.49728],
			"rotation": {"angle": 0, "axis": "y", "origin": [5.8332, 12, 11.99728]},
			"faces": {
				"north": {"uv": [1, 1, 2.25, 1.99456], "texture": "#1"},
				"east": {"uv": [1, 1, 6, 1.99456], "texture": "#1"},
				"south": {"uv": [1, 1, 2.25, 1.99456], "texture": "#1"}
			}
		},
		{
			"from": [5.3332, 11.50272, 9.49728],
			"to": [6.5832, 12.49728, 14.49728],
			"rotation": {"angle": 22.5, "axis": "x", "origin": [5.8332, 12, 11.99728]},
			"faces": {
				"north": {"uv": [1, 1, 2.25, 1.99456], "texture": "#1"},
				"east": {"uv": [1, 1, 6, 1.99456], "texture": "#1"},
				"south": {"uv": [1, 1, 2.25, 1.99456], "texture": "#1"}
			}
		},
		{
			"from": [5.3332, 11.50272, 9.49728],
			"to": [6.5832, 12.49728, 14.49728],
			"rotation": {"angle": 45, "axis": "x", "origin": [5.8332, 12, 11.99728]},
			"faces": {
				"north": {"uv": [1, 1, 2.25, 1.99456], "texture": "#1"},
				"east": {"uv": [1, 1, 6, 1.99456], "texture": "#1"},
				"south": {"uv": [1, 1, 2.25, 1.99456], "texture": "#1"}
			}
		},
		{
			"from": [5.3332, 9.5, 11.5],
			"to": [6.5832, 14.5, 12.49456],
			"rotation": {"angle": -22.5, "axis": "x", "origin": [5.8332, 12, 11.99728]},
			"faces": {
				"east": {"uv": [1, 1, 1.99456, 6], "texture": "#1"},
				"up": {"uv": [2.25, 1.99456, 1, 1], "texture": "#1"},
				"down": {"uv": [2.25, 1.99456, 1, 1], "texture": "#1"}
			}
		},
		{
			"from": [5.3332, 9.5, 11.5],
			"to": [6.5832, 14.5, 12.49456],
			"rotation": {"angle": 0, "axis": "y", "origin": [5.8332, 12, 11.99728]},
			"faces": {
				"east": {"uv": [1, 1, 1.99456, 6], "texture": "#1"},
				"up": {"uv": [2.25, 1.99456, 1, 1], "texture": "#1"},
				"down": {"uv": [2.25, 1.99456, 1, 1], "texture": "#1"}
			}
		},
		{
			"from": [5.3332, 9.5, 11.5],
			"to": [6.5832, 14.5, 12.49456],
			"rotation": {"angle": 22.5, "axis": "x", "origin": [5.8332, 12, 11.99728]},
			"faces": {
				"east": {"uv": [1, 1, 1.99456, 6], "texture": "#1"},
				"up": {"uv": [2.25, 1.99456, 1, 1], "texture": "#1"},
				"down": {"uv": [2.25, 1.99456, 1, 1], "texture": "#1"}
			}
		},
		{
			"from": [5.3332, 3.50272, 9.49728],
			"to": [6.5832, 4.49728, 14.49728],
			"rotation": {"angle": 45, "axis": "x", "origin": [5.8332, 4, 11.99728]},
			"faces": {
				"north": {"uv": [1, 1, 2.25, 1.99456], "texture": "#1"},
				"east": {"uv": [1, 1, 6, 1.99456], "texture": "#1"},
				"south": {"uv": [1, 1, 2.25, 1.99456], "texture": "#1"}
			}
		},
		{
			"from": [5.3332, 3.50272, 9.49728],
			"to": [6.5832, 4.49728, 14.49728],
			"rotation": {"angle": 22.5, "axis": "x", "origin": [5.8332, 4, 11.99728]},
			"faces": {
				"north": {"uv": [1, 1, 2.25, 1.99456], "texture": "#1"},
				"east": {"uv": [1, 1, 6, 1.99456], "texture": "#1"},
				"south": {"uv": [1, 1, 2.25, 1.99456], "texture": "#1"}
			}
		},
		{
			"from": [5.3332, 3.50272, 9.49728],
			"to": [6.5832, 4.49728, 14.49728],
			"rotation": {"angle": 0, "axis": "y", "origin": [5.8332, 4, 11.99728]},
			"faces": {
				"north": {"uv": [1, 1, 2.25, 1.99456], "texture": "#1"},
				"east": {"uv": [1, 1, 6, 1.99456], "texture": "#1"},
				"south": {"uv": [1, 1, 2.25, 1.99456], "texture": "#1"}
			}
		},
		{
			"from": [5.3332, 3.50272, 9.49728],
			"to": [6.5832, 4.49728, 14.49728],
			"rotation": {"angle": -22.5, "axis": "x", "origin": [5.8332, 4, 11.99728]},
			"faces": {
				"north": {"uv": [1, 1, 2.25, 1.99456], "texture": "#1"},
				"east": {"uv": [1, 1, 6, 1.99456], "texture": "#1"},
				"south": {"uv": [1, 1, 2.25, 1.99456], "texture": "#1"}
			}
		},
		{
			"from": [5.3332, 3.50272, 9.49728],
			"to": [6.5832, 4.49728, 14.49728],
			"rotation": {"angle": -45, "axis": "x", "origin": [5.8332, 4, 11.99728]},
			"faces": {
				"north": {"uv": [1, 1, 2.25, 1.99456], "texture": "#1"},
				"east": {"uv": [1, 1, 6, 1.99456], "texture": "#1"},
				"south": {"uv": [1, 1, 2.25, 1.99456], "texture": "#1"}
			}
		},
		{
			"from": [5.3332, 1.5, 11.5],
			"to": [6.5832, 6.5, 12.49456],
			"rotation": {"angle": 22.5, "axis": "x", "origin": [5.8332, 4, 11.99728]},
			"faces": {
				"east": {"uv": [1, 1, 1.99456, 6], "texture": "#1"},
				"up": {"uv": [2.25, 1.99456, 1, 1], "texture": "#1"},
				"down": {"uv": [2.25, 1.99456, 1, 1], "texture": "#1"}
			}
		},
		{
			"from": [5.3332, 1.5, 11.5],
			"to": [6.5832, 6.5, 12.49456],
			"rotation": {"angle": 0, "axis": "y", "origin": [5.8332, 4, 11.99728]},
			"faces": {
				"east": {"uv": [1, 1, 1.99456, 6], "texture": "#1"},
				"up": {"uv": [2.25, 1.99456, 1, 1], "texture": "#1"},
				"down": {"uv": [2.25, 1.99456, 1, 1], "texture": "#1"}
			}
		},
		{
			"from": [5.3332, 1.5, 11.5],
			"to": [6.5832, 6.5, 12.49456],
			"rotation": {"angle": -22.5, "axis": "x", "origin": [5.8332, 4, 11.99728]},
			"faces": {
				"east": {"uv": [1, 1, 1.99456, 6], "texture": "#1"},
				"up": {"uv": [2.25, 1.99456, 1, 1], "texture": "#1"},
				"down": {"uv": [2.25, 1.99456, 1, 1], "texture": "#1"}
			}
		},
		{
			"from": [2.7416, 0, 8],
			"to": [5.3332, 16, 16],
			"rotation": {"angle": 0, "axis": "y", "origin": [2.6666, 0, 16]},
			"faces": {
				"north": {"uv": [0, 0, 2.5916, 16], "texture": "#1"},
				"east": {"uv": [8, 0, 16, 16], "texture": "#1"},
				"south": {"uv": [2.5916, 0, 0, 16], "texture": "#1", "cullface": "south"},
				"up": {"uv": [2.5916, 8, 0, 0], "texture": "#1", "cullface": "up"}
			}
		},
		{
			"from": [2.6666, 0, 8],
			"to": [2.7416, 16, 16],
			"rotation": {"angle": 0, "axis": "y", "origin": [2.6666, -16, 16]},
			"faces": {
				"north": {"uv": [1, 0, 1.075, 16], "texture": "#2"},
				"south": {"uv": [1, 0, 1.075, 16], "texture": "#2", "cullface": "south"},
				"up": {"uv": [1.075, 9, 1, 1], "texture": "#2", "cullface": "up"}
			}
		},
		{
			"from": [5.3326, 11.50272, 1.5],
			"to": [6.5826, 12.49728, 6.5],
			"rotation": {"angle": -45, "axis": "x", "origin": [5.8326, 12, 4]},
			"faces": {
				"north": {"uv": [1, 1, 2.25, 1.99456], "texture": "#0"},
				"east": {"uv": [1, 1, 6, 1.99456], "texture": "#0"},
				"south": {"uv": [1, 1, 2.25, 1.99456], "texture": "#0"}
			}
		},
		{
			"from": [5.3326, 11.50272, 1.5],
			"to": [6.5826, 12.49728, 6.5],
			"rotation": {"angle": -22.5, "axis": "x", "origin": [5.8326, 12, 4]},
			"faces": {
				"north": {"uv": [1, 1, 2.25, 1.99456], "texture": "#0"},
				"east": {"uv": [1, 1, 6, 1.99456], "texture": "#0"},
				"south": {"uv": [1, 1, 2.25, 1.99456], "texture": "#0"}
			}
		},
		{
			"from": [5.3326, 11.50272, 1.5],
			"to": [6.5826, 12.49728, 6.5],
			"rotation": {"angle": 0, "axis": "y", "origin": [5.8326, 12, 4]},
			"faces": {
				"north": {"uv": [1, 1, 2.25, 1.99456], "texture": "#0"},
				"east": {"uv": [1, 1, 6, 1.99456], "texture": "#0"},
				"south": {"uv": [1, 1, 2.25, 1.99456], "texture": "#0"}
			}
		},
		{
			"from": [5.3326, 11.50272, 1.5],
			"to": [6.5826, 12.49728, 6.5],
			"rotation": {"angle": 22.5, "axis": "x", "origin": [5.8326, 12, 4]},
			"faces": {
				"north": {"uv": [1, 1, 2.25, 1.99456], "texture": "#0"},
				"east": {"uv": [1, 1, 6, 1.99456], "texture": "#0"},
				"south": {"uv": [1, 1, 2.25, 1.99456], "texture": "#0"}
			}
		},
		{
			"from": [5.3326, 11.50272, 1.5],
			"to": [6.5826, 12.49728, 6.5],
			"rotation": {"angle": 45, "axis": "x", "origin": [5.8326, 12, 4]},
			"faces": {
				"north": {"uv": [1, 1, 2.25, 1.99456], "texture": "#0"},
				"east": {"uv": [1, 1, 6, 1.99456], "texture": "#0"},
				"south": {"uv": [1, 1, 2.25, 1.99456], "texture": "#0"}
			}
		},
		{
			"from": [5.3326, 9.5, 3.50272],
			"to": [6.5826, 14.5, 4.49728],
			"rotation": {"angle": -22.5, "axis": "x", "origin": [5.8326, 12, 4]},
			"faces": {
				"east": {"uv": [1, 1, 1.99456, 6], "texture": "#0"},
				"up": {"uv": [2.25, 1.99456, 1, 1], "texture": "#0"},
				"down": {"uv": [2.25, 1.99456, 1, 1], "texture": "#0"}
			}
		},
		{
			"from": [5.3326, 9.5, 3.50272],
			"to": [6.5826, 14.5, 4.49728],
			"rotation": {"angle": 0, "axis": "y", "origin": [5.8326, 12, 4]},
			"faces": {
				"east": {"uv": [1, 1, 1.99456, 6], "texture": "#0"},
				"up": {"uv": [2.25, 1.99456, 1, 1], "texture": "#0"},
				"down": {"uv": [2.25, 1.99456, 1, 1], "texture": "#0"}
			}
		},
		{
			"from": [5.3326, 9.5, 3.50272],
			"to": [6.5826, 14.5, 4.49728],
			"rotation": {"angle": 22.5, "axis": "x", "origin": [5.8326, 12, 4]},
			"faces": {
				"east": {"uv": [1, 1, 1.99456, 6], "texture": "#0"},
				"up": {"uv": [2.25, 1.99456, 1, 1], "texture": "#0"},
				"down": {"uv": [2.25, 1.99456, 1, 1], "texture": "#0"}
			}
		},
		{
			"from": [4.3332, 11.20435, 0],
			"to": [5.3332, 12.79565, 8],
			"rotation": {"angle": -45, "axis": "x", "origin": [4.8164, 12, 4]},
			"faces": {
				"north": {"uv": [1, 1, 2, 2.5913], "texture": "#0"},
				"east": {"uv": [1, 1, 9, 2.5913], "texture": "#0"},
				"south": {"uv": [1, 1, 2, 2.5913], "texture": "#0"},
				"west": {"uv": [1, 1, 9, 2.5913], "texture": "#0"}
			}
		},
		{
			"from": [4.3332, 11.20435, 0],
			"to": [5.3332, 12.79565, 8],
			"rotation": {"angle": -22.5, "axis": "x", "origin": [4.8164, 12, 4]},
			"faces": {
				"north": {"uv": [1, 1, 2, 2.5913], "texture": "#0"},
				"east": {"uv": [1, 1, 9, 2.5913], "texture": "#0"},
				"south": {"uv": [1, 1, 2, 2.5913], "texture": "#0"},
				"west": {"uv": [1, 1, 9, 2.5913], "texture": "#0"}
			}
		},
		{
			"from": [4.3332, 11.20435, 0],
			"to": [5.3332, 12.79565, 8],
			"rotation": {"angle": 0, "axis": "y", "origin": [4.8164, 12, 4]},
			"faces": {
				"north": {"uv": [1, 1, 2, 2.5913], "texture": "#0", "cullface": "north"},
				"east": {"uv": [1, 1, 9, 2.5913], "texture": "#0"},
				"west": {"uv": [1, 1, 9, 2.5913], "texture": "#0"}
			}
		},
		{
			"from": [4.3332, 11.20435, 0],
			"to": [5.3332, 12.79565, 8],
			"rotation": {"angle": 22.5, "axis": "x", "origin": [4.8164, 12, 4]},
			"faces": {
				"north": {"uv": [1, 1, 2, 2.5913], "texture": "#0"},
				"east": {"uv": [1, 1, 9, 2.5913], "texture": "#0"},
				"south": {"uv": [1, 1, 2, 2.5913], "texture": "#0"},
				"west": {"uv": [1, 1, 9, 2.5913], "texture": "#0"}
			}
		},
		{
			"from": [4.3332, 11.20435, 0],
			"to": [5.3332, 12.79565, 8],
			"rotation": {"angle": 45, "axis": "x", "origin": [4.8164, 12, 4]},
			"faces": {
				"north": {"uv": [1, 1, 2, 2.5913], "texture": "#0"},
				"east": {"uv": [1, 1, 9, 2.5913], "texture": "#0"},
				"south": {"uv": [1, 1, 2, 2.5913], "texture": "#0"},
				"west": {"uv": [1, 1, 9, 2.5913], "texture": "#0"}
			}
		},
		{
			"from": [4.3332, 8, 3.20435],
			"to": [5.3332, 16, 4.79565],
			"rotation": {"angle": -22.5, "axis": "x", "origin": [4.8164, 12, 4]},
			"faces": {
				"east": {"uv": [1, 1, 2.5913, 9], "texture": "#0"},
				"west": {"uv": [1, 1, 2.5913, 9], "texture": "#0"},
				"up": {"uv": [2, 2.5913, 1, 1], "texture": "#0"},
				"down": {"uv": [2, 2.5913, 1, 1], "texture": "#0"}
			}
		},
		{
			"from": [4.3332, 8, 3.20435],
			"to": [5.3332, 16, 4.79565],
			"rotation": {"angle": 0, "axis": "y", "origin": [4.8164, 12, 4]},
			"faces": {
				"east": {"uv": [1, 1, 2.5913, 9], "texture": "#0"},
				"west": {"uv": [1, 1, 2.5913, 9], "texture": "#0"},
				"up": {"uv": [2, 2.5913, 1, 1], "texture": "#0", "cullface": "up"}
			}
		},
		{
			"from": [4.3332, 8, 3.20435],
			"to": [5.3332, 16, 4.79565],
			"rotation": {"angle": 22.5, "axis": "x", "origin": [4.8164, 12, 4]},
			"faces": {
				"east": {"uv": [1, 1, 2.5913, 9], "texture": "#0"},
				"west": {"uv": [1, 1, 2.5913, 9], "texture": "#0"},
				"up": {"uv": [2, 2.5913, 1, 1], "texture": "#0"},
				"down": {"uv": [2, 2.5913, 1, 1], "texture": "#0"}
			}
		},
		{
			"from": [2.6664, 11.35353, 0.75],
			"to": [4.4164, 12.64647, 7.25],
			"rotation": {"angle": -45, "axis": "x", "origin": [3.1664, 12, 4]},
			"faces": {
				"north": {"uv": [1, 1, 2.75, 2.29294], "texture": "#0"},
				"south": {"uv": [1, 1, 2.75, 2.29294], "texture": "#0"}
			}
		},
		{
			"from": [2.6664, 11.35353, 0.75],
			"to": [4.4164, 12.64647, 7.25],
			"rotation": {"angle": -22.5, "axis": "x", "origin": [3.1664, 12, 4]},
			"faces": {
				"north": {"uv": [1, 1, 2.75, 2.29294], "texture": "#0"},
				"south": {"uv": [1, 1, 2.75, 2.29294], "texture": "#0"}
			}
		},
		{
			"from": [2.6664, 11.35353, 0.75],
			"to": [4.4164, 12.64647, 7.25],
			"rotation": {"angle": 0, "axis": "y", "origin": [3.1664, 12, 4]},
			"faces": {
				"north": {"uv": [1, 1, 2.75, 2.29294], "texture": "#0"},
				"south": {"uv": [1, 1, 2.75, 2.29294], "texture": "#0"}
			}
		},
		{
			"from": [2.6664, 11.35353, 0.75],
			"to": [4.4164, 12.64647, 7.25],
			"rotation": {"angle": 22.5, "axis": "x", "origin": [3.1664, 12, 4]},
			"faces": {
				"north": {"uv": [1, 1, 2.75, 2.29294], "texture": "#0"},
				"south": {"uv": [1, 1, 2.75, 2.29294], "texture": "#0"}
			}
		},
		{
			"from": [2.6664, 11.35353, 0.75],
			"to": [4.4164, 12.64647, 7.25],
			"rotation": {"angle": 45, "axis": "x", "origin": [3.1664, 12, 4]},
			"faces": {
				"north": {"uv": [1, 1, 2.75, 2.29294], "texture": "#0"},
				"south": {"uv": [1, 1, 2.75, 2.29294], "texture": "#0"}
			}
		},
		{
			"from": [2.6664, 8.75, 3.35353],
			"to": [4.4164, 15.25, 4.64647],
			"rotation": {"angle": -22.5, "axis": "x", "origin": [3.1664, 12, 4]},
			"faces": {
				"up": {"uv": [2.75, 2.29294, 1, 1], "texture": "#0"},
				"down": {"uv": [2.75, 2.29294, 1, 1], "texture": "#0"}
			}
		},
		{
			"from": [2.6664, 8.75, 3.35353],
			"to": [4.4164, 15.25, 4.64647],
			"rotation": {"angle": 0, "axis": "y", "origin": [3.1664, 12, 4]},
			"faces": {
				"up": {"uv": [2.75, 2.29294, 1, 1], "texture": "#0"},
				"down": {"uv": [2.75, 2.29294, 1, 1], "texture": "#0"}
			}
		},
		{
			"from": [2.6664, 8.75, 3.35353],
			"to": [4.4164, 15.25, 4.64647],
			"rotation": {"angle": 22.5, "axis": "x", "origin": [3.1664, 12, 4]},
			"faces": {
				"up": {"uv": [2.75, 2.29294, 1, 1], "texture": "#0"},
				"down": {"uv": [2.75, 2.29294, 1, 1], "texture": "#0"}
			}
		},
		{
			"from": [6.43756, 2.2535, 2.1583],
			"to": [7.6593, 5.7465, 3.4083],
			"rotation": {"angle": 22.5, "axis": "y", "origin": [5.04311, 4, 4]},
			"faces": {
				"east": {"uv": [1, 1, 2.25, 4.493], "texture": "#1"},
				"south": {"uv": [1, 1, 2.22174, 4.493], "texture": "#1"},
				"west": {"uv": [1, 1, 2.25, 4.493], "texture": "#1"},
				"up": {"uv": [2.22174, 2.25, 1, 1], "texture": "#1"},
				"down": {"uv": [2.22174, 2.25, 1, 1], "texture": "#1"}
			}
		},
		{
			"from": [7.11823, 2.25699, 2.25],
			"to": [7.71497, 5.74301, 2.5],
			"rotation": {"angle": 0, "axis": "x", "origin": [5.04311, 4, 4]},
			"faces": {
				"south": {"uv": [1, 1, 1.59674, 4.48602], "texture": "#1"},
				"up": {"uv": [1.59674, 1.25, 1, 1], "texture": "#1"},
				"down": {"uv": [1.59674, 1.25, 1, 1], "texture": "#1"}
			}
		},
		{
			"from": [6.29805, 2.25699, 3.42831],
			"to": [7.01979, 5.74301, 4.17831],
			"rotation": {"angle": 45, "axis": "y", "origin": [5.04311, 4, 4]},
			"faces": {
				"south": {"uv": [1, 1, 1.72174, 4.48602], "texture": "#1"},
				"up": {"uv": [1.72174, 1.75, 1, 1], "texture": "#1"},
				"down": {"uv": [1.72174, 1.75, 1, 1], "texture": "#1"}
			}
		},
		{
			"from": [5.48593, 2.25699, 2.79333],
			"to": [5.73593, 5.74301, 3.39007],
			"rotation": {"angle": -22.5, "axis": "y", "origin": [5.04311, 4, 4]},
			"faces": {
				"east": {"uv": [1, 1, 1.59674, 4.48602], "texture": "#1"},
				"up": {"uv": [1.25, 1.59674, 1, 1], "texture": "#1"},
				"down": {"uv": [1.25, 1.59674, 1, 1], "texture": "#1"}
			}
		},
		{
			"from": [5.48593, 2.25699, 4.60993],
			"to": [5.73593, 5.74301, 5.20667],
			"rotation": {"angle": 22.5, "axis": "y", "origin": [5.04311, 4, 4]},
			"faces": {
				"east": {"uv": [1, 1, 1.59674, 4.48602], "texture": "#1"},
				"up": {"uv": [1.25, 1.59674, 1, 1], "texture": "#1"},
				"down": {"uv": [1.25, 1.59674, 1, 1], "texture": "#1"}
			}
		},
		{
			"from": [6.43756, 2.2535, 4.5917],
			"to": [7.6593, 5.7465, 5.8417],
			"rotation": {"angle": -22.5, "axis": "y", "origin": [5.04311, 4, 4]},
			"faces": {
				"north": {"uv": [1, 1, 2.22174, 4.493], "texture": "#1"},
				"east": {"uv": [1, 1, 2.25, 4.493], "texture": "#1"},
				"west": {"uv": [1, 1, 2.25, 4.493], "texture": "#1"},
				"up": {"uv": [2.22174, 2.25, 1, 1], "texture": "#1"},
				"down": {"uv": [2.22174, 2.25, 1, 1], "texture": "#1"}
			}
		},
		{
			"from": [6.29805, 2.25699, 3.82169],
			"to": [7.01979, 5.74301, 4.57169],
			"rotation": {"angle": -45, "axis": "y", "origin": [5.04311, 4, 4]},
			"faces": {
				"north": {"uv": [1, 1, 1.72174, 4.48602], "texture": "#1"},
				"up": {"uv": [1.72174, 1.75, 1, 1], "texture": "#1"},
				"down": {"uv": [1.72174, 1.75, 1, 1], "texture": "#1"}
			}
		},
		{
			"from": [7.11823, 2.25699, 5.5],
			"to": [7.71497, 5.74301, 5.75],
			"rotation": {"angle": 0, "axis": "x", "origin": [5.04311, 4, 4]},
			"faces": {
				"north": {"uv": [1, 1, 1.59674, 4.48602], "texture": "#1"},
				"up": {"uv": [1.59674, 1.25, 1, 1], "texture": "#1"},
				"down": {"uv": [1.59674, 1.25, 1, 1], "texture": "#1"}
			}
		},
		{
			"from": [3.86628, 2.25, 6.40829],
			"to": [7.5343, 5.75, 7.4997],
			"rotation": {"angle": 22.5, "axis": "y", "origin": [5.04311, 4, 4]},
			"faces": {
				"north": {"uv": [1, 1, 4.66802, 4.5], "texture": "#1"},
				"east": {"uv": [1, 1, 2.09141, 4.5], "texture": "#1"},
				"south": {"uv": [1, 1, 4.66802, 4.5], "texture": "#1"},
				"up": {"uv": [4.66802, 2.09141, 1, 1], "texture": "#1"},
				"down": {"uv": [4.66802, 2.09141, 1, 1], "texture": "#1"}
			}
		},
		{
			"from": [3.86628, 2.25, 0.5003],
			"to": [7.5343, 5.75, 1.59171],
			"rotation": {"angle": -22.5, "axis": "y", "origin": [5.04311, 4, 4]},
			"faces": {
				"north": {"uv": [1, 1, 4.66802, 4.5], "texture": "#1"},
				"east": {"uv": [1, 1, 2.09141, 4.5], "texture": "#1"},
				"south": {"uv": [1, 1, 4.66802, 4.5], "texture": "#1"},
				"up": {"uv": [4.66802, 2.09141, 1, 1], "texture": "#1"},
				"down": {"uv": [4.66802, 2.09141, 1, 1], "texture": "#1"}
			}
		},
		{
			"from": [5.3332, 2.2535, 1.25],
			"to": [5.9166, 5.7465, 6.75],
			"rotation": {"angle": 0, "axis": "y", "origin": [5.04311, 4, 4]},
			"faces": {
				"east": {"uv": [1, 1, 6.5, 4.493], "texture": "#1"},
				"up": {"uv": [1.5834, 6.5, 1, 1], "texture": "#1"},
				"down": {"uv": [1.5834, 6.5, 1, 1], "texture": "#1"}
			}
		},
		{
			"from": [2.7416, 0, 0],
			"to": [5.3332, 8, 8],
			"rotation": {"angle": 0, "axis": "y", "origin": [2.6666, 0, 16]},
			"faces": {
				"north": {"uv": [0, 0, 2.5916, 8], "texture": "#1", "cullface": "north"},
				"east": {"uv": [8, 0, 16, 8], "texture": "#1"},
				"up": {"uv": [2.5916, 16, 0, 8], "texture": "#1"}
			}
		},
		{
			"from": [2.6666, 0, 0],
			"to": [2.7416, 8, 8],
			"rotation": {"angle": 0, "axis": "y", "origin": [2.6666, -16, 16]},
			"faces": {
				"north": {"uv": [1, 1, 1.075, 9], "texture": "#2", "cullface": "north"},
				"up": {"uv": [1.075, 9, 1, 1], "texture": "#2"}
			}
		}
	],
	"display": {
		"thirdperson_righthand": {
			"rotation": [75, -15, 0],
			"translation": [0.75, 0.5, -1.5],
			"scale": [0.15, 0.15, 0.15]
		},
		"thirdperson_lefthand": {
			"rotation": [75, -15, 0],
			"translation": [0.75, 0.5, -1.5],
			"scale": [0.15, 0.15, 0.15]
		},
		"firstperson_righthand": {
			"rotation": [0, 45, 0],
			"scale": [0.2, 0.2, 0.2]
		},
		"firstperson_lefthand": {
			"rotation": [0, -135, 0],
			"scale": [0.2, 0.2, 0.2]
		},
		"ground": {
			"translation": [0, 3, 0],
			"scale": [0.25, 0.25, 0.25]
		},
		"gui": {
			"rotation": [30, 80, 0],
			"translation": [0, -2.25, 0],
			"scale": [0.5, 0.5, 0.5]
		},
		"head": {
			"rotation": [0, -90, 0],
			"translation": [0, -3.75, -4.75],
			"scale": [0.5, 0.5, 0.5]
		},
		"fixed": {
			"rotation": [0, -90, 0],
			"translation": [0, -4.25, 1.25],
			"scale": [0.4, 0.4, 0.4]
		}
	},
	"groups": [
		{
			"name": "backplate",
			"origin": [8, 8, 8],
			"color": 0,
			"children": [0, 1, 2, 3, 4,
				{
					"name": "circle_center",
					"origin": [8, 8, 8],
					"color": 0,
					"children": [5, 6, 7, 8, 9, 10, 11, 12, 13]
				},
				{
					"name": "circle_top",
					"origin": [8, 8, 8],
					"color": 0,
					"children": [14, 15, 16, 17, 18, 19, 20, 21, 22, 23, 24, 25, 26, 27, 28, 29]
				}
			]
		},
		{
			"name": "small_brick1x2",
			"origin": [8, 8, 8],
			"color": 0,
			"children": [
				{
					"name": "stud",
					"origin": [8, 8, 8],
					"color": 0,
					"children": [30, 31, 32, 33, 34, 35, 36, 37]
				},
				{
					"name": "stud",
					"origin": [8, 8, 8],
					"color": 0,
					"children": [38, 39, 40, 41, 42, 43, 44, 45]
				}, 46, 47]
		},
		{
			"name": "small_round1x1",
			"origin": [8, 8, 8],
			"color": 0,
			"children": [
				{
					"name": "top",
					"origin": [8, 8, 8],
					"color": 0,
					"children": [48, 49, 50, 51, 52, 53, 54, 55]
				},
				{
					"name": "center",
					"origin": [8, 8, 8],
					"color": 0,
					"children": [56, 57, 58, 59, 60, 61, 62, 63]
				},
				{
					"name": "bottom",
					"origin": [8, 8, 8],
					"color": 0,
					"children": [64, 65, 66, 67, 68, 69, 70, 71]
				}
			]
		},
		{
			"name": "grabber_upwards1x1",
			"origin": [8, 8, 8],
			"color": 0,
			"children": [72, 73, 74, 75, 76, 77, 78, 79, 80, 81, 82, 83, 84]
		}
	]
}