{
	"credit": "AlexTestria | https://alex-bauerndistel.de",
	"textures": {
		"particle": "#0"
	},
	"elements": [
		{
			"from": [7, 0, 6.5916],
			"to": [8, 16, 6.6666],
			"rotation": {"angle": 0, "axis": "y", "origin": [8, 4, -6.3334]},
			"faces": {
				"south": {"uv": [15, 0, 16, 16], "texture": "#1"},
				"west": {"uv": [0, 1, 16, 1.075], "rotation": 270, "texture": "#1"}
			}
		},
		{
			"from": [0, 0, 6.5916],
			"to": [1, 16, 6.6666],
			"rotation": {"angle": 0, "axis": "y", "origin": [8, 4, -6.3334]},
			"faces": {
				"east": {"uv": [0, 1, 16, 1.075], "rotation": 90, "texture": "#1"},
				"south": {"uv": [0, 0, 1, 16], "texture": "#1"},
				"west": {"uv": [0, 1, 16, 1.075], "rotation": 270, "texture": "#1"}
			}
		},
		{
			"from": [0, 15, 6.5916],
			"to": [8, 16, 6.6666],
			"rotation": {"angle": 0, "axis": "y", "origin": [8, 4, -6.3334]},
			"faces": {
				"south": {"uv": [8, 0, 16, 1], "texture": "#1"},
				"up": {"uv": [8, 1, 16, 1.075], "texture": "#1"},
				"down": {"uv": [0, 1, 8, 1.075], "rotation": 180, "texture": "#1"}
			}
		},
		{
			"from": [7, 15, 6.5916],
			"to": [1, 1, 4.5],
			"rotation": {"angle": 0, "axis": "y", "origin": [7, 21, -7.35]},
			"faces": {
				"east": {"uv": [1, 0, 15, 2.5916], "rotation": 90, "texture": "#0"},
				"south": {"uv": [1, 1, 15, 7], "rotation": 270, "texture": "#0"},
				"west": {"uv": [1, 0, 15, 2.5916], "rotation": 270, "texture": "#0"},
				"up": {"uv": [1, 0, 15, 2.5916], "texture": "#0"},
				"down": {"uv": [1, 0, 15, 2.5916], "rotation": 180, "texture": "#0"}
			}
		},
		{
			"from": [0, 0, 4],
			"to": [8, 16, 6.5916],
			"rotation": {"angle": 0, "axis": "y", "origin": [8, 20, -6.3334]},
			"faces": {
				"north": {"uv": [0, 0, 8, 16], "texture": "#0"},
				"west": {"uv": [0, 0, 16, 2.5916], "rotation": 270, "texture": "#0"},
				"up": {"uv": [8, 0, 16, 2.5916], "texture": "#0"},
				"down": {"uv": [8, 2.5916, 16, 0], "texture": "#0"}
			}
		},
		{
			"from": [0, 0, 6.5916],
			"to": [8, 1, 6.6666],
			"rotation": {"angle": 0, "axis": "y", "origin": [8, 4, -6.3334]},
			"faces": {
				"south": {"uv": [8, 15, 16, 16], "texture": "#1"},
				"up": {"uv": [0, 1, 8, 1.075], "texture": "#1"},
				"down": {"uv": [0, 1, 8, 1.075], "rotation": 180, "texture": "#1"}
			}
		},
		{
			"from": [1.5, 3.50272, 2.75],
			"to": [6.5, 4.49728, 4],
			"rotation": {"angle": 45, "axis": "z", "origin": [4, 4, 3.5]},
			"faces": {
				"north": {"uv": [1, 1, 1.99456, 6], "rotation": 270, "texture": "#0"},
				"east": {"uv": [1, 1, 1.99456, 2.25], "rotation": 90, "texture": "#0"},
				"west": {"uv": [1, 1, 1.99456, 2.25], "rotation": 270, "texture": "#0"}
			}
		},
		{
			"from": [1.5, 3.50272, 2.75],
			"to": [6.5, 4.49728, 4],
			"rotation": {"angle": 22.5, "axis": "z", "origin": [4, 4, 3.5]},
			"faces": {
				"north": {"uv": [1, 1, 1.99456, 6], "rotation": 270, "texture": "#0"},
				"east": {"uv": [1, 1, 1.99456, 2.25], "rotation": 90, "texture": "#0"},
				"west": {"uv": [1, 1, 1.99456, 2.25], "rotation": 270, "texture": "#0"}
			}
		},
		{
			"from": [1.5, 3.50272, 2.75],
			"to": [6.5, 4.49728, 4],
			"rotation": {"angle": 0, "axis": "y", "origin": [4, 4, 3.5]},
			"faces": {
				"north": {"uv": [1, 1, 1.99456, 6], "rotation": 270, "texture": "#0"},
				"east": {"uv": [1, 1, 1.99456, 2.25], "rotation": 90, "texture": "#0"},
				"west": {"uv": [1, 1, 1.99456, 2.25], "rotation": 270, "texture": "#0"}
			}
		},
		{
			"from": [1.5, 3.50272, 2.75],
			"to": [6.5, 4.49728, 4],
			"rotation": {"angle": -22.5, "axis": "z", "origin": [4, 4, 3.5]},
			"faces": {
				"north": {"uv": [1, 1, 1.99456, 6], "rotation": 270, "texture": "#0"},
				"east": {"uv": [1, 1, 1.99456, 2.25], "rotation": 90, "texture": "#0"},
				"west": {"uv": [1, 1, 1.99456, 2.25], "rotation": 270, "texture": "#0"}
			}
		},
		{
			"from": [1.5, 3.50272, 2.75],
			"to": [6.5, 4.49728, 4],
			"rotation": {"angle": -45, "axis": "z", "origin": [4, 4, 3.5]},
			"faces": {
				"north": {"uv": [1, 1, 1.99456, 6], "rotation": 270, "texture": "#0"},
				"east": {"uv": [1, 1, 1.99456, 2.25], "rotation": 90, "texture": "#0"},
				"west": {"uv": [1, 1, 1.99456, 2.25], "rotation": 270, "texture": "#0"}
			}
		},
		{
			"from": [3.50272, 1.5, 2.75],
			"to": [4.49728, 6.5, 4],
			"rotation": {"angle": 22.5, "axis": "z", "origin": [4, 4, 3.5]},
			"faces": {
				"north": {"uv": [1, 1, 6, 1.99456], "rotation": 270, "texture": "#0"},
				"up": {"uv": [1, 1, 1.99456, 2.25], "texture": "#0"},
				"down": {"uv": [1, 1, 1.99456, 2.25], "rotation": 180, "texture": "#0"}
			}
		},
		{
			"from": [3.50272, 1.5, 2.75],
			"to": [4.49728, 6.5, 4],
			"rotation": {"angle": 0, "axis": "y", "origin": [4, 4, 3.5]},
			"faces": {
				"north": {"uv": [1, 1, 6, 1.99456], "rotation": 270, "texture": "#0"},
				"up": {"uv": [1, 1, 1.99456, 2.25], "texture": "#0"},
				"down": {"uv": [1, 1, 1.99456, 2.25], "rotation": 180, "texture": "#0"}
			}
		},
		{
			"from": [3.50272, 1.5, 2.75],
			"to": [4.49728, 6.5, 4],
			"rotation": {"angle": -22.5, "axis": "z", "origin": [4, 4, 3.5]},
			"faces": {
				"north": {"uv": [1, 1, 6, 1.99456], "rotation": 270, "texture": "#0"},
				"up": {"uv": [1, 1, 1.99456, 2.25], "texture": "#0"},
				"down": {"uv": [1, 1, 1.99456, 2.25], "rotation": 180, "texture": "#0"}
			}
		},
		{
			"from": [1.5, 11.50272, 2.75],
			"to": [6.5, 12.49728, 4],
			"rotation": {"angle": -45, "axis": "z", "origin": [4, 12, 3.5]},
			"faces": {
				"north": {"uv": [1, 1, 1.99456, 6], "rotation": 270, "texture": "#0"},
				"east": {"uv": [1, 1, 1.99456, 2.25], "rotation": 90, "texture": "#0"},
				"west": {"uv": [1, 1, 1.99456, 2.25], "rotation": 270, "texture": "#0"}
			}
		},
		{
			"from": [1.5, 11.50272, 2.75],
			"to": [6.5, 12.49728, 4],
			"rotation": {"angle": -22.5, "axis": "z", "origin": [4, 12, 3.5]},
			"faces": {
				"north": {"uv": [1, 1, 1.99456, 6], "rotation": 270, "texture": "#0"},
				"east": {"uv": [1, 1, 1.99456, 2.25], "rotation": 90, "texture": "#0"},
				"west": {"uv": [1, 1, 1.99456, 2.25], "rotation": 270, "texture": "#0"}
			}
		},
		{
			"from": [1.5, 11.50272, 2.75],
			"to": [6.5, 12.49728, 4],
			"rotation": {"angle": 0, "axis": "y", "origin": [4, 12, 3.5]},
			"faces": {
				"north": {"uv": [1, 1, 1.99456, 6], "rotation": 270, "texture": "#0"},
				"east": {"uv": [1, 1, 1.99456, 2.25], "rotation": 90, "texture": "#0"},
				"west": {"uv": [1, 1, 1.99456, 2.25], "rotation": 270, "texture": "#0"}
			}
		},
		{
			"from": [1.5, 11.50272, 2.75],
			"to": [6.5, 12.49728, 4],
			"rotation": {"angle": 22.5, "axis": "z", "origin": [4, 12, 3.5]},
			"faces": {
				"north": {"uv": [1, 1, 1.99456, 6], "rotation": 270, "texture": "#0"},
				"east": {"uv": [1, 1, 1.99456, 2.25], "rotation": 90, "texture": "#0"},
				"west": {"uv": [1, 1, 1.99456, 2.25], "rotation": 270, "texture": "#0"}
			}
		},
		{
			"from": [1.5, 11.50272, 2.75],
			"to": [6.5, 12.49728, 4],
			"rotation": {"angle": 45, "axis": "z", "origin": [4, 12, 3.5]},
			"faces": {
				"north": {"uv": [1, 1, 1.99456, 6], "rotation": 270, "texture": "#0"},
				"east": {"uv": [1, 1, 1.99456, 2.25], "rotation": 90, "texture": "#0"},
				"west": {"uv": [1, 1, 1.99456, 2.25], "rotation": 270, "texture": "#0"}
			}
		},
		{
			"from": [3.50272, 9.5, 2.75],
			"to": [4.49728, 14.5, 4],
			"rotation": {"angle": -22.5, "axis": "z", "origin": [4, 12, 3.5]},
			"faces": {
				"north": {"uv": [1, 1, 6, 1.99456], "rotation": 270, "texture": "#0"},
				"up": {"uv": [1, 1, 1.99456, 2.25], "texture": "#0"},
				"down": {"uv": [1, 1, 1.99456, 2.25], "rotation": 180, "texture": "#0"}
			}
		},
		{
			"from": [3.50272, 9.5, 2.75],
			"to": [4.49728, 14.5, 4],
			"rotation": {"angle": 0, "axis": "y", "origin": [4, 12, 3.5]},
			"faces": {
				"north": {"uv": [1, 1, 6, 1.99456], "rotation": 270, "texture": "#0"},
				"up": {"uv": [1, 1, 1.99456, 2.25], "texture": "#0"},
				"down": {"uv": [1, 1, 1.99456, 2.25], "rotation": 180, "texture": "#0"}
			}
		},
		{
			"from": [3.50272, 9.5, 2.75],
			"to": [4.49728, 14.5, 4],
			"rotation": {"angle": 22.5, "axis": "z", "origin": [4, 12, 3.5]},
			"faces": {
				"north": {"uv": [1, 1, 6, 1.99456], "rotation": 270, "texture": "#0"},
				"up": {"uv": [1, 1, 1.99456, 2.25], "texture": "#0"},
				"down": {"uv": [1, 1, 1.99456, 2.25], "rotation": 180, "texture": "#0"}
			}
		},
		{
			"from": [2.5, 7.37868, 4.4166],
			"to": [5.5, 8.62132, 6.6666],
			"rotation": {"angle": -22.5, "axis": "z", "origin": [4, 8, 5.5416]},
			"faces": {
				"east": {"uv": [1, 1, 2.24264, 3.25], "rotation": 90, "texture": "#0"},
				"south": {"uv": [1, 1, 2.24264, 4], "rotation": 270, "texture": "#0"},
				"west": {"uv": [1, 1, 2.24264, 3.25], "rotation": 270, "texture": "#0"}
			}
		},
		{
			"from": [2.5, 7.37868, 4.4166],
			"to": [5.5, 8.62132, 6.6666],
			"rotation": {"angle": 22.5, "axis": "z", "origin": [4, 8, 5.5416]},
			"faces": {
				"east": {"uv": [1, 1, 2.24264, 3.25], "rotation": 90, "texture": "#0"},
				"south": {"uv": [1, 1, 2.24264, 4], "rotation": 270, "texture": "#0"},
				"west": {"uv": [1, 1, 2.24264, 3.25], "rotation": 270, "texture": "#0"}
			}
		},
		{
			"from": [3.37868, 6.5, 4.4166],
			"to": [4.62132, 9.5, 6.6666],
			"rotation": {"angle": -22.5, "axis": "z", "origin": [4, 8, 5.5416]},
			"faces": {
				"south": {"uv": [1, 1, 4, 2.24264], "rotation": 270, "texture": "#0"},
				"up": {"uv": [1, 1, 2.24264, 3.25], "texture": "#0"},
				"down": {"uv": [1, 1, 2.24264, 3.25], "rotation": 180, "texture": "#0"}
			}
		},
		{
			"from": [3.37868, 6.5, 4.4166],
			"to": [4.62132, 9.5, 6.6666],
			"rotation": {"angle": 22.5, "axis": "z", "origin": [4, 8, 5.5416]},
			"faces": {
				"south": {"uv": [1, 1, 4, 2.24264], "rotation": 270, "texture": "#0"},
				"up": {"uv": [1, 1, 2.24264, 3.25], "texture": "#0"},
				"down": {"uv": [1, 1, 2.24264, 3.25], "rotation": 180, "texture": "#0"}
			}
		},
		{
			"from": [15, 0, 6.5916],
			"to": [16, 16, 6.6666],
			"rotation": {"angle": 0, "axis": "y", "origin": [16, 4, -6.3334]},
			"faces": {
				"east": {"uv": [0, 1, 16, 1.075], "rotation": 90, "texture": "#1"},
				"south": {"uv": [15, 0, 16, 16], "texture": "#1"},
				"west": {"uv": [0, 1, 16, 1.075], "rotation": 270, "texture": "#1"}
			}
		},
		{
			"from": [8, 0, 6.5916],
			"to": [9, 16, 6.6666],
			"rotation": {"angle": 0, "axis": "y", "origin": [16, 4, -6.3334]},
			"faces": {
				"east": {"uv": [0, 1, 16, 1.075], "rotation": 90, "texture": "#1"},
				"south": {"uv": [0, 0, 1, 16], "texture": "#1"}
			}
		},
		{
			"from": [8, 15, 6.5916],
			"to": [16, 16, 6.6666],
			"rotation": {"angle": 0, "axis": "y", "origin": [16, 4, -6.3334]},
			"faces": {
				"south": {"uv": [8, 0, 16, 1], "texture": "#1"},
				"up": {"uv": [0, 1, 8, 1.075], "texture": "#1"},
				"down": {"uv": [0, 1, 8, 1.075], "rotation": 180, "texture": "#1"}
			}
		},
		{
			"from": [15, 15, 6.5916],
			"to": [9, 1, 4.5],
			"rotation": {"angle": 0, "axis": "y", "origin": [15, 21, -7.35]},
			"faces": {
				"east": {"uv": [1, 0, 15, 2.5916], "rotation": 90, "texture": "#0"},
				"south": {"uv": [1, 1, 15, 7], "rotation": 270, "texture": "#0"},
				"west": {"uv": [1, 0, 15, 2.5916], "rotation": 270, "texture": "#0"},
				"up": {"uv": [1, 0, 15, 2.5916], "texture": "#0"},
				"down": {"uv": [1, 0, 15, 2.5916], "rotation": 180, "texture": "#0"}
			}
		},
		{
			"from": [8, 0, 4],
			"to": [16, 16, 6.5916],
			"rotation": {"angle": 0, "axis": "y", "origin": [16, 20, -6.3334]},
			"faces": {
				"north": {"uv": [8, 0, 16, 16], "texture": "#0"},
				"east": {"uv": [0, 0, 16, 2.5916], "rotation": 90, "texture": "#0"},
				"up": {"uv": [0, 0, 8, 2.5916], "texture": "#0"},
				"down": {"uv": [0, 2.5916, 8, 0], "texture": "#0"}
			}
		},
		{
			"from": [8, 0, 6.5916],
			"to": [16, 1, 6.6666],
			"rotation": {"angle": 0, "axis": "y", "origin": [16, 4, -6.3334]},
			"faces": {
				"south": {"uv": [0, 15, 8, 16], "texture": "#1"},
				"up": {"uv": [0, 1, 8, 1.075], "texture": "#1"},
				"down": {"uv": [8, 1, 16, 1.075], "rotation": 180, "texture": "#1"}
			}
		},
		{
			"from": [9.5, 3.50272, 2.75],
			"to": [14.5, 4.49728, 4],
			"rotation": {"angle": 45, "axis": "z", "origin": [12, 4, 3.5]},
			"faces": {
				"north": {"uv": [1, 1, 1.99456, 6], "rotation": 270, "texture": "#0"},
				"east": {"uv": [1, 1, 1.99456, 2.25], "rotation": 90, "texture": "#0"},
				"west": {"uv": [1, 1, 1.99456, 2.25], "rotation": 270, "texture": "#0"}
			}
		},
		{
			"from": [9.5, 3.50272, 2.75],
			"to": [14.5, 4.49728, 4],
			"rotation": {"angle": 22.5, "axis": "z", "origin": [12, 4, 3.5]},
			"faces": {
				"north": {"uv": [1, 1, 1.99456, 6], "rotation": 270, "texture": "#0"},
				"east": {"uv": [1, 1, 1.99456, 2.25], "rotation": 90, "texture": "#0"},
				"west": {"uv": [1, 1, 1.99456, 2.25], "rotation": 270, "texture": "#0"}
			}
		},
		{
			"from": [9.5, 3.50272, 2.75],
			"to": [14.5, 4.49728, 4],
			"rotation": {"angle": 0, "axis": "y", "origin": [12, 4, 3.5]},
			"faces": {
				"north": {"uv": [1, 1, 1.99456, 6], "rotation": 270, "texture": "#0"},
				"east": {"uv": [1, 1, 1.99456, 2.25], "rotation": 90, "texture": "#0"},
				"west": {"uv": [1, 1, 1.99456, 2.25], "rotation": 270, "texture": "#0"}
			}
		},
		{
			"from": [9.5, 3.50272, 2.75],
			"to": [14.5, 4.49728, 4],
			"rotation": {"angle": -22.5, "axis": "z", "origin": [12, 4, 3.5]},
			"faces": {
				"north": {"uv": [1, 1, 1.99456, 6], "rotation": 270, "texture": "#0"},
				"east": {"uv": [1, 1, 1.99456, 2.25], "rotation": 90, "texture": "#0"},
				"west": {"uv": [1, 1, 1.99456, 2.25], "rotation": 270, "texture": "#0"}
			}
		},
		{
			"from": [9.5, 3.50272, 2.75],
			"to": [14.5, 4.49728, 4],
			"rotation": {"angle": -45, "axis": "z", "origin": [12, 4, 3.5]},
			"faces": {
				"north": {"uv": [1, 1, 1.99456, 6], "rotation": 270, "texture": "#0"},
				"east": {"uv": [1, 1, 1.99456, 2.25], "rotation": 90, "texture": "#0"},
				"west": {"uv": [1, 1, 1.99456, 2.25], "rotation": 270, "texture": "#0"}
			}
		},
		{
			"from": [11.50272, 1.5, 2.75],
			"to": [12.49728, 6.5, 4],
			"rotation": {"angle": 22.5, "axis": "z", "origin": [12, 4, 3.5]},
			"faces": {
				"north": {"uv": [1, 1, 6, 1.99456], "rotation": 270, "texture": "#0"},
				"up": {"uv": [1, 1, 1.99456, 2.25], "texture": "#0"},
				"down": {"uv": [1, 1, 1.99456, 2.25], "rotation": 180, "texture": "#0"}
			}
		},
		{
			"from": [11.50272, 1.5, 2.75],
			"to": [12.49728, 6.5, 4],
			"rotation": {"angle": 0, "axis": "y", "origin": [12, 4, 3.5]},
			"faces": {
				"north": {"uv": [1, 1, 6, 1.99456], "rotation": 270, "texture": "#0"},
				"up": {"uv": [1, 1, 1.99456, 2.25], "texture": "#0"},
				"down": {"uv": [1, 1, 1.99456, 2.25], "rotation": 180, "texture": "#0"}
			}
		},
		{
			"from": [11.50272, 1.5, 2.75],
			"to": [12.49728, 6.5, 4],
			"rotation": {"angle": -22.5, "axis": "z", "origin": [12, 4, 3.5]},
			"faces": {
				"north": {"uv": [1, 1, 6, 1.99456], "rotation": 270, "texture": "#0"},
				"up": {"uv": [1, 1, 1.99456, 2.25], "texture": "#0"},
				"down": {"uv": [1, 1, 1.99456, 2.25], "rotation": 180, "texture": "#0"}
			}
		},
		{
			"from": [9.5, 11.50272, 2.75],
			"to": [14.5, 12.49728, 4],
			"rotation": {"angle": -45, "axis": "z", "origin": [12, 12, 3.5]},
			"faces": {
				"north": {"uv": [1, 1, 1.99456, 6], "rotation": 270, "texture": "#0"},
				"east": {"uv": [1, 1, 1.99456, 2.25], "rotation": 90, "texture": "#0"},
				"west": {"uv": [1, 1, 1.99456, 2.25], "rotation": 270, "texture": "#0"}
			}
		},
		{
			"from": [9.5, 11.50272, 2.75],
			"to": [14.5, 12.49728, 4],
			"rotation": {"angle": -22.5, "axis": "z", "origin": [12, 12, 3.5]},
			"faces": {
				"north": {"uv": [1, 1, 1.99456, 6], "rotation": 270, "texture": "#0"},
				"east": {"uv": [1, 1, 1.99456, 2.25], "rotation": 90, "texture": "#0"},
				"west": {"uv": [1, 1, 1.99456, 2.25], "rotation": 270, "texture": "#0"}
			}
		},
		{
			"from": [9.5, 11.50272, 2.75],
			"to": [14.5, 12.49728, 4],
			"rotation": {"angle": 0, "axis": "y", "origin": [12, 12, 3.5]},
			"faces": {
				"north": {"uv": [1, 1, 1.99456, 6], "rotation": 270, "texture": "#0"},
				"east": {"uv": [1, 1, 1.99456, 2.25], "rotation": 90, "texture": "#0"},
				"west": {"uv": [1, 1, 1.99456, 2.25], "rotation": 270, "texture": "#0"}
			}
		},
		{
			"from": [9.5, 11.50272, 2.75],
			"to": [14.5, 12.49728, 4],
			"rotation": {"angle": 22.5, "axis": "z", "origin": [12, 12, 3.5]},
			"faces": {
				"north": {"uv": [1, 1, 1.99456, 6], "rotation": 270, "texture": "#0"},
				"east": {"uv": [1, 1, 1.99456, 2.25], "rotation": 90, "texture": "#0"},
				"west": {"uv": [1, 1, 1.99456, 2.25], "rotation": 270, "texture": "#0"}
			}
		},
		{
			"from": [9.5, 11.50272, 2.75],
			"to": [14.5, 12.49728, 4],
			"rotation": {"angle": 45, "axis": "z", "origin": [12, 12, 3.5]},
			"faces": {
				"north": {"uv": [1, 1, 1.99456, 6], "rotation": 270, "texture": "#0"},
				"east": {"uv": [1, 1, 1.99456, 2.25], "rotation": 90, "texture": "#0"},
				"west": {"uv": [1, 1, 1.99456, 2.25], "rotation": 270, "texture": "#0"}
			}
		},
		{
			"from": [11.50272, 9.5, 2.75],
			"to": [12.49728, 14.5, 4],
			"rotation": {"angle": -22.5, "axis": "z", "origin": [12, 12, 3.5]},
			"faces": {
				"north": {"uv": [1, 1, 6, 1.99456], "rotation": 270, "texture": "#0"},
				"up": {"uv": [1, 1, 1.99456, 2.25], "texture": "#0"},
				"down": {"uv": [1, 1, 1.99456, 2.25], "rotation": 180, "texture": "#0"}
			}
		},
		{
			"from": [11.50272, 9.5, 2.75],
			"to": [12.49728, 14.5, 4],
			"rotation": {"angle": 0, "axis": "y", "origin": [12, 12, 3.5]},
			"faces": {
				"north": {"uv": [1, 1, 6, 1.99456], "rotation": 270, "texture": "#0"},
				"up": {"uv": [1, 1, 1.99456, 2.25], "texture": "#0"},
				"down": {"uv": [1, 1, 1.99456, 2.25], "rotation": 180, "texture": "#0"}
			}
		},
		{
			"from": [11.50272, 9.5, 2.75],
			"to": [12.49728, 14.5, 4],
			"rotation": {"angle": 22.5, "axis": "z", "origin": [12, 12, 3.5]},
			"faces": {
				"north": {"uv": [1, 1, 6, 1.99456], "rotation": 270, "texture": "#0"},
				"up": {"uv": [1, 1, 1.99456, 2.25], "texture": "#0"},
				"down": {"uv": [1, 1, 1.99456, 2.25], "rotation": 180, "texture": "#0"}
			}
		},
		{
			"from": [10.5, 7.37868, 4.4166],
			"to": [13.5, 8.62132, 6.6666],
			"rotation": {"angle": -22.5, "axis": "z", "origin": [12, 8, 5.5416]},
			"faces": {
				"east": {"uv": [1, 1, 2.24264, 3.25], "rotation": 90, "texture": "#0"},
				"south": {"uv": [1, 1, 2.24264, 4], "rotation": 270, "texture": "#0"},
				"west": {"uv": [1, 1, 2.24264, 3.25], "rotation": 270, "texture": "#0"}
			}
		},
		{
			"from": [10.5, 7.37868, 4.4166],
			"to": [13.5, 8.62132, 6.6666],
			"rotation": {"angle": 22.5, "axis": "z", "origin": [12, 8, 5.5416]},
			"faces": {
				"east": {"uv": [1, 1, 2.24264, 3.25], "rotation": 90, "texture": "#0"},
				"south": {"uv": [1, 1, 2.24264, 4], "rotation": 270, "texture": "#0"},
				"west": {"uv": [1, 1, 2.24264, 3.25], "rotation": 270, "texture": "#0"}
			}
		},
		{
			"from": [11.37868, 6.5, 4.4166],
			"to": [12.62132, 9.5, 6.6666],
			"rotation": {"angle": -22.5, "axis": "z", "origin": [12, 8, 5.5416]},
			"faces": {
				"south": {"uv": [1, 1, 4, 2.24264], "rotation": 270, "texture": "#0"},
				"up": {"uv": [1, 1, 2.24264, 3.25], "texture": "#0"},
				"down": {"uv": [1, 1, 2.24264, 3.25], "rotation": 180, "texture": "#0"}
			}
		},
		{
			"from": [11.37868, 6.5, 4.4166],
			"to": [12.62132, 9.5, 6.6666],
			"rotation": {"angle": 22.5, "axis": "z", "origin": [12, 8, 5.5416]},
			"faces": {
				"south": {"uv": [1, 1, 4, 2.24264], "rotation": 270, "texture": "#0"},
				"up": {"uv": [1, 1, 2.24264, 3.25], "texture": "#0"},
				"down": {"uv": [1, 1, 2.24264, 3.25], "rotation": 180, "texture": "#0"}
			}
		}
	],
	"display": {
		"thirdperson_righthand": {
			"rotation": [75, 45, 0],
			"translation": [0, 2.5, 0],
			"scale": [0.375, 0.375, 0.375]
		},
		"thirdperson_lefthand": {
			"rotation": [75, 45, 0],
			"translation": [0, 2.5, 0],
			"scale": [-0.375, 0.375, 0.375]
		},
		"firstperson_righthand": {
			"rotation": [0, 45, 0],
			"scale": [0.4, 0.4, 0.4]
		},
		"firstperson_lefthand": {
			"rotation": [0, 225, 0],
			"scale": [0.4, 0.4, 0.4]
		},
		"ground": {
			"translation": [0, 3, 0],
			"scale": [0.25, 0.25, 0.25]
		},
		"gui": {
			"rotation": [30, 135, 0],
			"scale": [0.625, 0.625, 0.625]
		},
		"head": {
			"translation": [0, 14.5, 0]
		},
		"fixed": {
			"scale": [0.5, 0.5, 0.5]
		}
	},
	"groups": [
		{
			"name": "small_brick1x2",
			"origin": [8, 8, 8],
			"color": 0,
			"children": [0, 1, 2, 3, 4, 5,
				{
					"name": "studs",
					"origin": [8, 8, 8],
					"color": 0,
					"children": [
						{
							"name": "stud",
							"origin": [8, 8, 8],
							"color": 0,
							"children": [6, 7, 8, 9, 10, 11, 12, 13]
						},
						{
							"name": "stud",
							"origin": [8, 8, 8],
							"color": 0,
							"children": [14, 15, 16, 17, 18, 19, 20, 21]
						}
					]
				},
				{
					"name": "bottom",
					"origin": [8, 8, 8],
					"color": 0,
					"children": [22, 23, 24, 25]
				}
			]
		},
		{
			"name": "small_brick1x2",
			"origin": [8, 8, 8],
			"color": 0,
			"children": [26, 27, 28, 29, 30, 31,
				{
					"name": "studs",
					"origin": [8, 8, 8],
					"color": 0,
					"children": [
						{
							"name": "stud",
							"origin": [8, 8, 8],
							"color": 0,
							"children": [32, 33, 34, 35, 36, 37, 38, 39]
						},
						{
							"name": "stud",
							"origin": [8, 8, 8],
							"color": 0,
							"children": [40, 41, 42, 43, 44, 45, 46, 47]
						}
					]
				},
				{
					"name": "bottom",
					"origin": [8, 8, 8],
					"color": 0,
					"children": [48, 49, 50, 51]
				}
			]
		}
	]
}