{
	"credit": "AlexTestria | https://alex-bauerndistel.de",
	"textures": {
		"particle": "#0"
	},
	"elements": [
		{
			"from": [0, 0, 11],
			"to": [0.075, 16, 12],
			"rotation": {"angle": 0, "axis": "y", "origin": [13, 4, 12]},
			"faces": {
				"north": {"uv": [0, 1, 16, 1.075], "rotation": 270, "texture": "#1"},
				"south": {"uv": [0, 1, 16, 1.075], "rotation": 270, "texture": "#1"},
				"west": {"uv": [15, 0, 16, 16], "texture": "#1"}
			}
		},
		{
			"from": [0, 0, 4],
			"to": [0.075, 16, 5],
			"rotation": {"angle": 0, "axis": "y", "origin": [13, 4, 12]},
			"faces": {
				"north": {"uv": [0, 1, 16, 1.075], "rotation": 270, "texture": "#1"},
				"south": {"uv": [0, 1, 16, 1.075], "rotation": 90, "texture": "#1"},
				"west": {"uv": [0, 0, 1, 16], "texture": "#1"}
			}
		},
		{
			"from": [0, 15, 4],
			"to": [0.075, 16, 12],
			"rotation": {"angle": 0, "axis": "y", "origin": [13, 4, 12]},
			"faces": {
				"west": {"uv": [8, 0, 16, 1], "texture": "#1"},
				"up": {"uv": [8, 1, 16, 1.075], "rotation": 90, "texture": "#1"},
				"down": {"uv": [0, 1, 8, 1.075], "rotation": 90, "texture": "#1"}
			}
		},
		{
			"from": [2.1666, 15, 11],
			"to": [0.075, 1, 5],
			"rotation": {"angle": 0, "axis": "y", "origin": [14.0166, 21, 11]},
			"faces": {
				"north": {"uv": [1, 0, 15, 2.5916], "rotation": 270, "texture": "#0"},
				"south": {"uv": [1, 0, 15, 2.5916], "rotation": 90, "texture": "#0"},
				"west": {"uv": [1, 1, 15, 7], "rotation": 270, "texture": "#0"},
				"up": {"uv": [1, 0, 15, 2.5916], "rotation": 90, "texture": "#0"},
				"down": {"uv": [1, 0, 15, 2.5916], "rotation": 90, "texture": "#0"}
			}
		},
		{
			"from": [0.075, 0, 4],
			"to": [2.6666, 16, 12],
			"rotation": {"angle": 0, "axis": "y", "origin": [13, 20, 12]},
			"faces": {
				"north": {"uv": [0, 0, 16, 2.5916], "rotation": 270, "texture": "#0"},
				"east": {"uv": [0, 0, 16, 8], "rotation": 270, "texture": "#0"},
				"south": {"uv": [0, 2.5916, 16, 0], "rotation": 270, "texture": "#0"},
				"up": {"uv": [8, 0, 16, 2.5916], "rotation": 90, "texture": "#0"},
				"down": {"uv": [0, 0, 8, 2.5916], "rotation": 90, "texture": "#0"}
			}
		},
		{
			"from": [0, 0, 4],
			"to": [0.075, 1, 12],
			"rotation": {"angle": 0, "axis": "y", "origin": [13, 4, 12]},
			"faces": {
				"west": {"uv": [8, 15, 16, 16], "texture": "#1"},
				"up": {"uv": [0, 1, 8, 1.075], "rotation": 90, "texture": "#1"},
				"down": {"uv": [0, 1, 8, 1.075], "rotation": 90, "texture": "#1"}
			}
		},
		{
			"from": [2.6666, 3.50272, 5.5],
			"to": [3.9166, 4.49728, 10.5],
			"rotation": {"angle": -45, "axis": "x", "origin": [3.1666, 4, 8]},
			"faces": {
				"north": {"uv": [1, 1, 1.99456, 2.25], "rotation": 270, "texture": "#0"},
				"east": {"uv": [1, 1, 1.99456, 6], "rotation": 270, "texture": "#0"},
				"south": {"uv": [1, 1, 1.99456, 2.25], "rotation": 90, "texture": "#0"}
			}
		},
		{
			"from": [2.6666, 3.50272, 5.5],
			"to": [3.9166, 4.49728, 10.5],
			"rotation": {"angle": -22.5, "axis": "x", "origin": [3.1666, 4, 8]},
			"faces": {
				"north": {"uv": [1, 1, 1.99456, 2.25], "rotation": 270, "texture": "#0"},
				"east": {"uv": [1, 1, 1.99456, 6], "rotation": 270, "texture": "#0"},
				"south": {"uv": [1, 1, 1.99456, 2.25], "rotation": 90, "texture": "#0"}
			}
		},
		{
			"from": [2.6666, 3.50272, 5.5],
			"to": [3.9166, 4.49728, 10.5],
			"rotation": {"angle": 0, "axis": "y", "origin": [3.1666, 4, 8]},
			"faces": {
				"north": {"uv": [1, 1, 1.99456, 2.25], "rotation": 270, "texture": "#0"},
				"east": {"uv": [1, 1, 1.99456, 6], "rotation": 270, "texture": "#0"},
				"south": {"uv": [1, 1, 1.99456, 2.25], "rotation": 90, "texture": "#0"}
			}
		},
		{
			"from": [2.6666, 3.50272, 5.5],
			"to": [3.9166, 4.49728, 10.5],
			"rotation": {"angle": 22.5, "axis": "x", "origin": [3.1666, 4, 8]},
			"faces": {
				"north": {"uv": [1, 1, 1.99456, 2.25], "rotation": 270, "texture": "#0"},
				"east": {"uv": [1, 1, 1.99456, 6], "rotation": 270, "texture": "#0"},
				"south": {"uv": [1, 1, 1.99456, 2.25], "rotation": 90, "texture": "#0"}
			}
		},
		{
			"from": [2.6666, 3.50272, 5.5],
			"to": [3.9166, 4.49728, 10.5],
			"rotation": {"angle": 45, "axis": "x", "origin": [3.1666, 4, 8]},
			"faces": {
				"north": {"uv": [1, 1, 1.99456, 2.25], "rotation": 270, "texture": "#0"},
				"east": {"uv": [1, 1, 1.99456, 6], "rotation": 270, "texture": "#0"},
				"south": {"uv": [1, 1, 1.99456, 2.25], "rotation": 90, "texture": "#0"}
			}
		},
		{
			"from": [2.6666, 1.5, 7.50272],
			"to": [3.9166, 6.5, 8.49728],
			"rotation": {"angle": -22.5, "axis": "x", "origin": [3.1666, 4, 8]},
			"faces": {
				"east": {"uv": [1, 1, 6, 1.99456], "rotation": 270, "texture": "#0"},
				"up": {"uv": [1, 1, 1.99456, 2.25], "rotation": 90, "texture": "#0"},
				"down": {"uv": [1, 1, 1.99456, 2.25], "rotation": 90, "texture": "#0"}
			}
		},
		{
			"from": [2.6666, 1.5, 7.50272],
			"to": [3.9166, 6.5, 8.49728],
			"rotation": {"angle": 0, "axis": "y", "origin": [3.1666, 4, 8]},
			"faces": {
				"east": {"uv": [1, 1, 6, 1.99456], "rotation": 270, "texture": "#0"},
				"up": {"uv": [1, 1, 1.99456, 2.25], "rotation": 90, "texture": "#0"},
				"down": {"uv": [1, 1, 1.99456, 2.25], "rotation": 90, "texture": "#0"}
			}
		},
		{
			"from": [2.6666, 1.5, 7.50272],
			"to": [3.9166, 6.5, 8.49728],
			"rotation": {"angle": 22.5, "axis": "x", "origin": [3.1666, 4, 8]},
			"faces": {
				"east": {"uv": [1, 1, 6, 1.99456], "rotation": 270, "texture": "#0"},
				"up": {"uv": [1, 1, 1.99456, 2.25], "rotation": 90, "texture": "#0"},
				"down": {"uv": [1, 1, 1.99456, 2.25], "rotation": 90, "texture": "#0"}
			}
		},
		{
			"from": [2.6666, 11.50272, 5.5],
			"to": [3.9166, 12.49728, 10.5],
			"rotation": {"angle": 45, "axis": "x", "origin": [3.1666, 12, 8]},
			"faces": {
				"north": {"uv": [1, 1, 1.99456, 2.25], "rotation": 270, "texture": "#0"},
				"east": {"uv": [1, 1, 1.99456, 6], "rotation": 270, "texture": "#0"},
				"south": {"uv": [1, 1, 1.99456, 2.25], "rotation": 90, "texture": "#0"}
			}
		},
		{
			"from": [2.6666, 11.50272, 5.5],
			"to": [3.9166, 12.49728, 10.5],
			"rotation": {"angle": 22.5, "axis": "x", "origin": [3.1666, 12, 8]},
			"faces": {
				"north": {"uv": [1, 1, 1.99456, 2.25], "rotation": 270, "texture": "#0"},
				"east": {"uv": [1, 1, 1.99456, 6], "rotation": 270, "texture": "#0"},
				"south": {"uv": [1, 1, 1.99456, 2.25], "rotation": 90, "texture": "#0"}
			}
		},
		{
			"from": [2.6666, 11.50272, 5.5],
			"to": [3.9166, 12.49728, 10.5],
			"rotation": {"angle": 0, "axis": "y", "origin": [3.1666, 12, 8]},
			"faces": {
				"north": {"uv": [1, 1, 1.99456, 2.25], "rotation": 270, "texture": "#0"},
				"east": {"uv": [1, 1, 1.99456, 6], "rotation": 270, "texture": "#0"},
				"south": {"uv": [1, 1, 1.99456, 2.25], "rotation": 90, "texture": "#0"}
			}
		},
		{
			"from": [2.6666, 11.50272, 5.5],
			"to": [3.9166, 12.49728, 10.5],
			"rotation": {"angle": -22.5, "axis": "x", "origin": [3.1666, 12, 8]},
			"faces": {
				"north": {"uv": [1, 1, 1.99456, 2.25], "rotation": 270, "texture": "#0"},
				"east": {"uv": [1, 1, 1.99456, 6], "rotation": 270, "texture": "#0"},
				"south": {"uv": [1, 1, 1.99456, 2.25], "rotation": 90, "texture": "#0"}
			}
		},
		{
			"from": [2.6666, 11.50272, 5.5],
			"to": [3.9166, 12.49728, 10.5],
			"rotation": {"angle": -45, "axis": "x", "origin": [3.1666, 12, 8]},
			"faces": {
				"north": {"uv": [1, 1, 1.99456, 2.25], "rotation": 270, "texture": "#0"},
				"east": {"uv": [1, 1, 1.99456, 6], "rotation": 270, "texture": "#0"},
				"south": {"uv": [1, 1, 1.99456, 2.25], "rotation": 90, "texture": "#0"}
			}
		},
		{
			"from": [2.6666, 9.5, 7.50272],
			"to": [3.9166, 14.5, 8.49728],
			"rotation": {"angle": 22.5, "axis": "x", "origin": [3.1666, 12, 8]},
			"faces": {
				"east": {"uv": [1, 1, 6, 1.99456], "rotation": 270, "texture": "#0"},
				"up": {"uv": [1, 1, 1.99456, 2.25], "rotation": 90, "texture": "#0"},
				"down": {"uv": [1, 1, 1.99456, 2.25], "rotation": 90, "texture": "#0"}
			}
		},
		{
			"from": [2.6666, 9.5, 7.50272],
			"to": [3.9166, 14.5, 8.49728],
			"rotation": {"angle": 0, "axis": "y", "origin": [3.1666, 12, 8]},
			"faces": {
				"east": {"uv": [1, 1, 6, 1.99456], "rotation": 270, "texture": "#0"},
				"up": {"uv": [1, 1, 1.99456, 2.25], "rotation": 90, "texture": "#0"},
				"down": {"uv": [1, 1, 1.99456, 2.25], "rotation": 90, "texture": "#0"}
			}
		},
		{
			"from": [2.6666, 9.5, 7.50272],
			"to": [3.9166, 14.5, 8.49728],
			"rotation": {"angle": -22.5, "axis": "x", "origin": [3.1666, 12, 8]},
			"faces": {
				"east": {"uv": [1, 1, 6, 1.99456], "rotation": 270, "texture": "#0"},
				"up": {"uv": [1, 1, 1.99456, 2.25], "rotation": 90, "texture": "#0"},
				"down": {"uv": [1, 1, 1.99456, 2.25], "rotation": 90, "texture": "#0"}
			}
		},
		{
			"from": [0, 7.37868, 6.5],
			"to": [2.25, 8.62132, 9.5],
			"rotation": {"angle": 22.5, "axis": "x", "origin": [1.125, 8, 8]},
			"faces": {
				"north": {"uv": [1, 1, 2.24264, 3.25], "rotation": 270, "texture": "#0"},
				"south": {"uv": [1, 1, 2.24264, 3.25], "rotation": 90, "texture": "#0"},
				"west": {"uv": [1, 1, 2.24264, 4], "rotation": 270, "texture": "#0"}
			}
		},
		{
			"from": [0, 7.37868, 6.5],
			"to": [2.25, 8.62132, 9.5],
			"rotation": {"angle": -22.5, "axis": "x", "origin": [1.125, 8, 8]},
			"faces": {
				"north": {"uv": [1, 1, 2.24264, 3.25], "rotation": 270, "texture": "#0"},
				"south": {"uv": [1, 1, 2.24264, 3.25], "rotation": 90, "texture": "#0"},
				"west": {"uv": [1, 1, 2.24264, 4], "rotation": 270, "texture": "#0"}
			}
		},
		{
			"from": [0, 6.5, 7.37868],
			"to": [2.25, 9.5, 8.62132],
			"rotation": {"angle": 22.5, "axis": "x", "origin": [1.125, 8, 8]},
			"faces": {
				"west": {"uv": [1, 1, 4, 2.24264], "rotation": 270, "texture": "#0"},
				"up": {"uv": [1, 1, 2.24264, 3.25], "rotation": 90, "texture": "#0"},
				"down": {"uv": [1, 1, 2.24264, 3.25], "rotation": 90, "texture": "#0"}
			}
		},
		{
			"from": [0, 6.5, 7.37868],
			"to": [2.25, 9.5, 8.62132],
			"rotation": {"angle": -22.5, "axis": "x", "origin": [1.125, 8, 8]},
			"faces": {
				"west": {"uv": [1, 1, 4, 2.24264], "rotation": 270, "texture": "#0"},
				"up": {"uv": [1, 1, 2.24264, 3.25], "rotation": 90, "texture": "#0"},
				"down": {"uv": [1, 1, 2.24264, 3.25], "rotation": 90, "texture": "#0"}
			}
		},
		{
			"from": [15.925, 0, 4],
			"to": [16, 16, 5],
			"rotation": {"angle": 0, "axis": "y", "origin": [13.69972, 8, 8]},
			"faces": {
				"north": {"uv": [0, 1, 16, 1.075], "rotation": 90, "texture": "#1"},
				"east": {"uv": [15, 0, 16, 16], "texture": "#1"},
				"south": {"uv": [0, 1, 16, 1.075], "rotation": 270, "texture": "#1"}
			}
		},
		{
			"from": [15.925, 0, 11],
			"to": [16, 16, 12],
			"rotation": {"angle": 0, "axis": "y", "origin": [13.69972, 8, 8]},
			"faces": {
				"north": {"uv": [0, 1, 16, 1.075], "rotation": 90, "texture": "#1"},
				"east": {"uv": [0, 0, 1, 16], "texture": "#1"},
				"south": {"uv": [0, 1, 16, 1.075], "rotation": 90, "texture": "#1"}
			}
		},
		{
			"from": [15.925, 15, 4],
			"to": [16, 16, 12],
			"rotation": {"angle": 0, "axis": "y", "origin": [13.69972, 8, 8]},
			"faces": {
				"east": {"uv": [8, 0, 16, 1], "texture": "#1"},
				"up": {"uv": [0, 1, 8, 1.075], "rotation": 270, "texture": "#1"},
				"down": {"uv": [0, 1, 8, 1.075], "rotation": 270, "texture": "#1"}
			}
		},
		{
			"from": [15.925, 15, 11],
			"to": [13.8334, 1, 5],
			"rotation": {"angle": 0, "axis": "y", "origin": [13.69972, 8, 8]},
			"faces": {
				"north": {"uv": [1, 0, 15, 2.5916], "rotation": 90, "texture": "#0"},
				"east": {"uv": [1, 1, 15, 7], "rotation": 270, "texture": "#0"},
				"south": {"uv": [1, 0, 15, 2.5916], "rotation": 270, "texture": "#0"},
				"up": {"uv": [1, 0, 15, 2.5916], "rotation": 270, "texture": "#0"},
				"down": {"uv": [1, 0, 15, 2.5916], "rotation": 270, "texture": "#0"}
			}
		},
		{
			"from": [13.3334, 0, 4],
			"to": [15.925, 16, 12],
			"rotation": {"angle": 0, "axis": "y", "origin": [13.69972, 8, 8]},
			"faces": {
				"north": {"uv": [0, 0, 16, 2.5916], "rotation": 90, "texture": "#0"},
				"south": {"uv": [0, 2.5916, 16, 0], "rotation": 90, "texture": "#0"},
				"west": {"uv": [0, 8, 16, 16], "rotation": 270, "texture": "#0"},
				"up": {"uv": [0, 0, 8, 2.5916], "rotation": 270, "texture": "#0"},
				"down": {"uv": [8, 0, 16, 2.5916], "rotation": 270, "texture": "#0"}
			}
		},
		{
			"from": [15.925, 0, 4],
			"to": [16, 1, 12],
			"rotation": {"angle": 0, "axis": "y", "origin": [13.69972, 8, 8]},
			"faces": {
				"east": {"uv": [0, 15, 8, 16], "texture": "#1"},
				"up": {"uv": [0, 1, 8, 1.075], "rotation": 270, "texture": "#1"},
				"down": {"uv": [8, 1, 16, 1.075], "rotation": 270, "texture": "#1"}
			}
		},
		{
			"from": [12.0834, 4.67429, 8.32843],
			"to": [13.3334, 5.66885, 13.32843],
			"rotation": {"angle": 45, "axis": "x", "origin": [13.69972, 8, 8]},
			"faces": {
				"north": {"uv": [1, 1, 1.99456, 2.25], "rotation": 90, "texture": "#0"},
				"south": {"uv": [1, 1, 1.99456, 2.25], "rotation": 270, "texture": "#0"},
				"west": {"uv": [1, 1, 1.99456, 6], "rotation": 270, "texture": "#0"}
			}
		},
		{
			"from": [12.0834, 3.8072, 7.03073],
			"to": [13.3334, 4.80176, 12.03073],
			"rotation": {"angle": 22.5, "axis": "x", "origin": [13.69972, 8, 8]},
			"faces": {
				"north": {"uv": [1, 1, 1.99456, 2.25], "rotation": 90, "texture": "#0"},
				"south": {"uv": [1, 1, 1.99456, 2.25], "rotation": 270, "texture": "#0"},
				"west": {"uv": [1, 1, 1.99456, 6], "rotation": 270, "texture": "#0"}
			}
		},
		{
			"from": [12.0834, 3.50272, 5.5],
			"to": [13.3334, 4.49728, 10.5],
			"rotation": {"angle": 0, "axis": "y", "origin": [13.69972, 8, 8]},
			"faces": {
				"north": {"uv": [1, 1, 1.99456, 2.25], "rotation": 90, "texture": "#0"},
				"south": {"uv": [1, 1, 1.99456, 2.25], "rotation": 270, "texture": "#0"},
				"west": {"uv": [1, 1, 1.99456, 6], "rotation": 270, "texture": "#0"}
			}
		},
		{
			"from": [12.0834, 3.8072, 3.96927],
			"to": [13.3334, 4.80176, 8.96927],
			"rotation": {"angle": -22.5, "axis": "x", "origin": [13.69972, 8, 8]},
			"faces": {
				"north": {"uv": [1, 1, 1.99456, 2.25], "rotation": 90, "texture": "#0"},
				"south": {"uv": [1, 1, 1.99456, 2.25], "rotation": 270, "texture": "#0"},
				"west": {"uv": [1, 1, 1.99456, 6], "rotation": 270, "texture": "#0"}
			}
		},
		{
			"from": [12.0834, 4.67429, 2.67157],
			"to": [13.3334, 5.66885, 7.67157],
			"rotation": {"angle": -45, "axis": "x", "origin": [13.69972, 8, 8]},
			"faces": {
				"north": {"uv": [1, 1, 1.99456, 2.25], "rotation": 90, "texture": "#0"},
				"south": {"uv": [1, 1, 1.99456, 2.25], "rotation": 270, "texture": "#0"},
				"west": {"uv": [1, 1, 1.99456, 6], "rotation": 270, "texture": "#0"}
			}
		},
		{
			"from": [12.0834, 1.80448, 9.03345],
			"to": [13.3334, 6.80448, 10.02801],
			"rotation": {"angle": 22.5, "axis": "x", "origin": [13.69972, 8, 8]},
			"faces": {
				"west": {"uv": [1, 1, 6, 1.99456], "rotation": 270, "texture": "#0"},
				"up": {"uv": [1, 1, 1.99456, 2.25], "rotation": 270, "texture": "#0"},
				"down": {"uv": [1, 1, 1.99456, 2.25], "rotation": 270, "texture": "#0"}
			}
		},
		{
			"from": [12.0834, 1.5, 7.50272],
			"to": [13.3334, 6.5, 8.49728],
			"rotation": {"angle": 0, "axis": "y", "origin": [13.69972, 8, 8]},
			"faces": {
				"west": {"uv": [1, 1, 6, 1.99456], "rotation": 270, "texture": "#0"},
				"up": {"uv": [1, 1, 1.99456, 2.25], "rotation": 270, "texture": "#0"},
				"down": {"uv": [1, 1, 1.99456, 2.25], "rotation": 270, "texture": "#0"}
			}
		},
		{
			"from": [12.0834, 1.80448, 5.97199],
			"to": [13.3334, 6.80448, 6.96655],
			"rotation": {"angle": -22.5, "axis": "x", "origin": [13.69972, 8, 8]},
			"faces": {
				"west": {"uv": [1, 1, 6, 1.99456], "rotation": 270, "texture": "#0"},
				"up": {"uv": [1, 1, 1.99456, 2.25], "rotation": 270, "texture": "#0"},
				"down": {"uv": [1, 1, 1.99456, 2.25], "rotation": 270, "texture": "#0"}
			}
		},
		{
			"from": [12.0834, 10.33115, 8.32843],
			"to": [13.3334, 11.32571, 13.32843],
			"rotation": {"angle": -45, "axis": "x", "origin": [13.69972, 8, 8]},
			"faces": {
				"north": {"uv": [1, 1, 1.99456, 2.25], "rotation": 90, "texture": "#0"},
				"south": {"uv": [1, 1, 1.99456, 2.25], "rotation": 270, "texture": "#0"},
				"west": {"uv": [1, 1, 1.99456, 6], "rotation": 270, "texture": "#0"}
			}
		},
		{
			"from": [12.0834, 11.19824, 7.03073],
			"to": [13.3334, 12.1928, 12.03073],
			"rotation": {"angle": -22.5, "axis": "x", "origin": [13.69972, 8, 8]},
			"faces": {
				"north": {"uv": [1, 1, 1.99456, 2.25], "rotation": 90, "texture": "#0"},
				"south": {"uv": [1, 1, 1.99456, 2.25], "rotation": 270, "texture": "#0"},
				"west": {"uv": [1, 1, 1.99456, 6], "rotation": 270, "texture": "#0"}
			}
		},
		{
			"from": [12.0834, 11.50272, 5.5],
			"to": [13.3334, 12.49728, 10.5],
			"rotation": {"angle": 0, "axis": "y", "origin": [13.69972, 8, 8]},
			"faces": {
				"north": {"uv": [1, 1, 1.99456, 2.25], "rotation": 90, "texture": "#0"},
				"south": {"uv": [1, 1, 1.99456, 2.25], "rotation": 270, "texture": "#0"},
				"west": {"uv": [1, 1, 1.99456, 6], "rotation": 270, "texture": "#0"}
			}
		},
		{
			"from": [12.0834, 11.19824, 3.96927],
			"to": [13.3334, 12.1928, 8.96927],
			"rotation": {"angle": 22.5, "axis": "x", "origin": [13.69972, 8, 8]},
			"faces": {
				"north": {"uv": [1, 1, 1.99456, 2.25], "rotation": 90, "texture": "#0"},
				"south": {"uv": [1, 1, 1.99456, 2.25], "rotation": 270, "texture": "#0"},
				"west": {"uv": [1, 1, 1.99456, 6], "rotation": 270, "texture": "#0"}
			}
		},
		{
			"from": [12.0834, 10.33115, 2.67157],
			"to": [13.3334, 11.32571, 7.67157],
			"rotation": {"angle": 45, "axis": "x", "origin": [13.69972, 8, 8]},
			"faces": {
				"north": {"uv": [1, 1, 1.99456, 2.25], "rotation": 90, "texture": "#0"},
				"south": {"uv": [1, 1, 1.99456, 2.25], "rotation": 270, "texture": "#0"},
				"west": {"uv": [1, 1, 1.99456, 6], "rotation": 270, "texture": "#0"}
			}
		},
		{
			"from": [12.0834, 9.19552, 9.03345],
			"to": [13.3334, 14.19552, 10.02801],
			"rotation": {"angle": -22.5, "axis": "x", "origin": [13.69972, 8, 8]},
			"faces": {
				"west": {"uv": [1, 1, 6, 1.99456], "rotation": 270, "texture": "#0"},
				"up": {"uv": [1, 1, 1.99456, 2.25], "rotation": 270, "texture": "#0"},
				"down": {"uv": [1, 1, 1.99456, 2.25], "rotation": 270, "texture": "#0"}
			}
		},
		{
			"from": [12.0834, 9.5, 7.50272],
			"to": [13.3334, 14.5, 8.49728],
			"rotation": {"angle": 0, "axis": "y", "origin": [13.69972, 8, 8]},
			"faces": {
				"west": {"uv": [1, 1, 6, 1.99456], "rotation": 270, "texture": "#0"},
				"up": {"uv": [1, 1, 1.99456, 2.25], "rotation": 270, "texture": "#0"},
				"down": {"uv": [1, 1, 1.99456, 2.25], "rotation": 270, "texture": "#0"}
			}
		},
		{
			"from": [12.0834, 9.19552, 5.97199],
			"to": [13.3334, 14.19552, 6.96655],
			"rotation": {"angle": 22.5, "axis": "x", "origin": [13.69972, 8, 8]},
			"faces": {
				"west": {"uv": [1, 1, 6, 1.99456], "rotation": 270, "texture": "#0"},
				"up": {"uv": [1, 1, 1.99456, 2.25], "rotation": 270, "texture": "#0"},
				"down": {"uv": [1, 1, 1.99456, 2.25], "rotation": 270, "texture": "#0"}
			}
		},
		{
			"from": [13.75, 7.37868, 6.5],
			"to": [16, 8.62132, 9.5],
			"rotation": {"angle": -22.5, "axis": "x", "origin": [13.69972, 8, 8]},
			"faces": {
				"north": {"uv": [1, 1, 2.24264, 3.25], "rotation": 90, "texture": "#0"},
				"east": {"uv": [1, 1, 2.24264, 4], "rotation": 270, "texture": "#0"},
				"south": {"uv": [1, 1, 2.24264, 3.25], "rotation": 270, "texture": "#0"}
			}
		},
		{
			"from": [13.75, 7.37868, 6.5],
			"to": [16, 8.62132, 9.5],
			"rotation": {"angle": 22.5, "axis": "x", "origin": [13.69972, 8, 8]},
			"faces": {
				"north": {"uv": [1, 1, 2.24264, 3.25], "rotation": 90, "texture": "#0"},
				"east": {"uv": [1, 1, 2.24264, 4], "rotation": 270, "texture": "#0"},
				"south": {"uv": [1, 1, 2.24264, 3.25], "rotation": 270, "texture": "#0"}
			}
		},
		{
			"from": [13.75, 6.5, 7.37868],
			"to": [16, 9.5, 8.62132],
			"rotation": {"angle": -22.5, "axis": "x", "origin": [13.69972, 8, 8]},
			"faces": {
				"east": {"uv": [1, 1, 4, 2.24264], "rotation": 270, "texture": "#0"},
				"up": {"uv": [1, 1, 2.24264, 3.25], "rotation": 270, "texture": "#0"},
				"down": {"uv": [1, 1, 2.24264, 3.25], "rotation": 270, "texture": "#0"}
			}
		},
		{
			"from": [13.75, 6.5, 7.37868],
			"to": [16, 9.5, 8.62132],
			"rotation": {"angle": 22.5, "axis": "x", "origin": [13.69972, 8, 8]},
			"faces": {
				"east": {"uv": [1, 1, 4, 2.24264], "rotation": 270, "texture": "#0"},
				"up": {"uv": [1, 1, 2.24264, 3.25], "rotation": 270, "texture": "#0"},
				"down": {"uv": [1, 1, 2.24264, 3.25], "rotation": 270, "texture": "#0"}
			}
		}
	],
	"display": {
		"thirdperson_righthand": {
			"rotation": [75, 45, 0],
			"translation": [0, 2.5, 0],
			"scale": [0.375, 0.375, 0.375]
		},
		"thirdperson_lefthand": {
			"rotation": [75, 45, 0],
			"translation": [0, 2.5, 0],
			"scale": [-0.375, 0.375, 0.375]
		},
		"firstperson_righthand": {
			"rotation": [0, -45, 0],
			"scale": [0.4, 0.4, 0.4]
		},
		"firstperson_lefthand": {
			"rotation": [0, -45, 0],
			"scale": [0.4, 0.4, 0.4]
		},
		"ground": {
			"translation": [0, 3, 0],
			"scale": [0.25, 0.25, 0.25]
		},
		"gui": {
			"rotation": [30, 45, 0],
			"scale": [0.625, 0.625, 0.625]
		},
		"head": {
			"translation": [0, 14.5, 0]
		},
		"fixed": {
			"translation": [0, 0, -2.25],
			"scale": [0.5, 0.5, 0.5]
		}
	},
	"groups": [
		{
			"name": "small_brick1x2",
			"origin": [8, 8, 8],
			"color": 0,
			"children": [0, 1, 2, 3, 4, 5,
				{
					"name": "studs",
					"origin": [8, 8, 8],
					"color": 0,
					"children": [
						{
							"name": "stud",
							"origin": [8, 8, 8],
							"color": 0,
							"children": [6, 7, 8, 9, 10, 11, 12, 13]
						},
						{
							"name": "stud",
							"origin": [8, 8, 8],
							"color": 0,
							"children": [14, 15, 16, 17, 18, 19, 20, 21]
						}
					]
				},
				{
					"name": "bottom",
					"origin": [8, 8, 8],
					"color": 0,
					"children": [22, 23, 24, 25]
				}
			]
		},
		{
			"name": "small_brick1x2",
			"origin": [8, 8, 8],
			"color": 0,
			"children": [26, 27, 28, 29, 30, 31,
				{
					"name": "studs",
					"origin": [8, 8, 8],
					"color": 0,
					"children": [
						{
							"name": "stud",
							"origin": [8, 8, 8],
							"color": 0,
							"children": [32, 33, 34, 35, 36, 37, 38, 39]
						},
						{
							"name": "stud",
							"origin": [8, 8, 8],
							"color": 0,
							"children": [40, 41, 42, 43, 44, 45, 46, 47]
						}
					]
				},
				{
					"name": "bottom",
					"origin": [8, 8, 8],
					"color": 0,
					"children": [48, 49, 50, 51]
				}
			]
		}
	]
}