{
	"credit": "AlexTestria | https://alex-bauerndistel.de",
	"textures": {
		"particle": "#0"
	},
	"elements": [
		{
			"from": [4, 2.6666, 4],
			"to": [12, 5.3332, 12],
			"rotation": {"angle": 0, "axis": "y", "origin": [20, 1.7416, 4]},
			"faces": {
				"north": {"uv": [4, 0, 12, 2.6666], "texture": "#0"},
				"east": {"uv": [4, 0, 12, 2.6666], "texture": "#0"},
				"south": {"uv": [4, 0, 12, 2.6666], "texture": "#0"},
				"west": {"uv": [4, 0, 12, 2.6666], "texture": "#0"},
				"down": {"uv": [4, 4, 12, 12], "texture": "#0"}
			}
		},
		{
			"from": [4, 13.3334, 4],
			"to": [12, 16, 12],
			"rotation": {"angle": 0, "axis": "y", "origin": [16, 1.4084, 0]},
			"faces": {
				"north": {"uv": [4, 0, 12, 2.6666], "texture": "#0"},
				"east": {"uv": [4, 0, 12, 2.6666], "texture": "#0"},
				"south": {"uv": [4, 0, 12, 2.6666], "texture": "#0"},
				"west": {"uv": [4, 0, 12, 2.6666], "texture": "#0"},
				"up": {"uv": [4, 4, 12, 12], "texture": "#0"},
				"down": {"uv": [4, 4, 12, 12], "texture": "#0"}
			}
		},
		{
			"from": [4, 5.4082, 4],
			"to": [12, 7.9998, 12],
			"rotation": {"angle": 0, "axis": "y", "origin": [20, -0.2668, 4]},
			"faces": {
				"north": {"uv": [4, 0, 12, 2.6666], "texture": "#0"},
				"east": {"uv": [4, 0, 12, 2.6666], "texture": "#0"},
				"south": {"uv": [4, 0, 12, 2.6666], "texture": "#0"},
				"west": {"uv": [4, 0, 12, 2.6666], "texture": "#0"}
			}
		},
		{
			"from": [4, 5.3332, 4],
			"to": [12, 5.4082, 12],
			"rotation": {"angle": 0, "axis": "y", "origin": [4, 20.4082, 4]},
			"faces": {
				"north": {"uv": [4, 1, 12, 1.075], "texture": "#1"},
				"east": {"uv": [4, 1, 12, 1.075], "texture": "#1"},
				"south": {"uv": [4, 1, 12, 1.075], "texture": "#1"},
				"west": {"uv": [4, 1, 12, 1.075], "texture": "#1"}
			}
		},
		{
			"from": [4, 8.0748, 4],
			"to": [12, 10.6664, 12],
			"rotation": {"angle": 0, "axis": "y", "origin": [20, 2.3998, 4]},
			"faces": {
				"north": {"uv": [4, 0, 12, 2.6666], "texture": "#0"},
				"east": {"uv": [4, 0, 12, 2.6666], "texture": "#0"},
				"south": {"uv": [4, 0, 12, 2.6666], "texture": "#0"},
				"west": {"uv": [4, 0, 12, 2.6666], "texture": "#0"},
				"up": {"uv": [4, 4, 12, 12], "texture": "#0"}
			}
		},
		{
			"from": [4, 7.9998, 4],
			"to": [12, 8.0748, 12],
			"rotation": {"angle": 0, "axis": "y", "origin": [4, 23.0748, 4]},
			"faces": {
				"north": {"uv": [4, 1, 12, 1.075], "texture": "#1"},
				"east": {"uv": [4, 1, 12, 1.075], "texture": "#1"},
				"south": {"uv": [4, 1, 12, 1.075], "texture": "#1"},
				"west": {"uv": [4, 1, 12, 1.075], "texture": "#1"}
			}
		},
		{
			"from": [7.20435, 1.6668, 4],
			"to": [8.79565, 2.6668, 12],
			"rotation": {"angle": -45, "axis": "y", "origin": [8, 2.15, 8]},
			"faces": {
				"north": {"uv": [1, 1, 2.5913, 2], "texture": "#2"},
				"south": {"uv": [1, 1, 2.5913, 2], "texture": "#2"},
				"down": {"uv": [1, 1, 2.5913, 9], "texture": "#2"}
			}
		},
		{
			"from": [7.20435, 1.6668, 4],
			"to": [8.79565, 2.6668, 12],
			"rotation": {"angle": -22.5, "axis": "y", "origin": [8, 2.15, 8]},
			"faces": {
				"north": {"uv": [1, 1, 2.5913, 2], "texture": "#2"},
				"south": {"uv": [1, 1, 2.5913, 2], "texture": "#2"},
				"down": {"uv": [1, 1, 2.5913, 9], "texture": "#2"}
			}
		},
		{
			"from": [7.20435, 1.6668, 4],
			"to": [8.79565, 2.6668, 12],
			"rotation": {"angle": 0, "axis": "y", "origin": [8, 2.15, 8]},
			"faces": {
				"north": {"uv": [1, 1, 2.5913, 2], "texture": "#2"},
				"south": {"uv": [1, 1, 2.5913, 2], "texture": "#2"},
				"down": {"uv": [1, 1, 2.5913, 9], "texture": "#2"}
			}
		},
		{
			"from": [7.20435, 1.6668, 4],
			"to": [8.79565, 2.6668, 12],
			"rotation": {"angle": 22.5, "axis": "y", "origin": [8, 2.15, 8]},
			"faces": {
				"north": {"uv": [1, 1, 2.5913, 2], "texture": "#2"},
				"south": {"uv": [1, 1, 2.5913, 2], "texture": "#2"},
				"down": {"uv": [1, 1, 2.5913, 9], "texture": "#2"}
			}
		},
		{
			"from": [7.20435, 1.6668, 4],
			"to": [8.79565, 2.6668, 12],
			"rotation": {"angle": 45, "axis": "y", "origin": [8, 2.15, 8]},
			"faces": {
				"north": {"uv": [1, 1, 2.5913, 2], "texture": "#2"},
				"south": {"uv": [1, 1, 2.5913, 2], "texture": "#2"},
				"down": {"uv": [1, 1, 2.5913, 9], "texture": "#2"}
			}
		},
		{
			"from": [4, 1.6668, 7.20435],
			"to": [12, 2.6668, 8.79565],
			"rotation": {"angle": -22.5, "axis": "y", "origin": [8, 2.15, 8]},
			"faces": {
				"east": {"uv": [1, 1, 2.5913, 2], "texture": "#2"},
				"west": {"uv": [1, 1, 2.5913, 2], "texture": "#2"},
				"down": {"uv": [1, 1, 9, 2.5913], "texture": "#2"}
			}
		},
		{
			"from": [4, 1.6668, 7.20435],
			"to": [12, 2.6668, 8.79565],
			"rotation": {"angle": 0, "axis": "y", "origin": [8, 2.15, 8]},
			"faces": {
				"east": {"uv": [1, 1, 2.5913, 2], "texture": "#2"},
				"west": {"uv": [1, 1, 2.5913, 2], "texture": "#2"},
				"down": {"uv": [1, 1, 9, 2.5913], "texture": "#2"}
			}
		},
		{
			"from": [4, 1.6668, 7.20435],
			"to": [12, 2.6668, 8.79565],
			"rotation": {"angle": 22.5, "axis": "y", "origin": [8, 2.15, 8]},
			"faces": {
				"east": {"uv": [1, 1, 2.5913, 2], "texture": "#2"},
				"west": {"uv": [1, 1, 2.5913, 2], "texture": "#2"},
				"down": {"uv": [1, 1, 9, 2.5913], "texture": "#2"}
			}
		},
		{
			"from": [7.35353, 0, 4.75],
			"to": [8.64647, 1.75, 11.25],
			"rotation": {"angle": -45, "axis": "y", "origin": [8, 0.5, 8]},
			"faces": {
				"north": {"uv": [1, 14, 2.29293, 15.75], "texture": "#2"},
				"south": {"uv": [1, 14, 2.29293, 15.75], "texture": "#2"},
				"down": {"uv": [1, 1, 2.29293, 7.5], "texture": "#2", "cullface": "down"}
			}
		},
		{
			"from": [7.35353, 0, 4.75],
			"to": [8.64647, 1.75, 11.25],
			"rotation": {"angle": -22.5, "axis": "y", "origin": [8, 0.5, 8]},
			"faces": {
				"north": {"uv": [1, 14, 2.29293, 15.75], "texture": "#2"},
				"south": {"uv": [1, 14, 2.29293, 15.75], "texture": "#2"},
				"down": {"uv": [1, 1, 2.29293, 7.5], "texture": "#2", "cullface": "down"}
			}
		},
		{
			"from": [7.35353, 0, 4.75],
			"to": [8.64647, 1.75, 11.25],
			"rotation": {"angle": 0, "axis": "y", "origin": [8, 0.5, 8]},
			"faces": {
				"north": {"uv": [1, 14, 2.29293, 15.75], "texture": "#2"},
				"south": {"uv": [1, 14, 2.29293, 15.75], "texture": "#2"},
				"down": {"uv": [1, 1, 2.29293, 7.5], "texture": "#2", "cullface": "down"}
			}
		},
		{
			"from": [7.35353, 0, 4.75],
			"to": [8.64647, 1.75, 11.25],
			"rotation": {"angle": 22.5, "axis": "y", "origin": [8, 0.5, 8]},
			"faces": {
				"north": {"uv": [1, 14, 2.29293, 15.75], "texture": "#2"},
				"south": {"uv": [1, 14, 2.29293, 15.75], "texture": "#2"},
				"down": {"uv": [1, 1, 2.29293, 7.5], "texture": "#2", "cullface": "down"}
			}
		},
		{
			"from": [7.35353, 0, 4.75],
			"to": [8.64647, 1.75, 11.25],
			"rotation": {"angle": 45, "axis": "y", "origin": [8, 0.5, 8]},
			"faces": {
				"north": {"uv": [1, 14, 2.29293, 15.75], "texture": "#2"},
				"south": {"uv": [1, 14, 2.29293, 15.75], "texture": "#2"},
				"down": {"uv": [1, 1, 2.29293, 7.5], "texture": "#2", "cullface": "down"}
			}
		},
		{
			"from": [4.75, 0, 7.35353],
			"to": [11.25, 1.75, 8.64647],
			"rotation": {"angle": -22.5, "axis": "y", "origin": [8, 0.5, 8]},
			"faces": {
				"east": {"uv": [1, 14, 2.29293, 15.75], "texture": "#2"},
				"west": {"uv": [1, 14, 2.29293, 15.75], "texture": "#2"},
				"down": {"uv": [1, 1, 7.5, 2.29293], "texture": "#2", "cullface": "down"}
			}
		},
		{
			"from": [4.75, 0, 7.35353],
			"to": [11.25, 1.75, 8.64647],
			"rotation": {"angle": 0, "axis": "y", "origin": [8, 0.5, 8]},
			"faces": {
				"east": {"uv": [1, 14, 2.29293, 15.75], "texture": "#2"},
				"west": {"uv": [1, 14, 2.29293, 15.75], "texture": "#2"},
				"down": {"uv": [1, 1, 7.5, 2.29293], "texture": "#2", "cullface": "down"}
			}
		},
		{
			"from": [4.75, 0, 7.35353],
			"to": [11.25, 1.75, 8.64647],
			"rotation": {"angle": 22.5, "axis": "y", "origin": [8, 0.5, 8]},
			"faces": {
				"east": {"uv": [1, 14, 2.29293, 15.75], "texture": "#2"},
				"west": {"uv": [1, 14, 2.29293, 15.75], "texture": "#2"},
				"down": {"uv": [1, 1, 7.5, 2.29293], "texture": "#2", "cullface": "down"}
			}
		},
		{
			"from": [7.20435, 12.332, 4],
			"to": [8.79565, 13.332, 12],
			"rotation": {"angle": -45, "axis": "y", "origin": [8, 12.8152, 8]},
			"faces": {
				"north": {"uv": [1, 1, 2.5913, 2], "texture": "#2"},
				"south": {"uv": [1, 1, 2.5913, 2], "texture": "#2"},
				"down": {"uv": [1, 1, 2.5913, 9], "texture": "#2"}
			}
		},
		{
			"from": [7.20435, 12.332, 4],
			"to": [8.79565, 13.332, 12],
			"rotation": {"angle": -22.5, "axis": "y", "origin": [8, 12.8152, 8]},
			"faces": {
				"north": {"uv": [1, 1, 2.5913, 2], "texture": "#2"},
				"south": {"uv": [1, 1, 2.5913, 2], "texture": "#2"},
				"down": {"uv": [1, 1, 2.5913, 9], "texture": "#2"}
			}
		},
		{
			"from": [7.20435, 12.332, 4],
			"to": [8.79565, 13.332, 12],
			"rotation": {"angle": 0, "axis": "y", "origin": [8, 12.8152, 8]},
			"faces": {
				"north": {"uv": [1, 1, 2.5913, 2], "texture": "#2"},
				"south": {"uv": [1, 1, 2.5913, 2], "texture": "#2"},
				"down": {"uv": [1, 1, 2.5913, 9], "texture": "#2"}
			}
		},
		{
			"from": [7.20435, 12.332, 4],
			"to": [8.79565, 13.332, 12],
			"rotation": {"angle": 22.5, "axis": "y", "origin": [8, 12.8152, 8]},
			"faces": {
				"north": {"uv": [1, 1, 2.5913, 2], "texture": "#2"},
				"south": {"uv": [1, 1, 2.5913, 2], "texture": "#2"},
				"down": {"uv": [1, 1, 2.5913, 9], "texture": "#2"}
			}
		},
		{
			"from": [7.20435, 12.332, 4],
			"to": [8.79565, 13.332, 12],
			"rotation": {"angle": 45, "axis": "y", "origin": [8, 12.8152, 8]},
			"faces": {
				"north": {"uv": [1, 1, 2.5913, 2], "texture": "#2"},
				"south": {"uv": [1, 1, 2.5913, 2], "texture": "#2"},
				"down": {"uv": [1, 1, 2.5913, 9], "texture": "#2"}
			}
		},
		{
			"from": [4, 12.332, 7.20435],
			"to": [12, 13.332, 8.79565],
			"rotation": {"angle": -22.5, "axis": "y", "origin": [8, 12.8152, 8]},
			"faces": {
				"east": {"uv": [1, 1, 2.5913, 2], "texture": "#2"},
				"west": {"uv": [1, 1, 2.5913, 2], "texture": "#2"},
				"down": {"uv": [1, 1, 9, 2.5913], "texture": "#2"}
			}
		},
		{
			"from": [4, 12.332, 7.20435],
			"to": [12, 13.332, 8.79565],
			"rotation": {"angle": 0, "axis": "y", "origin": [8, 12.8152, 8]},
			"faces": {
				"east": {"uv": [1, 1, 2.5913, 2], "texture": "#2"},
				"west": {"uv": [1, 1, 2.5913, 2], "texture": "#2"},
				"down": {"uv": [1, 1, 9, 2.5913], "texture": "#2"}
			}
		},
		{
			"from": [4, 12.332, 7.20435],
			"to": [12, 13.332, 8.79565],
			"rotation": {"angle": 22.5, "axis": "y", "origin": [8, 12.8152, 8]},
			"faces": {
				"east": {"uv": [1, 1, 2.5913, 2], "texture": "#2"},
				"west": {"uv": [1, 1, 2.5913, 2], "texture": "#2"},
				"down": {"uv": [1, 1, 9, 2.5913], "texture": "#2"}
			}
		},
		{
			"from": [7.35353, 10.6652, 4.75],
			"to": [8.64647, 12.4152, 11.25],
			"rotation": {"angle": -45, "axis": "y", "origin": [8, 11.1652, 8]},
			"faces": {
				"north": {"uv": [1, 14, 2.29293, 15.75], "texture": "#2"},
				"south": {"uv": [1, 14, 2.29293, 15.75], "texture": "#2"}
			}
		},
		{
			"from": [7.35353, 10.6652, 4.75],
			"to": [8.64647, 12.4152, 11.25],
			"rotation": {"angle": -22.5, "axis": "y", "origin": [8, 11.1652, 8]},
			"faces": {
				"north": {"uv": [1, 14, 2.29293, 15.75], "texture": "#2"},
				"south": {"uv": [1, 14, 2.29293, 15.75], "texture": "#2"}
			}
		},
		{
			"from": [7.35353, 10.6652, 4.75],
			"to": [8.64647, 12.4152, 11.25],
			"rotation": {"angle": 0, "axis": "y", "origin": [8, 11.1652, 8]},
			"faces": {
				"north": {"uv": [1, 14, 2.29293, 15.75], "texture": "#2"},
				"south": {"uv": [1, 14, 2.29293, 15.75], "texture": "#2"}
			}
		},
		{
			"from": [7.35353, 10.6652, 4.75],
			"to": [8.64647, 12.4152, 11.25],
			"rotation": {"angle": 22.5, "axis": "y", "origin": [8, 11.1652, 8]},
			"faces": {
				"north": {"uv": [1, 14, 2.29293, 15.75], "texture": "#2"},
				"south": {"uv": [1, 14, 2.29293, 15.75], "texture": "#2"}
			}
		},
		{
			"from": [7.35353, 10.6652, 4.75],
			"to": [8.64647, 12.4152, 11.25],
			"rotation": {"angle": 45, "axis": "y", "origin": [8, 11.1652, 8]},
			"faces": {
				"north": {"uv": [1, 14, 2.29293, 15.75], "texture": "#2"},
				"south": {"uv": [1, 14, 2.29293, 15.75], "texture": "#2"}
			}
		},
		{
			"from": [4.75, 10.6652, 7.35353],
			"to": [11.25, 12.4152, 8.64647],
			"rotation": {"angle": -22.5, "axis": "y", "origin": [8, 11.1652, 8]},
			"faces": {
				"east": {"uv": [1, 14, 2.29293, 15.75], "texture": "#2"},
				"west": {"uv": [1, 14, 2.29293, 15.75], "texture": "#2"}
			}
		},
		{
			"from": [4.75, 10.6652, 7.35353],
			"to": [11.25, 12.4152, 8.64647],
			"rotation": {"angle": 0, "axis": "y", "origin": [8, 11.1652, 8]},
			"faces": {
				"east": {"uv": [1, 14, 2.29293, 15.75], "texture": "#2"},
				"west": {"uv": [1, 14, 2.29293, 15.75], "texture": "#2"}
			}
		},
		{
			"from": [4.75, 10.6652, 7.35353],
			"to": [11.25, 12.4152, 8.64647],
			"rotation": {"angle": 22.5, "axis": "y", "origin": [8, 11.1652, 8]},
			"faces": {
				"east": {"uv": [1, 14, 2.29293, 15.75], "texture": "#2"},
				"west": {"uv": [1, 14, 2.29293, 15.75], "texture": "#2"}
			}
		}
	],
	"display": {
		"thirdperson_righthand": {
			"rotation": [75, 45, 0],
			"translation": [0, 2.5, 0],
			"scale": [0.375, 0.375, 0.375]
		},
		"thirdperson_lefthand": {
			"rotation": [75, 45, 0],
			"translation": [0, 2.5, 0],
			"scale": [0.375, 0.375, 0.375]
		},
		"firstperson_righthand": {
			"rotation": [0, 45, 0],
			"scale": [0.4, 0.4, 0.4]
		},
		"firstperson_lefthand": {
			"rotation": [0, 225, 0],
			"scale": [0.4, 0.4, 0.4]
		},
		"ground": {
			"translation": [0, 3, 0],
			"scale": [0.25, 0.25, 0.25]
		},
		"gui": {
			"rotation": [30, 225, 0],
			"scale": [0.625, 0.625, 0.625]
		},
		"head": {
			"translation": [0, 14.5, 0]
		},
		"fixed": {
			"scale": [0.5, 0.5, 0.5]
		}
	},
	"groups": [0, 1, 2, 3, 4, 5,
		{
			"name": "small_round1x1",
			"origin": [8, 8, 8],
			"color": 0,
			"children": [
				{
					"name": "center",
					"origin": [8, 8, 8],
					"color": 0,
					"children": [6, 7, 8, 9, 10, 11, 12, 13]
				},
				{
					"name": "bottom",
					"origin": [8, 8, 8],
					"color": 0,
					"children": [14, 15, 16, 17, 18, 19, 20, 21]
				}
			]
		},
		{
			"name": "small_round1x1",
			"origin": [8, 8, 8],
			"color": 0,
			"children": [
				{
					"name": "center",
					"origin": [8, 8, 8],
					"color": 0,
					"children": [22, 23, 24, 25, 26, 27, 28, 29]
				},
				{
					"name": "bottom",
					"origin": [8, 8, 8],
					"color": 0,
					"children": [30, 31, 32, 33, 34, 35, 36, 37]
				}
			]
		}
	]
}