{
	"credit": "AlexTestria | https://alex-bauerndistel.de",
	"textures": {
		"particle": "#0"
	},
	"elements": [
		{
			"from": [4, 2.6666, 4],
			"to": [12, 5.3332, 12],
			"rotation": {"angle": 0, "axis": "y", "origin": [20, 1.7416, 4]},
			"faces": {
				"north": {"uv": [4, 0, 12, 2.6666], "texture": "#0"},
				"east": {"uv": [4, 0, 12, 2.6666], "texture": "#0"},
				"south": {"uv": [4, 0, 12, 2.6666], "texture": "#0"},
				"west": {"uv": [4, 0, 12, 2.6666], "texture": "#0"},
				"down": {"uv": [4, 4, 12, 12], "texture": "#0"}
			}
		},
		{
			"from": [4, 5.4082, 4],
			"to": [12, 7.9998, 12],
			"rotation": {"angle": 0, "axis": "y", "origin": [20, -0.2668, 4]},
			"faces": {
				"north": {"uv": [4, 0, 12, 2.6666], "texture": "#0"},
				"east": {"uv": [4, 0, 12, 2.6666], "texture": "#0"},
				"south": {"uv": [4, 0, 12, 2.6666], "texture": "#0"},
				"west": {"uv": [4, 0, 12, 2.6666], "texture": "#0"}
			}
		},
		{
			"from": [4, 5.3332, 4],
			"to": [12, 5.4082, 12],
			"rotation": {"angle": 0, "axis": "y", "origin": [4, 20.4082, 4]},
			"faces": {
				"north": {"uv": [4, 1, 12, 1.075], "texture": "#1"},
				"east": {"uv": [4, 1, 12, 1.075], "texture": "#1"},
				"south": {"uv": [4, 1, 12, 1.075], "texture": "#1"},
				"west": {"uv": [4, 1, 12, 1.075], "texture": "#1"}
			}
		},
		{
			"from": [4, 8.0748, 4],
			"to": [12, 10.6664, 12],
			"rotation": {"angle": 0, "axis": "y", "origin": [20, 2.3998, 4]},
			"faces": {
				"north": {"uv": [4, 0, 12, 2.6666], "texture": "#0"},
				"east": {"uv": [4, 0, 12, 2.6666], "texture": "#0"},
				"south": {"uv": [4, 0, 12, 2.6666], "texture": "#0"},
				"west": {"uv": [4, 0, 12, 2.6666], "texture": "#0"},
				"up": {"uv": [4, 4, 12, 12], "texture": "#0"}
			}
		},
		{
			"from": [4, 7.9998, 4],
			"to": [12, 8.0748, 12],
			"rotation": {"angle": 0, "axis": "y", "origin": [4, 23.0748, 4]},
			"faces": {
				"north": {"uv": [4, 1, 12, 1.075], "texture": "#1"},
				"east": {"uv": [4, 1, 12, 1.075], "texture": "#1"},
				"south": {"uv": [4, 1, 12, 1.075], "texture": "#1"},
				"west": {"uv": [4, 1, 12, 1.075], "texture": "#1"}
			}
		},
		{
			"from": [7.20435, 1.6668, 4],
			"to": [8.79565, 2.6668, 12],
			"rotation": {"angle": -45, "axis": "y", "origin": [8, 2.15, 8]},
			"faces": {
				"north": {"uv": [1, 1, 2.5913, 2], "texture": "#2"},
				"south": {"uv": [1, 1, 2.5913, 2], "texture": "#2"},
				"down": {"uv": [1, 1, 2.5913, 9], "texture": "#2"}
			}
		},
		{
			"from": [7.20435, 1.6668, 4],
			"to": [8.79565, 2.6668, 12],
			"rotation": {"angle": -22.5, "axis": "y", "origin": [8, 2.15, 8]},
			"faces": {
				"north": {"uv": [1, 1, 2.5913, 2], "texture": "#2"},
				"south": {"uv": [1, 1, 2.5913, 2], "texture": "#2"},
				"down": {"uv": [1, 1, 2.5913, 9], "texture": "#2"}
			}
		},
		{
			"from": [7.20435, 1.6668, 4],
			"to": [8.79565, 2.6668, 12],
			"rotation": {"angle": 0, "axis": "y", "origin": [8, 2.15, 8]},
			"faces": {
				"north": {"uv": [1, 1, 2.5913, 2], "texture": "#2"},
				"south": {"uv": [1, 1, 2.5913, 2], "texture": "#2"},
				"down": {"uv": [1, 1, 2.5913, 9], "texture": "#2"}
			}
		},
		{
			"from": [7.20435, 1.6668, 4],
			"to": [8.79565, 2.6668, 12],
			"rotation": {"angle": 22.5, "axis": "y", "origin": [8, 2.15, 8]},
			"faces": {
				"north": {"uv": [1, 1, 2.5913, 2], "texture": "#2"},
				"south": {"uv": [1, 1, 2.5913, 2], "texture": "#2"},
				"down": {"uv": [1, 1, 2.5913, 9], "texture": "#2"}
			}
		},
		{
			"from": [7.20435, 1.6668, 4],
			"to": [8.79565, 2.6668, 12],
			"rotation": {"angle": 45, "axis": "y", "origin": [8, 2.15, 8]},
			"faces": {
				"north": {"uv": [1, 1, 2.5913, 2], "texture": "#2"},
				"south": {"uv": [1, 1, 2.5913, 2], "texture": "#2"},
				"down": {"uv": [1, 1, 2.5913, 9], "texture": "#2"}
			}
		},
		{
			"from": [4, 1.6668, 7.20435],
			"to": [12, 2.6668, 8.79565],
			"rotation": {"angle": -22.5, "axis": "y", "origin": [8, 2.15, 8]},
			"faces": {
				"east": {"uv": [1, 1, 2.5913, 2], "texture": "#2"},
				"west": {"uv": [1, 1, 2.5913, 2], "texture": "#2"},
				"down": {"uv": [1, 1, 9, 2.5913], "texture": "#2"}
			}
		},
		{
			"from": [4, 1.6668, 7.20435],
			"to": [12, 2.6668, 8.79565],
			"rotation": {"angle": 0, "axis": "y", "origin": [8, 2.15, 8]},
			"faces": {
				"east": {"uv": [1, 1, 2.5913, 2], "texture": "#2"},
				"west": {"uv": [1, 1, 2.5913, 2], "texture": "#2"},
				"down": {"uv": [1, 1, 9, 2.5913], "texture": "#2"}
			}
		},
		{
			"from": [4, 1.6668, 7.20435],
			"to": [12, 2.6668, 8.79565],
			"rotation": {"angle": 22.5, "axis": "y", "origin": [8, 2.15, 8]},
			"faces": {
				"east": {"uv": [1, 1, 2.5913, 2], "texture": "#2"},
				"west": {"uv": [1, 1, 2.5913, 2], "texture": "#2"},
				"down": {"uv": [1, 1, 9, 2.5913], "texture": "#2"}
			}
		},
		{
			"from": [7.35353, 0, 4.75],
			"to": [8.64647, 1.75, 11.25],
			"rotation": {"angle": -45, "axis": "y", "origin": [8, 0.5, 8]},
			"faces": {
				"north": {"uv": [1, 14, 2.29293, 15.75], "texture": "#2"},
				"south": {"uv": [1, 14, 2.29293, 15.75], "texture": "#2"},
				"down": {"uv": [1, 1, 2.29293, 7.5], "texture": "#2", "cullface": "down"}
			}
		},
		{
			"from": [7.35353, 0, 4.75],
			"to": [8.64647, 1.75, 11.25],
			"rotation": {"angle": -22.5, "axis": "y", "origin": [8, 0.5, 8]},
			"faces": {
				"north": {"uv": [1, 14, 2.29293, 15.75], "texture": "#2"},
				"south": {"uv": [1, 14, 2.29293, 15.75], "texture": "#2"},
				"down": {"uv": [1, 1, 2.29293, 7.5], "texture": "#2", "cullface": "down"}
			}
		},
		{
			"from": [7.35353, 0, 4.75],
			"to": [8.64647, 1.75, 11.25],
			"rotation": {"angle": 0, "axis": "y", "origin": [8, 0.5, 8]},
			"faces": {
				"north": {"uv": [1, 14, 2.29293, 15.75], "texture": "#2"},
				"south": {"uv": [1, 14, 2.29293, 15.75], "texture": "#2"},
				"down": {"uv": [1, 1, 2.29293, 7.5], "texture": "#2", "cullface": "down"}
			}
		},
		{
			"from": [7.35353, 0, 4.75],
			"to": [8.64647, 1.75, 11.25],
			"rotation": {"angle": 22.5, "axis": "y", "origin": [8, 0.5, 8]},
			"faces": {
				"north": {"uv": [1, 14, 2.29293, 15.75], "texture": "#2"},
				"south": {"uv": [1, 14, 2.29293, 15.75], "texture": "#2"},
				"down": {"uv": [1, 1, 2.29293, 7.5], "texture": "#2", "cullface": "down"}
			}
		},
		{
			"from": [7.35353, 0, 4.75],
			"to": [8.64647, 1.75, 11.25],
			"rotation": {"angle": 45, "axis": "y", "origin": [8, 0.5, 8]},
			"faces": {
				"north": {"uv": [1, 14, 2.29293, 15.75], "texture": "#2"},
				"south": {"uv": [1, 14, 2.29293, 15.75], "texture": "#2"},
				"down": {"uv": [1, 1, 2.29293, 7.5], "texture": "#2", "cullface": "down"}
			}
		},
		{
			"from": [4.75, 0, 7.35353],
			"to": [11.25, 1.75, 8.64647],
			"rotation": {"angle": -22.5, "axis": "y", "origin": [8, 0.5, 8]},
			"faces": {
				"east": {"uv": [1, 14, 2.29293, 15.75], "texture": "#2"},
				"west": {"uv": [1, 14, 2.29293, 15.75], "texture": "#2"},
				"down": {"uv": [1, 1, 7.5, 2.29293], "texture": "#2", "cullface": "down"}
			}
		},
		{
			"from": [4.75, 0, 7.35353],
			"to": [11.25, 1.75, 8.64647],
			"rotation": {"angle": 0, "axis": "y", "origin": [8, 0.5, 8]},
			"faces": {
				"east": {"uv": [1, 14, 2.29293, 15.75], "texture": "#2"},
				"west": {"uv": [1, 14, 2.29293, 15.75], "texture": "#2"},
				"down": {"uv": [1, 1, 7.5, 2.29293], "texture": "#2", "cullface": "down"}
			}
		},
		{
			"from": [4.75, 0, 7.35353],
			"to": [11.25, 1.75, 8.64647],
			"rotation": {"angle": 22.5, "axis": "y", "origin": [8, 0.5, 8]},
			"faces": {
				"east": {"uv": [1, 14, 2.29293, 15.75], "texture": "#2"},
				"west": {"uv": [1, 14, 2.29293, 15.75], "texture": "#2"},
				"down": {"uv": [1, 1, 7.5, 2.29293], "texture": "#2", "cullface": "down"}
			}
		},
		{
			"from": [7.50272, 13.3314, 5.5],
			"to": [8.49728, 14.5814, 10.5],
			"rotation": {"angle": -45, "axis": "y", "origin": [8, 13.8314, 8]},
			"faces": {
				"north": {"uv": [1, 0, 1.99456, 1.25], "texture": "#2"},
				"south": {"uv": [1, 0, 1.99456, 1.25], "texture": "#2"}
			}
		},
		{
			"from": [7.50272, 13.3314, 5.5],
			"to": [8.49728, 14.5814, 10.5],
			"rotation": {"angle": -22.5, "axis": "y", "origin": [8, 13.8314, 8]},
			"faces": {
				"north": {"uv": [1, 0, 1.99456, 1.25], "texture": "#2"},
				"south": {"uv": [1, 0, 1.99456, 1.25], "texture": "#2"}
			}
		},
		{
			"from": [7.50272, 13.3314, 5.5],
			"to": [8.49728, 14.5814, 10.5],
			"rotation": {"angle": 0, "axis": "y", "origin": [8, 13.8314, 8]},
			"faces": {
				"north": {"uv": [1, 0, 1.99456, 1.25], "texture": "#2"},
				"south": {"uv": [1, 0, 1.99456, 1.25], "texture": "#2"}
			}
		},
		{
			"from": [7.50272, 13.3314, 5.5],
			"to": [8.49728, 14.5814, 10.5],
			"rotation": {"angle": 22.5, "axis": "y", "origin": [8, 13.8314, 8]},
			"faces": {
				"north": {"uv": [1, 0, 1.99456, 1.25], "texture": "#2"},
				"south": {"uv": [1, 0, 1.99456, 1.25], "texture": "#2"}
			}
		},
		{
			"from": [7.50272, 13.3314, 5.5],
			"to": [8.49728, 14.5814, 10.5],
			"rotation": {"angle": 45, "axis": "y", "origin": [8, 13.8314, 8]},
			"faces": {
				"north": {"uv": [1, 0, 1.99456, 1.25], "texture": "#2"},
				"south": {"uv": [1, 0, 1.99456, 1.25], "texture": "#2"}
			}
		},
		{
			"from": [5.5, 13.3314, 7.50272],
			"to": [10.5, 14.5814, 8.49728],
			"rotation": {"angle": -22.5, "axis": "y", "origin": [8, 13.8314, 8]},
			"faces": {
				"east": {"uv": [1, 0, 1.99456, 1.25], "texture": "#2"},
				"west": {"uv": [1, 0, 1.99456, 1.25], "texture": "#2"}
			}
		},
		{
			"from": [5.5, 13.3314, 7.50272],
			"to": [10.5, 14.5814, 8.49728],
			"rotation": {"angle": 0, "axis": "y", "origin": [8, 13.8314, 8]},
			"faces": {
				"east": {"uv": [1, 0, 1.99456, 1.25], "texture": "#2"},
				"west": {"uv": [1, 0, 1.99456, 1.25], "texture": "#2"}
			}
		},
		{
			"from": [5.5, 13.3314, 7.50272],
			"to": [10.5, 14.5814, 8.49728],
			"rotation": {"angle": 22.5, "axis": "y", "origin": [8, 13.8314, 8]},
			"faces": {
				"east": {"uv": [1, 0, 1.99456, 1.25], "texture": "#2"},
				"west": {"uv": [1, 0, 1.99456, 1.25], "texture": "#2"}
			}
		},
		{
			"from": [7.20435, 12.332, 4],
			"to": [8.79565, 13.332, 12],
			"rotation": {"angle": -45, "axis": "y", "origin": [8, 12.8152, 8]},
			"faces": {
				"north": {"uv": [1, 1, 2.5913, 2], "texture": "#2"},
				"south": {"uv": [1, 1, 2.5913, 2], "texture": "#2"},
				"down": {"uv": [1, 1, 2.5913, 9], "texture": "#2"}
			}
		},
		{
			"from": [7.20435, 12.332, 4],
			"to": [8.79565, 13.332, 12],
			"rotation": {"angle": -22.5, "axis": "y", "origin": [8, 12.8152, 8]},
			"faces": {
				"north": {"uv": [1, 1, 2.5913, 2], "texture": "#2"},
				"south": {"uv": [1, 1, 2.5913, 2], "texture": "#2"},
				"down": {"uv": [1, 1, 2.5913, 9], "texture": "#2"}
			}
		},
		{
			"from": [7.20435, 12.332, 4],
			"to": [8.79565, 13.332, 12],
			"rotation": {"angle": 0, "axis": "y", "origin": [8, 12.8152, 8]},
			"faces": {
				"north": {"uv": [1, 1, 2.5913, 2], "texture": "#2"},
				"south": {"uv": [1, 1, 2.5913, 2], "texture": "#2"},
				"down": {"uv": [1, 1, 2.5913, 9], "texture": "#2"}
			}
		},
		{
			"from": [7.20435, 12.332, 4],
			"to": [8.79565, 13.332, 12],
			"rotation": {"angle": 22.5, "axis": "y", "origin": [8, 12.8152, 8]},
			"faces": {
				"north": {"uv": [1, 1, 2.5913, 2], "texture": "#2"},
				"south": {"uv": [1, 1, 2.5913, 2], "texture": "#2"},
				"down": {"uv": [1, 1, 2.5913, 9], "texture": "#2"}
			}
		},
		{
			"from": [7.20435, 12.332, 4],
			"to": [8.79565, 13.332, 12],
			"rotation": {"angle": 45, "axis": "y", "origin": [8, 12.8152, 8]},
			"faces": {
				"north": {"uv": [1, 1, 2.5913, 2], "texture": "#2"},
				"south": {"uv": [1, 1, 2.5913, 2], "texture": "#2"},
				"down": {"uv": [1, 1, 2.5913, 9], "texture": "#2"}
			}
		},
		{
			"from": [4, 12.332, 7.20435],
			"to": [12, 13.332, 8.79565],
			"rotation": {"angle": -22.5, "axis": "y", "origin": [8, 12.8152, 8]},
			"faces": {
				"east": {"uv": [1, 1, 2.5913, 2], "texture": "#2"},
				"west": {"uv": [1, 1, 2.5913, 2], "texture": "#2"},
				"down": {"uv": [1, 1, 9, 2.5913], "texture": "#2"}
			}
		},
		{
			"from": [4, 12.332, 7.20435],
			"to": [12, 13.332, 8.79565],
			"rotation": {"angle": 0, "axis": "y", "origin": [8, 12.8152, 8]},
			"faces": {
				"east": {"uv": [1, 1, 2.5913, 2], "texture": "#2"},
				"west": {"uv": [1, 1, 2.5913, 2], "texture": "#2"},
				"down": {"uv": [1, 1, 9, 2.5913], "texture": "#2"}
			}
		},
		{
			"from": [4, 12.332, 7.20435],
			"to": [12, 13.332, 8.79565],
			"rotation": {"angle": 22.5, "axis": "y", "origin": [8, 12.8152, 8]},
			"faces": {
				"east": {"uv": [1, 1, 2.5913, 2], "texture": "#2"},
				"west": {"uv": [1, 1, 2.5913, 2], "texture": "#2"},
				"down": {"uv": [1, 1, 9, 2.5913], "texture": "#2"}
			}
		},
		{
			"from": [7.35353, 10.6652, 4.75],
			"to": [8.64647, 12.4152, 11.25],
			"rotation": {"angle": -45, "axis": "y", "origin": [8, 11.1652, 8]},
			"faces": {
				"north": {"uv": [1, 14, 2.29293, 15.75], "texture": "#2"},
				"south": {"uv": [1, 14, 2.29293, 15.75], "texture": "#2"}
			}
		},
		{
			"from": [7.35353, 10.6652, 4.75],
			"to": [8.64647, 12.4152, 11.25],
			"rotation": {"angle": -22.5, "axis": "y", "origin": [8, 11.1652, 8]},
			"faces": {
				"north": {"uv": [1, 14, 2.29293, 15.75], "texture": "#2"},
				"south": {"uv": [1, 14, 2.29293, 15.75], "texture": "#2"}
			}
		},
		{
			"from": [7.35353, 10.6652, 4.75],
			"to": [8.64647, 12.4152, 11.25],
			"rotation": {"angle": 0, "axis": "y", "origin": [8, 11.1652, 8]},
			"faces": {
				"north": {"uv": [1, 14, 2.29293, 15.75], "texture": "#2"},
				"south": {"uv": [1, 14, 2.29293, 15.75], "texture": "#2"}
			}
		},
		{
			"from": [7.35353, 10.6652, 4.75],
			"to": [8.64647, 12.4152, 11.25],
			"rotation": {"angle": 22.5, "axis": "y", "origin": [8, 11.1652, 8]},
			"faces": {
				"north": {"uv": [1, 14, 2.29293, 15.75], "texture": "#2"},
				"south": {"uv": [1, 14, 2.29293, 15.75], "texture": "#2"}
			}
		},
		{
			"from": [7.35353, 10.6652, 4.75],
			"to": [8.64647, 12.4152, 11.25],
			"rotation": {"angle": 45, "axis": "y", "origin": [8, 11.1652, 8]},
			"faces": {
				"north": {"uv": [1, 14, 2.29293, 15.75], "texture": "#2"},
				"south": {"uv": [1, 14, 2.29293, 15.75], "texture": "#2"}
			}
		},
		{
			"from": [4.75, 10.6652, 7.35353],
			"to": [11.25, 12.4152, 8.64647],
			"rotation": {"angle": -22.5, "axis": "y", "origin": [8, 11.1652, 8]},
			"faces": {
				"east": {"uv": [1, 14, 2.29293, 15.75], "texture": "#2"},
				"west": {"uv": [1, 14, 2.29293, 15.75], "texture": "#2"}
			}
		},
		{
			"from": [4.75, 10.6652, 7.35353],
			"to": [11.25, 12.4152, 8.64647],
			"rotation": {"angle": 0, "axis": "y", "origin": [8, 11.1652, 8]},
			"faces": {
				"east": {"uv": [1, 14, 2.29293, 15.75], "texture": "#2"},
				"west": {"uv": [1, 14, 2.29293, 15.75], "texture": "#2"}
			}
		},
		{
			"from": [4.75, 10.6652, 7.35353],
			"to": [11.25, 12.4152, 8.64647],
			"rotation": {"angle": 22.5, "axis": "y", "origin": [8, 11.1652, 8]},
			"faces": {
				"east": {"uv": [1, 14, 2.29293, 15.75], "texture": "#2"},
				"west": {"uv": [1, 14, 2.29293, 15.75], "texture": "#2"}
			}
		},
		{
			"from": [11, 13.3334, 4],
			"to": [16, 13.4084, 5],
			"rotation": {"angle": 0, "axis": "y", "origin": [4, 13.3334, 4]},
			"faces": {
				"north": {"uv": [1, 1, 6, 1.075], "texture": "#1"},
				"south": {"uv": [1, 1, 6, 1.075], "texture": "#1"},
				"down": {"uv": [11, 11, 16, 12], "texture": "#1"}
			}
		},
		{
			"from": [11, 13.3334, 11],
			"to": [16, 13.4084, 12],
			"rotation": {"angle": 0, "axis": "y", "origin": [4, 13.3334, 4]},
			"faces": {
				"north": {"uv": [1, 1, 6, 1.075], "texture": "#1"},
				"south": {"uv": [1, 1, 6, 1.075], "texture": "#1"},
				"down": {"uv": [11, 4, 16, 5], "texture": "#1"}
			}
		},
		{
			"from": [0, 13.3334, 4],
			"to": [5, 13.4084, 5],
			"rotation": {"angle": 0, "axis": "y", "origin": [4, 13.3334, 4]},
			"faces": {
				"north": {"uv": [1, 1, 6, 1.075], "texture": "#1"},
				"south": {"uv": [1, 1, 6, 1.075], "texture": "#1"},
				"down": {"uv": [0, 11, 5, 12], "texture": "#1"}
			}
		},
		{
			"from": [0, 13.3334, 11],
			"to": [5, 13.4084, 12],
			"rotation": {"angle": 0, "axis": "y", "origin": [4, 13.3334, 4]},
			"faces": {
				"north": {"uv": [1, 1, 6, 1.075], "texture": "#1"},
				"south": {"uv": [1, 1, 6, 1.075], "texture": "#1"},
				"down": {"uv": [0, 4, 5, 5], "texture": "#1"}
			}
		},
		{
			"from": [11, 13.3334, 0],
			"to": [12, 13.4084, 5],
			"rotation": {"angle": 0, "axis": "y", "origin": [4, 13.3334, 4]},
			"faces": {
				"east": {"uv": [1, 1, 6, 1.075], "texture": "#1"},
				"west": {"uv": [1, 1, 6, 1.075], "texture": "#1"},
				"down": {"uv": [11, 11, 12, 16], "texture": "#1"}
			}
		},
		{
			"from": [4, 13.3334, 0],
			"to": [12, 13.4084, 1],
			"rotation": {"angle": 0, "axis": "y", "origin": [4, 13.3334, 4]},
			"faces": {
				"north": {"uv": [1, 1, 9, 1.075], "texture": "#1", "cullface": "north"},
				"south": {"uv": [1, 1, 9, 1.075], "texture": "#1"},
				"down": {"uv": [4, 15, 12, 16], "texture": "#1"}
			}
		},
		{
			"from": [15, 13.3334, 4],
			"to": [16, 13.4084, 12],
			"rotation": {"angle": 0, "axis": "y", "origin": [4, 13.3334, 4]},
			"faces": {
				"east": {"uv": [1, 1, 9, 1.075], "texture": "#1", "cullface": "east"},
				"west": {"uv": [1, 1, 9, 1.075], "texture": "#1", "cullface": "east"},
				"down": {"uv": [15, 4, 16, 12], "texture": "#1"}
			}
		},
		{
			"from": [0, 13.3334, 4],
			"to": [1, 13.4084, 12],
			"rotation": {"angle": 0, "axis": "y", "origin": [4, 13.3334, 4]},
			"faces": {
				"east": {"uv": [1, 1, 9, 1.075], "texture": "#1", "cullface": "east"},
				"west": {"uv": [1, 1, 9, 1.075], "texture": "#1", "cullface": "west"},
				"down": {"uv": [0, 4, 1, 12], "texture": "#1"}
			}
		},
		{
			"from": [11, 15.5, 11],
			"to": [5, 13.4084, 5],
			"rotation": {"angle": 0, "axis": "y", "origin": [21, 14.35, -1]},
			"faces": {
				"down": {"uv": [1, 1, 7, 7], "texture": "#0"}
			}
		},
		{
			"from": [11, 15.5, 5],
			"to": [5, 13.4084, 1],
			"rotation": {"angle": 0, "axis": "y", "origin": [21, 14.35, -1]},
			"faces": {
				"east": {"uv": [1, 0, 5, 2.0916], "texture": "#0"},
				"south": {"uv": [1, 0, 7, 2.0916], "texture": "#0"},
				"west": {"uv": [1, 0, 5, 2.0916], "texture": "#0"},
				"down": {"uv": [1, 1, 7, 5], "texture": "#0"}
			}
		},
		{
			"from": [5, 15.5, 11],
			"to": [1, 13.4084, 5],
			"rotation": {"angle": 0, "axis": "y", "origin": [21, 14.35, -1]},
			"faces": {
				"north": {"uv": [1, 0, 5, 2.0916], "texture": "#0"},
				"east": {"uv": [1, 0, 7, 2.0916], "texture": "#0"},
				"south": {"uv": [1, 0, 5, 2.0916], "texture": "#0"},
				"down": {"uv": [1, 1, 5, 7], "texture": "#0"}
			}
		},
		{
			"from": [15, 15.5, 11],
			"to": [11, 13.4084, 5],
			"rotation": {"angle": 0, "axis": "y", "origin": [21, 14.35, -1]},
			"faces": {
				"north": {"uv": [1, 0, 5, 2.0916], "texture": "#0"},
				"south": {"uv": [1, 0, 5, 2.0916], "texture": "#0"},
				"west": {"uv": [1, 0, 7, 2.0916], "texture": "#0"},
				"down": {"uv": [1, 1, 5, 7], "texture": "#0"}
			}
		},
		{
			"from": [0, 13.4084, 4],
			"to": [4, 16, 12],
			"rotation": {"angle": 0, "axis": "y", "origin": [20, 13.3334, 4]},
			"faces": {
				"north": {"uv": [12, 0, 16, 2.5916], "texture": "#0"},
				"south": {"uv": [0, 0, 4, 2.5916], "texture": "#0"},
				"west": {"uv": [4, 0, 12, 2.5916], "texture": "#0", "cullface": "west"},
				"up": {"uv": [0, 4, 4, 12], "texture": "#0"}
			}
		},
		{
			"from": [12, 13.4084, 4],
			"to": [16, 16, 12],
			"rotation": {"angle": 0, "axis": "y", "origin": [20, 13.3334, 4]},
			"faces": {
				"north": {"uv": [0, 0, 4, 2.5916], "texture": "#0"},
				"east": {"uv": [4, 0, 12, 2.5916], "texture": "#0", "cullface": "east"},
				"south": {"uv": [12, 0, 16, 2.5916], "texture": "#0"},
				"up": {"uv": [12, 4, 16, 12], "texture": "#0"}
			}
		},
		{
			"from": [4, 13.4084, 4],
			"to": [12, 16, 12],
			"rotation": {"angle": 0, "axis": "y", "origin": [20, 13.3334, 4]},
			"faces": {
				"up": {"uv": [4, 4, 12, 12], "texture": "#0"}
			}
		},
		{
			"from": [4, 13.4084, 0],
			"to": [12, 16, 4],
			"rotation": {"angle": 0, "axis": "y", "origin": [20, 13.3334, 4]},
			"faces": {
				"north": {"uv": [4, 0, 12, 2.5916], "texture": "#0", "cullface": "north"},
				"east": {"uv": [12, 0, 16, 2.5916], "texture": "#0"},
				"west": {"uv": [0, 0, 4, 2.5916], "texture": "#0"},
				"up": {"uv": [4, 0, 12, 4], "texture": "#0"}
			}
		},
		{
			"from": [11, 13.3334, 11],
			"to": [12, 13.4084, 16],
			"rotation": {"angle": 0, "axis": "y", "origin": [4, 13.3334, 12]},
			"faces": {
				"east": {"uv": [6, 1, 1, 1.075], "texture": "#1"},
				"west": {"uv": [6, 1, 1, 1.075], "texture": "#1"},
				"down": {"uv": [11, 5, 12, 0], "texture": "#1"}
			}
		},
		{
			"from": [4, 13.3334, 0],
			"to": [5, 13.4084, 5],
			"rotation": {"angle": 0, "axis": "y", "origin": [4, 13.3334, 4]},
			"faces": {
				"east": {"uv": [1, 1, 6, 1.075], "texture": "#1"},
				"west": {"uv": [1, 1, 6, 1.075], "texture": "#1"},
				"down": {"uv": [4, 11, 5, 16], "texture": "#1"}
			}
		},
		{
			"from": [4, 13.3334, 11],
			"to": [5, 13.4084, 16],
			"rotation": {"angle": 0, "axis": "y", "origin": [4, 13.3334, 12]},
			"faces": {
				"east": {"uv": [6, 1, 1, 1.075], "texture": "#1"},
				"west": {"uv": [6, 1, 1, 1.075], "texture": "#1"},
				"down": {"uv": [4, 5, 5, 0], "texture": "#1"}
			}
		},
		{
			"from": [4, 13.4084, 12],
			"to": [12, 16, 16],
			"rotation": {"angle": 0, "axis": "y", "origin": [20, 13.3334, 12]},
			"faces": {
				"east": {"uv": [0, 0, 4, 2.5916], "texture": "#0"},
				"south": {"uv": [4, 0, 12, 2.5916], "texture": "#0", "cullface": "south"},
				"west": {"uv": [12, 0, 16, 2.5916], "texture": "#0"},
				"up": {"uv": [4, 12, 12, 16], "texture": "#0"}
			}
		},
		{
			"from": [11, 15.5, 15],
			"to": [5, 13.4084, 11],
			"rotation": {"angle": 0, "axis": "y", "origin": [21, 14.35, 17]},
			"faces": {
				"north": {"uv": [7, 0, 1, 2.0916], "texture": "#0"},
				"east": {"uv": [5, 0, 1, 2.0916], "texture": "#0"},
				"west": {"uv": [5, 0, 1, 2.0916], "texture": "#0"},
				"down": {"uv": [1, 1, 7, 5], "texture": "#0"}
			}
		},
		{
			"from": [4, 13.3334, 15],
			"to": [12, 13.4084, 16],
			"rotation": {"angle": 0, "axis": "y", "origin": [4, 13.3334, 12]},
			"faces": {
				"north": {"uv": [9, 1, 1, 1.075], "texture": "#1"},
				"south": {"uv": [9, 1, 1, 1.075], "texture": "#1", "cullface": "south"},
				"down": {"uv": [4, 1, 12, 0], "texture": "#1"}
			}
		}
	],
	"display": {
		"thirdperson_righthand": {
			"rotation": [75, 45, 0],
			"translation": [0, 2.5, 0],
			"scale": [0.375, 0.375, 0.375]
		},
		"thirdperson_lefthand": {
			"rotation": [75, 45, 0],
			"translation": [0, 2.5, 0],
			"scale": [0.375, 0.375, 0.375]
		},
		"firstperson_righthand": {
			"rotation": [0, 45, 0],
			"scale": [0.4, 0.4, 0.4]
		},
		"firstperson_lefthand": {
			"rotation": [0, 225, 0],
			"scale": [0.4, 0.4, 0.4]
		},
		"ground": {
			"translation": [0, 3, 0],
			"scale": [0.25, 0.25, 0.25]
		},
		"gui": {
			"rotation": [30, 225, 0],
			"scale": [0.625, 0.625, 0.625]
		},
		"head": {
			"translation": [0, 14.5, 0]
		},
		"fixed": {
			"scale": [0.5, 0.5, 0.5]
		}
	},
	"groups": [0, 1, 2, 3, 4,
		{
			"name": "small_round1x1",
			"origin": [8, 8, 8],
			"color": 0,
			"children": [
				{
					"name": "center",
					"origin": [8, 8, 8],
					"color": 0,
					"children": [5, 6, 7, 8, 9, 10, 11, 12]
				},
				{
					"name": "bottom",
					"origin": [8, 8, 8],
					"color": 0,
					"children": [13, 14, 15, 16, 17, 18, 19, 20]
				}
			]
		},
		{
			"name": "small_round1x1",
			"origin": [8, 8, 8],
			"color": 0,
			"children": [
				{
					"name": "top",
					"origin": [8, 8, 8],
					"color": 0,
					"children": [21, 22, 23, 24, 25, 26, 27, 28]
				},
				{
					"name": "center",
					"origin": [8, 8, 8],
					"color": 0,
					"children": [29, 30, 31, 32, 33, 34, 35, 36]
				},
				{
					"name": "bottom",
					"origin": [8, 8, 8],
					"color": 0,
					"children": [37, 38, 39, 40, 41, 42, 43, 44]
				}
			]
		},
		{
			"name": "top",
			"origin": [8, 8, 8],
			"color": 0,
			"children": [45, 46, 47, 48, 49, 50, 51, 52, 53, 54, 55, 56, 57, 58, 59, 60, 61, 62, 63, 64, 65, 66]
		}
	]
}