{
	"credit": "AlexTestria | https://alex-bauerndistel.de",
	"textures": {
		"particle": "#0"
	},
	"elements": [
		{
			"from": [8, 0, 0],
			"to": [10.6666, 16, 1],
			"rotation": {"angle": 0, "axis": "y", "origin": [8.06998, 8, 4]},
			"faces": {
				"north": {"uv": [2.6666, 0, 0, 16], "texture": "#0"},
				"east": {"uv": [15, 0, 16, 16], "texture": "#0"},
				"south": {"uv": [0, 0, 2.6666, 16], "texture": "#0"},
				"up": {"uv": [0, 1, 2.6666, 2], "texture": "#0"},
				"down": {"uv": [0, 1, 2.6666, 2], "texture": "#0"}
			}
		},
		{
			"from": [8, 0, 7],
			"to": [10.6666, 16, 8],
			"rotation": {"angle": 0, "axis": "y", "origin": [8.06998, 8, 4]},
			"faces": {
				"north": {"uv": [2.6666, 0, 0, 16], "texture": "#0"},
				"east": {"uv": [0, 0, 1, 16], "texture": "#0"},
				"south": {"uv": [0, 0, 2.6666, 16], "texture": "#0"},
				"up": {"uv": [0, 1, 2.6666, 2], "texture": "#0"},
				"down": {"uv": [0, 1, 2.6666, 2], "texture": "#0"}
			}
		},
		{
			"from": [8, 15, 1],
			"to": [10.6666, 16, 7],
			"rotation": {"angle": 0, "axis": "y", "origin": [8.06998, 8, 4]},
			"faces": {
				"east": {"uv": [1, 0, 9, 1], "texture": "#0"},
				"up": {"uv": [0, 1, 2.6666, 7], "texture": "#0"},
				"down": {"uv": [0, 1, 2.6666, 7], "texture": "#0", "cullface": "west"}
			}
		},
		{
			"from": [8, 0, 0],
			"to": [8.5, 16, 8],
			"rotation": {"angle": 0, "axis": "y", "origin": [8.06998, 8, 4]},
			"faces": {
				"east": {"uv": [1, 0, 9, 16], "texture": "#0"},
				"west": {"uv": [1, 0, 9, 16], "texture": "#0"}
			}
		},
		{
			"from": [8, 0, 1],
			"to": [10.6666, 1, 7],
			"rotation": {"angle": 0, "axis": "y", "origin": [8.06998, 8, 4]},
			"faces": {
				"east": {"uv": [1, 15, 9, 16], "texture": "#0"},
				"up": {"uv": [0, 1, 2.6666, 7], "texture": "#0"},
				"down": {"uv": [0, 1, 2.6666, 7], "texture": "#0"}
			}
		},
		{
			"from": [8.4166, 6.5, 2.5],
			"to": [10.6666, 9.5, 5.5],
			"rotation": {"angle": 0, "axis": "x", "origin": [9.5416, 8, 4]},
			"faces": {
				"north": {"uv": [1, 1, 3.25, 4], "texture": "#0"},
				"east": {"uv": [1, 1, 4, 4], "texture": "#0"},
				"south": {"uv": [1, 1, 3.25, 4], "texture": "#0"},
				"up": {"uv": [1, 1, 3.25, 4], "texture": "#0"},
				"down": {"uv": [1, 1, 3.25, 4], "texture": "#0"}
			}
		}
	],
	"display": {
		"thirdperson_righthand": {
			"rotation": [75, 45, 0],
			"translation": [0, 2.5, 0],
			"scale": [0.375, 0.375, 0.375]
		},
		"thirdperson_lefthand": {
			"rotation": [75, 45, 0],
			"translation": [0, 2.5, 0],
			"scale": [-0.375, 0.375, 0.375]
		},
		"firstperson_righthand": {
			"rotation": [0, 45, 0],
			"scale": [0.4, 0.4, 0.4]
		},
		"firstperson_lefthand": {
			"rotation": [0, 225, 0],
			"scale": [0.4, 0.4, 0.4]
		},
		"ground": {
			"translation": [0, 3, 0],
			"scale": [0.25, 0.25, 0.25]
		},
		"gui": {
			"rotation": [30, 135, 0],
			"scale": [0.625, 0.625, 0.625]
		},
		"head": {
			"translation": [0, 14.5, 0]
		},
		"fixed": {
			"scale": [0.5, 0.5, 0.5]
		}
	},
	"groups": [
		{
			"name": "small_brick1x2",
			"origin": [8, 8, 8],
			"color": 0,
			"children": [0, 1, 2, 3, 4]
		}, 5]
}