{
	"credit": "AlexTestria | https://alex-bauerndistel.de",
	"textures": {
		"0": "brickcraft/block_faces/jukebox01",
		"1": "brickcraft/material/plastics/texture/jukebox01",
		"2": "brickcraft/material/plastics/texture/jukebox02",
		"particle": "brickcraft/block_faces/jukebox01"
	},
	"elements": [
		{
			"from": [2.5916, 0, 0],
			"to": [2.6666, 16, 16],
			"rotation": {"angle": 0, "axis": "y", "origin": [2.6291, 0.5, 8]},
			"faces": {
				"north": {"uv": [1, 0, 1.075, 16], "texture": "#2", "cullface": "north"},
				"south": {"uv": [1, 0, 1.075, 16], "texture": "#2", "cullface": "south"},
				"up": {"uv": [1, 0, 1.075, 16], "texture": "#2", "cullface": "up"},
				"down": {"uv": [1, 0, 1.075, 16], "texture": "#2", "cullface": "down"}
			}
		},
		{
			"from": [5.2582, 0, 0],
			"to": [5.3332, 1, 16],
			"rotation": {"angle": 0, "axis": "y", "origin": [2.6666, 0, 0]},
			"faces": {
				"east": {"uv": [0, 0, 1, 16], "rotation": 270, "texture": "#2"},
				"up": {"uv": [0, 1, 16, 1.075], "rotation": 270, "texture": "#2"},
				"down": {"uv": [1, 0, 1.075, 16], "texture": "#2", "cullface": "down"}
			}
		},
		{
			"from": [5.2582, 0, 0],
			"to": [5.3332, 16, 1],
			"rotation": {"angle": 0, "axis": "y", "origin": [5.3332, 0, 0]},
			"faces": {
				"north": {"uv": [1, 0, 1.075, 16], "texture": "#2", "cullface": "north"},
				"east": {"uv": [0, 15, 16, 16], "rotation": 270, "texture": "#2"},
				"south": {"uv": [0, 1, 16, 1.075], "rotation": 270, "texture": "#2"}
			}
		},
		{
			"from": [5.2582, 0, 15],
			"to": [5.3332, 16, 16],
			"rotation": {"angle": 0, "axis": "y", "origin": [5.3332, 0, 0]},
			"faces": {
				"north": {"uv": [0, 1, 16, 1.075], "rotation": 90, "texture": "#2"},
				"east": {"uv": [0, 0, 16, 1], "rotation": 270, "texture": "#2"},
				"south": {"uv": [1, 0, 1.075, 16], "texture": "#2", "cullface": "north"}
			}
		},
		{
			"from": [5.2582, 15, 0],
			"to": [5.3332, 16, 16],
			"rotation": {"angle": 0, "axis": "y", "origin": [5.3332, 0, 0]},
			"faces": {
				"east": {"uv": [15, 0, 16, 16], "rotation": 270, "texture": "#2"},
				"up": {"uv": [1, 0, 1.075, 16], "texture": "#2", "cullface": "up"},
				"down": {"uv": [0, 1, 16, 1.075], "rotation": 270, "texture": "#2"}
			}
		},
		{
			"from": [2.6666, 0, 0],
			"to": [5.2582, 16, 16],
			"rotation": {"angle": 0, "axis": "y", "origin": [5.3332, 16, 0]},
			"faces": {
				"north": {"uv": [0, 0, 16, 2.5916], "rotation": 90, "texture": "#1"},
				"south": {"uv": [0, 0, 2.5916, 16], "texture": "#1"},
				"up": {"uv": [0, 0, 2.5916, 16], "texture": "#1", "cullface": "up"},
				"down": {"uv": [0, 0, 2.5916, 16], "texture": "#1", "cullface": "down"}
			}
		},
		{
			"from": [0, 0, 0],
			"to": [2.5916, 16, 16],
			"rotation": {"angle": 0, "axis": "y", "origin": [2.6666, 16, 0]},
			"faces": {
				"north": {"uv": [0, 0, 16, 2.5916], "rotation": 90, "texture": "#1"},
				"south": {"uv": [0, 0, 2.5916, 16], "texture": "#1"},
				"west": {"uv": [0, 0, 16, 16], "texture": "#0", "cullface": "west"},
				"up": {"uv": [0, 0, 2.5916, 16], "texture": "#1", "cullface": "up"},
				"down": {"uv": [0, 0, 2.5916, 16], "texture": "#1", "cullface": "down"}
			}
		},
		{
			"from": [13.4084, 0, 0],
			"to": [16, 16, 16],
			"rotation": {"angle": 0, "axis": "y", "origin": [13.3334, 16, 0]},
			"faces": {
				"north": {"uv": [0, 2.5916, 16, 0], "rotation": 90, "texture": "#1"},
				"east": {"uv": [0, 0, 16, 16], "texture": "#0", "cullface": "east"},
				"south": {"uv": [13.4084, 0, 16, 16], "texture": "#1"},
				"up": {"uv": [13.4084, 0, 16, 16], "texture": "#1", "cullface": "up"},
				"down": {"uv": [13.4084, 0, 16, 16], "texture": "#1", "cullface": "down"}
			}
		},
		{
			"from": [13.3334, 0, 0],
			"to": [13.4084, 16, 16],
			"rotation": {"angle": 0, "axis": "y", "origin": [13.3709, 0.5, 8]},
			"faces": {
				"north": {"uv": [1, 0, 1.075, 16], "texture": "#2", "cullface": "north"},
				"south": {"uv": [1, 0, 1.075, 16], "texture": "#2", "cullface": "south"},
				"up": {"uv": [1, 0, 1.075, 16], "texture": "#2", "cullface": "up"},
				"down": {"uv": [1.075, 0, 1, 16], "texture": "#2", "cullface": "down"}
			}
		},
		{
			"from": [10.7418, 0, 0],
			"to": [13.3334, 16, 16],
			"rotation": {"angle": 0, "axis": "y", "origin": [13.6668, 16, 0]},
			"faces": {
				"north": {"uv": [0, 2.5916, 16, 0], "rotation": 90, "texture": "#1"},
				"south": {"uv": [13.4084, 0, 16, 16], "texture": "#1"},
				"up": {"uv": [13.4084, 0, 16, 16], "texture": "#1", "cullface": "up"},
				"down": {"uv": [13.4084, 0, 16, 16], "texture": "#1", "cullface": "down"}
			}
		},
		{
			"from": [8.0752, 0, 0],
			"to": [10.6668, 16, 16],
			"rotation": {"angle": 0, "axis": "y", "origin": [11.0002, 16, 0]},
			"faces": {
				"north": {"uv": [0, 2.5916, 16, 0], "rotation": 90, "texture": "#1"},
				"south": {"uv": [13.4084, 0, 16, 16], "texture": "#1"},
				"west": {"uv": [0, 16, 16, 0], "rotation": 270, "texture": "#1"},
				"up": {"uv": [13.4084, 0, 16, 16], "texture": "#1", "cullface": "up"},
				"down": {"uv": [13.4084, 0, 16, 16], "texture": "#1", "cullface": "down"}
			}
		},
		{
			"from": [5.3332, 0, 0],
			"to": [8.0002, 8, 16],
			"rotation": {"angle": 0, "axis": "y", "origin": [8.2582, 16, 0]},
			"faces": {
				"north": {"uv": [0, 2.5916, 8, 0], "rotation": 90, "texture": "#1"},
				"south": {"uv": [0, 0, 2.667, 8], "texture": "#1"},
				"up": {"uv": [0, 0, 2.667, 16], "texture": "#1"},
				"down": {"uv": [0, 0, 2.667, 16], "texture": "#1", "cullface": "down"}
			}
		},
		{
			"from": [8.07832, 16, 16],
			"to": [5.33322, 8, 0],
			"rotation": {"angle": 0, "axis": "y", "origin": [10.9252, 24, 16]},
			"faces": {
				"north": {"uv": [1, 3.5916, 9, 1], "rotation": 90, "texture": "#2"},
				"south": {"uv": [1, 1, 3.667, 9], "texture": "#2"},
				"down": {"uv": [1, 0, 3.667, 16], "texture": "#2", "cullface": "down"}
			}
		},
		{
			"from": [10.6668, 0, 0],
			"to": [10.7418, 16, 16],
			"rotation": {"angle": 0, "axis": "y", "origin": [13.7043, 0.5, 8]},
			"faces": {
				"north": {"uv": [1, 0, 1.075, 16], "texture": "#2", "cullface": "north"},
				"south": {"uv": [1, 0, 1.075, 16], "texture": "#2", "cullface": "south"},
				"up": {"uv": [1, 0, 1.075, 16], "texture": "#2", "cullface": "up"},
				"down": {"uv": [1.075, 0, 1, 16], "texture": "#2", "cullface": "down"}
			}
		},
		{
			"from": [8.0002, 0, 0],
			"to": [8.0752, 8, 16],
			"rotation": {"angle": 0, "axis": "y", "origin": [8.2877, 8, 8]},
			"faces": {
				"north": {"uv": [1, 1, 1.075, 9], "texture": "#2", "cullface": "north"},
				"south": {"uv": [1, 1, 1.075, 9], "texture": "#2", "cullface": "south"},
				"up": {"uv": [1, 0, 1.075, 16], "texture": "#2"},
				"down": {"uv": [1.075, 0, 1, 16], "texture": "#2", "cullface": "down"}
			}
		},
		{
			"from": [5.2582, 15, 15],
			"to": [3.1666, 1, 1],
			"rotation": {"angle": 0, "axis": "y", "origin": [4.3166, 17, 1]},
			"faces": {
				"north": {"uv": [1, 0, 15, 2.5916], "rotation": 90, "texture": "#1"},
				"east": {"uv": [1, 1, 15, 15], "texture": "#1"},
				"south": {"uv": [1, 0, 15, 2.5916], "rotation": 270, "texture": "#1"},
				"up": {"uv": [1, 0, 15, 2.5916], "rotation": 270, "texture": "#1"},
				"down": {"uv": [1, 0, 15, 2.5916], "rotation": 270, "texture": "#1"}
			}
		},
		{
			"from": [2.6672, 6.55025, 4.5],
			"to": [5.3332, 9.44975, 5.5],
			"rotation": {"angle": -45, "axis": "x", "origin": [4.8332, 8, 8]},
			"faces": {
				"south": {"uv": [1, 13.334, 3.89949, 16], "rotation": 270, "texture": "#1"}
			}
		},
		{
			"from": [2.6672, 6.55025, 4.5],
			"to": [5.3332, 9.44975, 5.5],
			"rotation": {"angle": 0, "axis": "y", "origin": [4.8332, 8, 8]},
			"faces": {
				"north": {"uv": [1, 13.334, 3.89949, 16], "rotation": 90, "texture": "#1"},
				"east": {"uv": [1, 1, 3.89949, 2], "rotation": 270, "texture": "#1"},
				"south": {"uv": [1, 13.334, 3.89949, 16], "rotation": 270, "texture": "#1"}
			}
		},
		{
			"from": [2.6672, 6.55025, 10.5],
			"to": [5.3332, 9.44975, 11.5],
			"rotation": {"angle": -45, "axis": "x", "origin": [4.8332, 8, 8]},
			"faces": {
				"north": {"uv": [1, 13.334, 3.89949, 16], "rotation": 90, "texture": "#1"},
				"east": {"uv": [1, 1, 3.89949, 2], "rotation": 270, "texture": "#1"},
				"south": {"uv": [1, 13.334, 3.89949, 16], "rotation": 270, "texture": "#1"}
			}
		},
		{
			"from": [2.6672, 6.55025, 10.5],
			"to": [5.3332, 9.44975, 11.5],
			"rotation": {"angle": 0, "axis": "y", "origin": [4.8332, 8, 8]},
			"faces": {
				"north": {"uv": [1, 13.334, 3.89949, 16], "rotation": 90, "texture": "#1"},
				"east": {"uv": [1, 1, 3.89949, 2], "rotation": 270, "texture": "#1"},
				"south": {"uv": [1, 13.334, 3.89949, 16], "rotation": 270, "texture": "#1"}
			}
		},
		{
			"from": [2.6672, 4.5, 6.55025],
			"to": [5.3332, 5.5, 9.44975],
			"rotation": {"angle": -45, "axis": "x", "origin": [4.8332, 8, 8]},
			"faces": {
				"up": {"uv": [1, 13.334, 3.89949, 16], "rotation": 270, "texture": "#1"}
			}
		},
		{
			"from": [2.6672, 4.5, 6.55025],
			"to": [5.3332, 5.5, 9.44975],
			"rotation": {"angle": 0, "axis": "y", "origin": [4.8332, 8, 8]},
			"faces": {
				"up": {"uv": [1, 13.334, 3.89949, 16], "rotation": 270, "texture": "#1"}
			}
		},
		{
			"from": [2.6672, 10.5, 6.55025],
			"to": [5.3332, 11.5, 9.44975],
			"rotation": {"angle": -45, "axis": "x", "origin": [4.8332, 8, 8]},
			"faces": {
				"east": {"uv": [1, 1, 2, 3.89949], "rotation": 270, "texture": "#1"},
				"up": {"uv": [1, 13.334, 3.89949, 16], "rotation": 270, "texture": "#1"},
				"down": {"uv": [1, 13.334, 3.89949, 16], "rotation": 270, "texture": "#1"}
			}
		},
		{
			"from": [2.6672, 10.5, 6.55025],
			"to": [5.3332, 11.5, 9.44975],
			"rotation": {"angle": 0, "axis": "y", "origin": [4.8332, 8, 8]},
			"faces": {
				"east": {"uv": [1, 1, 2, 3.89949], "rotation": 270, "texture": "#1"},
				"up": {"uv": [1, 13.334, 3.89949, 16], "rotation": 270, "texture": "#1"},
				"down": {"uv": [1, 13.334, 3.89949, 16], "rotation": 270, "texture": "#1"}
			}
		}
	],
	"display": {
		"thirdperson_righthand": {
			"rotation": [75, 45, 0],
			"translation": [0, 2.5, 0],
			"scale": [0.375, 0.375, 0.375]
		},
		"thirdperson_lefthand": {
			"rotation": [75, 45, 0],
			"translation": [0, 2.5, 0],
			"scale": [-0.375, 0.375, 0.375]
		},
		"firstperson_righthand": {
			"rotation": [0, 45, 0],
			"scale": [0.4, 0.4, 0.4]
		},
		"firstperson_lefthand": {
			"rotation": [0, 225, 0],
			"scale": [0.4, 0.4, 0.4]
		},
		"ground": {
			"translation": [0, 3, 0],
			"scale": [0.25, 0.25, 0.25]
		},
		"gui": {
			"rotation": [30, 135, 0],
			"scale": [0.625, 0.625, 0.625]
		},
		"fixed": {
			"scale": [0.5, 0.5, 0.5]
		}
	},
	"groups": [
		{
			"name": "trapdoor_bottom",
			"origin": [8, 8, 8],
			"color": 0,
			"children": [0, 1, 2, 3, 4, 5, 6, 7, 8, 9, 10, 11, 12, 13, 14, 15]
		},
		{
			"name": "bottom",
			"origin": [8, 8, 8],
			"color": 0,
			"children": [16, 17, 18, 19, 20, 21, 22, 23]
		}
	]
}