{
	"credit": "AlexTestria | https://alex-bauerndistel.de",
	"textures": {
		"particle": "#0"
	},
	"elements": [
		{
			"from": [0, 2.6666, 0],
			"to": [1, 2.7416, 16],
			"rotation": {"angle": 0, "axis": "y", "origin": [0, 2.6666, 0]},
			"faces": {
				"east": {"uv": [0, 1, 16, 1.075], "texture": "#1"},
				"west": {"uv": [0, 1, 16, 1.075], "texture": "#1", "cullface": "west"},
				"down": {"uv": [0, 0, 1, 16], "texture": "#1"}
			}
		},
		{
			"from": [0, 2.6666, 0],
			"to": [16, 2.7416, 1],
			"rotation": {"angle": 0, "axis": "y", "origin": [0, 2.6666, 0]},
			"faces": {
				"north": {"uv": [0, 1, 16, 1.075], "texture": "#1", "cullface": "north"},
				"south": {"uv": [0, 1, 16, 1.075], "texture": "#1"},
				"down": {"uv": [0, 15, 16, 16], "texture": "#1"}
			}
		},
		{
			"from": [0, 2.6666, 15],
			"to": [16, 2.7416, 16],
			"rotation": {"angle": 0, "axis": "y", "origin": [0, 2.6666, 0]},
			"faces": {
				"north": {"uv": [0, 1, 16, 1.075], "texture": "#1"},
				"south": {"uv": [0, 1, 16, 1.075], "texture": "#1", "cullface": "south"},
				"down": {"uv": [0, 0, 16, 1], "texture": "#1"}
			}
		},
		{
			"from": [15, 2.6666, 0],
			"to": [16, 2.7416, 16],
			"rotation": {"angle": 0, "axis": "y", "origin": [0, 2.6666, 0]},
			"faces": {
				"east": {"uv": [0, 1, 16, 1.075], "texture": "#1", "cullface": "east"},
				"west": {"uv": [0, 1, 16, 1.075], "texture": "#1"},
				"down": {"uv": [15, 0, 16, 16], "texture": "#1"}
			}
		},
		{
			"from": [0, 2.7416, 0],
			"to": [16, 5.3332, 16],
			"rotation": {"angle": 0, "axis": "y", "origin": [16, 2.6666, 0]},
			"faces": {
				"north": {"uv": [0, 0, 16, 2.5916], "texture": "#0", "cullface": "north"},
				"east": {"uv": [0, 0, 16, 2.5916], "texture": "#0", "cullface": "east"},
				"south": {"uv": [0, 0, 16, 2.5916], "texture": "#0", "cullface": "south"},
				"west": {"uv": [0, 0, 16, 2.5916], "texture": "#0", "cullface": "west"},
				"up": {"uv": [0, 0, 16, 16], "texture": "#0"}
			}
		},
		{
			"from": [15, 4.8332, 15],
			"to": [1, 2.7416, 1],
			"rotation": {"angle": 0, "axis": "y", "origin": [17, 3.6832, 1]},
			"faces": {
				"north": {"uv": [1, 0, 15, 2.5916], "texture": "#0", "cullface": "down"},
				"east": {"uv": [1, 0, 15, 2.5916], "texture": "#0", "cullface": "down"},
				"south": {"uv": [1, 0, 15, 2.5916], "texture": "#0", "cullface": "down"},
				"west": {"uv": [1, 0, 15, 2.5916], "texture": "#0", "cullface": "down"},
				"down": {"uv": [1, 1, 15, 15], "texture": "#0"}
			}
		},
		{
			"from": [7.30381, 0, 4.5],
			"to": [8.69619, 4.925, 5.5],
			"rotation": {"angle": -22.5, "axis": "y", "origin": [8, 10.6666, 8]},
			"faces": {
				"north": {"uv": [1, 4.925, 2.39238, 0], "texture": "#2"},
				"south": {"uv": [1, 4.925, 2.39238, 0], "texture": "#2"},
				"down": {"uv": [1, 1, 2.39238, 2], "texture": "#2", "cullface": "down"}
			}
		},
		{
			"from": [7.30381, 0, 4.5],
			"to": [8.69619, 4.925, 5.5],
			"rotation": {"angle": 0, "axis": "y", "origin": [8, 10.6666, 8]},
			"faces": {
				"north": {"uv": [1, 4.925, 2.39238, 0], "texture": "#2"},
				"south": {"uv": [1, 4.925, 2.39238, 0], "texture": "#2"},
				"down": {"uv": [1, 1, 2.39238, 2], "texture": "#2", "cullface": "down"}
			}
		},
		{
			"from": [7.30381, 0, 4.5],
			"to": [8.69619, 4.925, 5.5],
			"rotation": {"angle": 22.5, "axis": "y", "origin": [8, 10.6666, 8]},
			"faces": {
				"north": {"uv": [1, 4.925, 2.39238, 0], "texture": "#2"},
				"south": {"uv": [1, 4.925, 2.39238, 0], "texture": "#2"},
				"down": {"uv": [1, 1, 2.39238, 2], "texture": "#2", "cullface": "down"}
			}
		},
		{
			"from": [7.30381, 0, 4.5],
			"to": [8.69619, 4.925, 5.5],
			"rotation": {"angle": 45, "axis": "y", "origin": [8, 10.6666, 8]},
			"faces": {
				"north": {"uv": [1, 4.925, 2.39238, 0], "texture": "#2"},
				"south": {"uv": [1, 4.925, 2.39238, 0], "texture": "#2"},
				"down": {"uv": [1, 1, 2.39238, 2], "texture": "#2", "cullface": "down"}
			}
		},
		{
			"from": [7.30381, 0, 10.5],
			"to": [8.69619, 4.925, 11.5],
			"rotation": {"angle": -45, "axis": "y", "origin": [8, 10.6666, 8]},
			"faces": {
				"north": {"uv": [1, 4.925, 2.39238, 0], "texture": "#2"},
				"south": {"uv": [1, 4.925, 2.39238, 0], "texture": "#2"},
				"down": {"uv": [1, 1, 2.39238, 2], "texture": "#2", "cullface": "down"}
			}
		},
		{
			"from": [7.30381, 0, 10.5],
			"to": [8.69619, 4.925, 11.5],
			"rotation": {"angle": -22.5, "axis": "y", "origin": [8, 10.6666, 8]},
			"faces": {
				"north": {"uv": [1, 4.925, 2.39238, 0], "texture": "#2"},
				"south": {"uv": [1, 4.925, 2.39238, 0], "texture": "#2"},
				"down": {"uv": [1, 1, 2.39238, 2], "texture": "#2", "cullface": "down"}
			}
		},
		{
			"from": [7.30381, 0, 10.5],
			"to": [8.69619, 4.925, 11.5],
			"rotation": {"angle": 0, "axis": "y", "origin": [8, 10.6666, 8]},
			"faces": {
				"north": {"uv": [1, 4.925, 2.39238, 0], "texture": "#2"},
				"south": {"uv": [1, 4.925, 2.39238, 0], "texture": "#2"},
				"down": {"uv": [1, 1, 2.39238, 2], "texture": "#2", "cullface": "down"}
			}
		},
		{
			"from": [7.30381, 0, 10.5],
			"to": [8.69619, 4.925, 11.5],
			"rotation": {"angle": 22.5, "axis": "y", "origin": [8, 10.6666, 8]},
			"faces": {
				"north": {"uv": [1, 4.925, 2.39238, 0], "texture": "#2"},
				"south": {"uv": [1, 4.925, 2.39238, 0], "texture": "#2"},
				"down": {"uv": [1, 1, 2.39238, 2], "texture": "#2", "cullface": "down"}
			}
		},
		{
			"from": [7.30381, 0, 10.5],
			"to": [8.69619, 4.925, 11.5],
			"rotation": {"angle": 45, "axis": "y", "origin": [8, 10.6666, 8]},
			"faces": {
				"north": {"uv": [1, 4.925, 2.39238, 0], "texture": "#2"},
				"south": {"uv": [1, 4.925, 2.39238, 0], "texture": "#2"},
				"down": {"uv": [1, 1, 2.39238, 2], "texture": "#2", "cullface": "down"}
			}
		},
		{
			"from": [4.5, 0, 7.30381],
			"to": [5.5, 4.925, 8.69619],
			"rotation": {"angle": -22.5, "axis": "y", "origin": [8, 10.6666, 8]},
			"faces": {
				"east": {"uv": [1, 4.925, 2.39238, 0], "texture": "#2"},
				"west": {"uv": [1, 4.925, 2.39238, 0], "texture": "#2"},
				"down": {"uv": [1, 1, 2, 2.39238], "texture": "#2", "cullface": "down"}
			}
		},
		{
			"from": [4.5, 0, 7.30381],
			"to": [5.5, 4.925, 8.69619],
			"rotation": {"angle": 0, "axis": "y", "origin": [8, 10.6666, 8]},
			"faces": {
				"east": {"uv": [1, 4.925, 2.39238, 0], "texture": "#2"},
				"west": {"uv": [1, 4.925, 2.39238, 0], "texture": "#2"},
				"down": {"uv": [1, 1, 2, 2.39238], "texture": "#2", "cullface": "down"}
			}
		},
		{
			"from": [4.5, 0, 7.30381],
			"to": [5.5, 4.925, 8.69619],
			"rotation": {"angle": 22.5, "axis": "y", "origin": [8, 10.6666, 8]},
			"faces": {
				"east": {"uv": [1, 4.925, 2.39238, 0], "texture": "#2"},
				"west": {"uv": [1, 4.925, 2.39238, 0], "texture": "#2"},
				"down": {"uv": [1, 1, 2, 2.39238], "texture": "#2", "cullface": "down"}
			}
		},
		{
			"from": [10.5, 0, 7.30381],
			"to": [11.5, 4.925, 8.69619],
			"rotation": {"angle": -22.5, "axis": "y", "origin": [8, 10.6666, 8]},
			"faces": {
				"east": {"uv": [1, 4.925, 2.39238, 0], "texture": "#2"},
				"west": {"uv": [1, 4.925, 2.39238, 0], "texture": "#2"},
				"down": {"uv": [1, 1, 2, 2.39238], "texture": "#2", "cullface": "down"}
			}
		},
		{
			"from": [10.5, 0, 7.30381],
			"to": [11.5, 4.925, 8.69619],
			"rotation": {"angle": 0, "axis": "y", "origin": [8, 10.6666, 8]},
			"faces": {
				"east": {"uv": [1, 4.925, 2.39238, 0], "texture": "#2"},
				"west": {"uv": [1, 4.925, 2.39238, 0], "texture": "#2"},
				"down": {"uv": [1, 1, 2, 2.39238], "texture": "#2", "cullface": "down"}
			}
		},
		{
			"from": [10.5, 0, 7.30381],
			"to": [11.5, 4.925, 8.69619],
			"rotation": {"angle": 22.5, "axis": "y", "origin": [8, 10.6666, 8]},
			"faces": {
				"east": {"uv": [1, 4.925, 2.39238, 0], "texture": "#2"},
				"west": {"uv": [1, 4.925, 2.39238, 0], "texture": "#2"},
				"down": {"uv": [1, 1, 2, 2.39238], "texture": "#2", "cullface": "down"}
			}
		},
		{
			"from": [7.30381, 0, 4.5],
			"to": [8.69619, 4.925, 5.5],
			"rotation": {"angle": -45, "axis": "y", "origin": [8, 10.6666, 8]},
			"faces": {
				"north": {"uv": [1, 4.925, 2.39238, 0], "texture": "#2"},
				"south": {"uv": [1, 4.925, 2.39238, 0], "texture": "#2"},
				"down": {"uv": [1, 1, 2.39238, 2], "texture": "#2", "cullface": "down"}
			}
		},
		{
			"from": [6.4087, 1.25, 0],
			"to": [9.5913, 2.6666, 1.25],
			"rotation": {"angle": -45, "axis": "y", "origin": [8, 0.5, 8]},
			"faces": {
				"north": {"uv": [1, 1, 4.1826, 2.4166], "texture": "#2"},
				"south": {"uv": [0, 0, 3.1826, 1.4166], "texture": "#2"},
				"up": {"uv": [0, 0, 3.1826, 1.25], "texture": "#2"},
				"down": {"uv": [1, 1, 4.1826, 2.25], "texture": "#2"}
			}
		},
		{
			"from": [6.4087, 0, 0],
			"to": [9.5913, 2.6666, 1.25],
			"rotation": {"angle": -22.5, "axis": "y", "origin": [8, 0.5, 8]},
			"faces": {
				"north": {"uv": [1, 2.6666, 4.1826, 0], "texture": "#2"},
				"east": {"uv": [0, 0, 1.25, 2.6666], "texture": "#2"},
				"south": {"uv": [0, 0, 3.1826, 2.6666], "texture": "#2"},
				"up": {"uv": [0, 0, 3.1826, 1.25], "texture": "#2"},
				"down": {"uv": [1, 1, 4.1826, 2.25], "texture": "#2", "cullface": "down"}
			}
		},
		{
			"from": [6.4087, 0, 0],
			"to": [9.5913, 2.6666, 1.25],
			"rotation": {"angle": 0, "axis": "y", "origin": [8, 0.5, 8]},
			"faces": {
				"north": {"uv": [1, 2.6666, 4.1826, 0], "texture": "#2", "cullface": "north"},
				"south": {"uv": [0, 0, 3.1826, 2.6666], "texture": "#2"},
				"up": {"uv": [0, 0, 3.1826, 1.25], "texture": "#2"},
				"down": {"uv": [1, 1, 4.1826, 2.25], "texture": "#2", "cullface": "down"}
			}
		},
		{
			"from": [6.4087, 0, 0],
			"to": [9.5913, 2.6666, 1.25],
			"rotation": {"angle": 22.5, "axis": "y", "origin": [8, 0.5, 8]},
			"faces": {
				"north": {"uv": [1, 2.6666, 4.1826, 0], "texture": "#2"},
				"south": {"uv": [0, 0, 3.1826, 2.6666], "texture": "#2"},
				"west": {"uv": [0, 0, 1.25, 2.6666], "texture": "#2"},
				"up": {"uv": [0, 0, 3.1826, 1.25], "texture": "#2"},
				"down": {"uv": [1, 1, 4.1826, 2.25], "texture": "#2", "cullface": "down"}
			}
		},
		{
			"from": [6.4087, 1.25, 0],
			"to": [9.5913, 2.6666, 1.25],
			"rotation": {"angle": 45, "axis": "y", "origin": [8, 0.5, 8]},
			"faces": {
				"north": {"uv": [1, 1, 4.1826, 2.4166], "texture": "#2"},
				"south": {"uv": [0, 0, 3.1826, 1.4166], "texture": "#2"},
				"up": {"uv": [0, 0, 3.1826, 1.25], "texture": "#2"},
				"down": {"uv": [1, 1, 4.1826, 2.25], "texture": "#2"}
			}
		},
		{
			"from": [6.4087, 1.25, 14.75],
			"to": [9.5913, 2.6666, 16],
			"rotation": {"angle": -45, "axis": "y", "origin": [8, 0.5, 8]},
			"faces": {
				"north": {"uv": [0, 0, 3.1826, 1.4166], "texture": "#2"},
				"south": {"uv": [1, 1, 4.1826, 2.4166], "texture": "#2"},
				"up": {"uv": [0, 0, 3.1826, 1.25], "texture": "#2"},
				"down": {"uv": [1, 1, 4.1826, 2.25], "texture": "#2"}
			}
		},
		{
			"from": [6.4087, 0, 14.75],
			"to": [9.5913, 2.6666, 16],
			"rotation": {"angle": -22.5, "axis": "y", "origin": [8, 0.5, 8]},
			"faces": {
				"north": {"uv": [0, 0, 3.1826, 2.6666], "texture": "#2"},
				"south": {"uv": [1, 2.6666, 4.1826, 0], "texture": "#2"},
				"west": {"uv": [0, 0, 1.25, 2.6666], "texture": "#2"},
				"up": {"uv": [0, 0, 3.1826, 1.25], "texture": "#2"},
				"down": {"uv": [1, 1, 4.1826, 2.25], "texture": "#2", "cullface": "down"}
			}
		},
		{
			"from": [6.4087, 0, 14.75],
			"to": [9.5913, 2.6666, 16],
			"rotation": {"angle": 0, "axis": "y", "origin": [8, 0.5, 8]},
			"faces": {
				"north": {"uv": [0, 0, 3.1826, 2.6666], "texture": "#2"},
				"south": {"uv": [1, 2.6666, 4.1826, 0], "texture": "#2", "cullface": "south"},
				"up": {"uv": [0, 0, 3.1826, 1.25], "texture": "#2"},
				"down": {"uv": [1, 1, 4.1826, 2.25], "texture": "#2", "cullface": "down"}
			}
		},
		{
			"from": [6.4087, 0, 14.75],
			"to": [9.5913, 2.6666, 16],
			"rotation": {"angle": 22.5, "axis": "y", "origin": [8, 0.5, 8]},
			"faces": {
				"north": {"uv": [0, 0, 3.1826, 2.6666], "texture": "#2"},
				"east": {"uv": [0, 0, 1.25, 2.6666], "texture": "#2"},
				"south": {"uv": [1, 2.6666, 4.1826, 0], "texture": "#2"},
				"up": {"uv": [0, 0, 3.1826, 1.25], "texture": "#2"},
				"down": {"uv": [1, 1, 4.1826, 2.25], "texture": "#2", "cullface": "down"}
			}
		},
		{
			"from": [6.4087, 1.25, 14.75],
			"to": [9.5913, 2.6666, 16],
			"rotation": {"angle": 45, "axis": "y", "origin": [8, 0.5, 8]},
			"faces": {
				"north": {"uv": [0, 0, 3.1826, 1.4166], "texture": "#2"},
				"south": {"uv": [1, 1, 4.1826, 2.4166], "texture": "#2"},
				"up": {"uv": [0, 0, 3.1826, 1.25], "texture": "#2"},
				"down": {"uv": [1, 1, 4.1826, 2.25], "texture": "#2"}
			}
		},
		{
			"from": [0, 0, 6.4087],
			"to": [1.25, 2.6666, 9.5913],
			"rotation": {"angle": -22.5, "axis": "y", "origin": [8, 0.5, 8]},
			"faces": {
				"north": {"uv": [0, 0, 1.25, 2.6666], "texture": "#2"},
				"east": {"uv": [0, 0, 3.1826, 2.6666], "texture": "#2"},
				"west": {"uv": [1, 2.6666, 4.1826, 0], "texture": "#2"},
				"up": {"uv": [0, 0, 1.25, 3.1826], "texture": "#2"},
				"down": {"uv": [1, 1, 2.25, 4.1826], "texture": "#2", "cullface": "down"}
			}
		},
		{
			"from": [0, 0, 6.4087],
			"to": [1.25, 2.6666, 9.5913],
			"rotation": {"angle": 0, "axis": "y", "origin": [8, 0.5, 8]},
			"faces": {
				"east": {"uv": [0, 0, 3.1826, 2.6666], "texture": "#2"},
				"west": {"uv": [1, 2.6666, 4.1826, 0], "texture": "#2", "cullface": "west"},
				"up": {"uv": [0, 0, 1.25, 3.1826], "texture": "#2"},
				"down": {"uv": [1, 1, 2.25, 4.1826], "texture": "#2", "cullface": "down"}
			}
		},
		{
			"from": [0, 0, 6.4087],
			"to": [1.25, 2.6666, 9.5913],
			"rotation": {"angle": 22.5, "axis": "y", "origin": [8, 0.5, 8]},
			"faces": {
				"east": {"uv": [0, 0, 3.1826, 2.6666], "texture": "#2"},
				"south": {"uv": [0, 0, 1.25, 2.6666], "texture": "#2"},
				"west": {"uv": [1, 2.6666, 4.1826, 0], "texture": "#2"},
				"up": {"uv": [0, 0, 1.25, 3.1826], "texture": "#2"},
				"down": {"uv": [1, 1, 2.25, 4.1826], "texture": "#2", "cullface": "down"}
			}
		},
		{
			"from": [14.75, 0, 6.4087],
			"to": [16, 2.6666, 9.5913],
			"rotation": {"angle": -22.5, "axis": "y", "origin": [8, 0.5, 8]},
			"faces": {
				"east": {"uv": [1, 2.6666, 4.1826, 0], "texture": "#2"},
				"south": {"uv": [0, 0, 1.25, 2.6666], "texture": "#2"},
				"west": {"uv": [0, 0, 3.1826, 2.6666], "texture": "#2"},
				"up": {"uv": [0, 0, 1.25, 3.1826], "texture": "#2"},
				"down": {"uv": [1, 1, 2.25, 4.1826], "texture": "#2", "cullface": "down"}
			}
		},
		{
			"from": [14.75, 0, 6.4087],
			"to": [16, 2.6666, 9.5913],
			"rotation": {"angle": 0, "axis": "y", "origin": [8, 0.5, 8]},
			"faces": {
				"east": {"uv": [1, 2.6666, 4.1826, 0], "texture": "#2", "cullface": "east"},
				"west": {"uv": [0, 0, 3.1826, 2.6666], "texture": "#2"},
				"up": {"uv": [0, 0, 1.25, 3.1826], "texture": "#2"},
				"down": {"uv": [1, 1, 2.25, 4.1826], "texture": "#2", "cullface": "down"}
			}
		},
		{
			"from": [1.25, 2.2916, 3.6587],
			"to": [14.75, 2.6666, 12.3413],
			"rotation": {"angle": 0, "axis": "y", "origin": [8, 0.5, 8]},
			"faces": {
				"up": {"uv": [0, 0, 13.5, 8.6826], "texture": "#2"},
				"down": {"uv": [1, 1, 14.5, 9.6826], "texture": "#2"}
			}
		},
		{
			"from": [3.6587, 2.2916, 1.25],
			"to": [12.3413, 2.6666, 14.75],
			"rotation": {"angle": -22.5, "axis": "y", "origin": [8, 2.4791, 8]},
			"faces": {
				"up": {"uv": [0, 0, 8.6826, 13.5], "texture": "#2"},
				"down": {"uv": [1, 1, 9.6826, 14.5], "texture": "#2"}
			}
		},
		{
			"from": [1.25, 2.2916, 3.6587],
			"to": [14.75, 2.6666, 12.3413],
			"rotation": {"angle": -45, "axis": "y", "origin": [8, 2.4791, 8]},
			"faces": {
				"up": {"uv": [0, 0, 13.5, 8.6826], "texture": "#2"},
				"down": {"uv": [1, 1, 14.5, 9.6826], "texture": "#2"}
			}
		},
		{
			"from": [14.75, 0, 6.4087],
			"to": [16, 2.6666, 9.5913],
			"rotation": {"angle": 22.5, "axis": "y", "origin": [8, 0.5, 8]},
			"faces": {
				"north": {"uv": [0, 0, 1.25, 2.6666], "texture": "#2"},
				"east": {"uv": [1, 2.6666, 4.1826, 0], "texture": "#2"},
				"west": {"uv": [0, 0, 3.1826, 2.6666], "texture": "#2"},
				"up": {"uv": [0, 0, 1.25, 3.1826], "texture": "#2"},
				"down": {"uv": [1, 1, 2.25, 4.1826], "texture": "#2", "cullface": "down"}
			}
		}
	],
	"display": {
		"thirdperson_righthand": {
			"rotation": [75, 45, 0],
			"translation": [0, 2.5, 0],
			"scale": [0.375, 0.375, 0.375]
		},
		"thirdperson_lefthand": {
			"rotation": [75, 45, 0],
			"translation": [0, 2.5, 0],
			"scale": [-0.375, 0.375, 0.375]
		},
		"firstperson_righthand": {
			"rotation": [0, 45, 0],
			"scale": [0.4, 0.4, 0.4]
		},
		"firstperson_lefthand": {
			"rotation": [0, 225, 0],
			"scale": [0.4, 0.4, 0.4]
		},
		"ground": {
			"translation": [0, 3, 0],
			"scale": [0.25, 0.25, 0.25]
		},
		"gui": {
			"rotation": [30, 135, 0],
			"scale": [0.625, 0.625, 0.625]
		},
		"fixed": {
			"scale": [0.5, 0.5, 0.5]
		}
	},
	"groups": [0, 1, 2, 3, 4, 5,
		{
			"name": "circle_bottom",
			"origin": [8, 8, 8],
			"color": 0,
			"children": [6, 7, 8, 9, 10, 11, 12, 13, 14, 15, 16, 17, 18, 19, 20, 21]
		},
		{
			"name": "round_brick",
			"origin": [8, 8, 8],
			"color": 0,
			"children": [22, 23, 24, 25, 26, 27, 28, 29, 30, 31, 32, 33, 34, 35, 36, 37, 38, 39, 40]
		}
	]
}