{
	"credit": "AlexTestria | https://alex-bauerndistel.de",
	"textures": {
		"3": "brickcraft/block_faces/soul_soil01",
		"4": "brickcraft/material/plastics/texture/soulsand02",
		"particle": "brickcraft/material/plastics/texture/soulsand01",
		"1_0": "brickcraft/material/plastics/texture/soulsand01"
	},
	"elements": [
		{
			"from": [0, 13.4082, 6.25],
			"to": [16, 16, 8],
			"rotation": {"angle": 0, "axis": "y", "origin": [7.65341, 13.81767, 3.84091]},
			"faces": {
				"north": {"uv": [0, 0, 16, 2.6666], "texture": "#1_0", "cullface": "up"},
				"east": {"uv": [0, 0, 1.75, 2.6666], "texture": "#1_0", "cullface": "east"},
				"west": {"uv": [14, 0, 15.75, 2.6666], "texture": "#1_0", "cullface": "west"},
				"up": {"uv": [0, 14, 16, 15.75], "texture": "#1_0", "cullface": "up"}
			}
		},
		{
			"from": [0, 14.6584, 3.125],
			"to": [16, 16, 4.875],
			"rotation": {"angle": 0, "axis": "y", "origin": [7.65341, 13.81767, 3.84091]},
			"faces": {
				"north": {"uv": [0, 0, 16, 1.3416], "texture": "#1_0", "cullface": "up"},
				"east": {"uv": [1, 0, 2.75, 1.3416], "texture": "#1_0", "cullface": "east"},
				"south": {"uv": [0, 0, 16, 1.3416], "texture": "#1_0", "cullface": "up"},
				"west": {"uv": [1, 0, 2.75, 1.3416], "texture": "#1_0", "cullface": "west"},
				"up": {"uv": [0, 1, 16, 2.75], "texture": "#1_0", "cullface": "up"}
			}
		},
		{
			"from": [0, 13.4082, 0],
			"to": [16, 16, 1.75],
			"rotation": {"angle": 0, "axis": "y", "origin": [7.65341, 13.81767, 3.84091]},
			"faces": {
				"east": {"uv": [14, 0, 15.75, 2.6666], "texture": "#1_0", "cullface": "east"},
				"south": {"uv": [0, 0, 16, 2.6666], "texture": "#1_0", "cullface": "up"},
				"west": {"uv": [0, 0, 1.75, 2.6666], "texture": "#1_0", "cullface": "west"},
				"up": {"uv": [0, 0, 16, 1.75], "texture": "#1_0", "cullface": "up"}
			}
		},
		{
			"from": [0, 13.4082, 1.75],
			"to": [1.5, 14.6584, 6.25],
			"rotation": {"angle": 0, "axis": "y", "origin": [7.65341, 13.81767, 3.84091]},
			"faces": {
				"east": {"uv": [1, 0, 5.5, 1.325], "texture": "#1_0", "cullface": "up"},
				"west": {"uv": [1, 1, 5.5, 2.325], "texture": "#1_0", "cullface": "west"},
				"up": {"uv": [0, 1, 1.5, 5.5], "texture": "#1_0", "cullface": "up"}
			}
		},
		{
			"from": [14.25, 13.4082, 1.75],
			"to": [16, 14.6584, 6.25],
			"rotation": {"angle": 0, "axis": "y", "origin": [7.65341, 13.81767, 3.84091]},
			"faces": {
				"east": {"uv": [1, 1, 5.5, 2.325], "texture": "#1_0", "cullface": "east"},
				"west": {"uv": [1, 0, 5.5, 1.325], "texture": "#1_0", "cullface": "up"},
				"up": {"uv": [1.75, 1, 0, 5.5], "texture": "#1_0", "cullface": "up"}
			}
		},
		{
			"from": [10.34213, 13.4082, -1.6201],
			"to": [11.33669, 14.5834, 3.3799],
			"rotation": {"angle": -45, "axis": "y", "origin": [7.65341, 13.81767, 3.84091]},
			"faces": {
				"north": {"uv": [1, 0, 1.99456, 1.25], "texture": "#1_0", "cullface": "up"},
				"south": {"uv": [1, 0, 1.99456, 1.25], "texture": "#1_0", "cullface": "up"},
				"up": {"uv": [1, 1, 1.99456, 6], "texture": "#1_0", "cullface": "up"}
			}
		},
		{
			"from": [11.23274, 13.4082, -0.17548],
			"to": [12.2273, 14.5834, 4.82452],
			"rotation": {"angle": -22.5, "axis": "y", "origin": [7.65341, 13.81767, 3.84091]},
			"faces": {
				"north": {"uv": [1, 0, 1.99456, 1.25], "texture": "#1_0", "cullface": "up"},
				"south": {"uv": [1, 0, 1.99456, 1.25], "texture": "#1_0", "cullface": "up"},
				"up": {"uv": [1, 1, 1.99456, 6], "texture": "#1_0", "cullface": "up"}
			}
		},
		{
			"from": [11.50272, 13.4082, 1.5],
			"to": [12.49728, 14.5834, 6.5],
			"rotation": {"angle": 0, "axis": "y", "origin": [7.65341, 13.81767, 3.84091]},
			"faces": {
				"up": {"uv": [1, 1, 1.99456, 6], "texture": "#1_0", "cullface": "up"}
			}
		},
		{
			"from": [11.11097, 13.4082, 3.15126],
			"to": [12.10553, 14.5834, 8.15126],
			"rotation": {"angle": 22.5, "axis": "y", "origin": [7.65341, 13.81767, 3.84091]},
			"faces": {
				"north": {"uv": [1, 0, 1.99456, 1.25], "texture": "#1_0", "cullface": "up"},
				"south": {"uv": [1, 0, 1.99456, 1.25], "texture": "#1_0", "cullface": "up"},
				"up": {"uv": [1, 1, 1.99456, 6], "texture": "#1_0", "cullface": "up"}
			}
		},
		{
			"from": [10.11714, 13.4082, 4.52691],
			"to": [11.1117, 14.5834, 9.52691],
			"rotation": {"angle": 45, "axis": "y", "origin": [7.65341, 13.81767, 3.84091]},
			"faces": {
				"north": {"uv": [1, 0, 1.99456, 1.25], "texture": "#1_0", "cullface": "up"},
				"south": {"uv": [1, 0, 1.99456, 1.25], "texture": "#1_0", "cullface": "up"},
				"up": {"uv": [1, 1, 1.99456, 6], "texture": "#1_0", "cullface": "up"}
			}
		},
		{
			"from": [9.23002, 13.4082, 1.82724],
			"to": [14.23002, 14.5834, 2.8218],
			"rotation": {"angle": -22.5, "axis": "y", "origin": [7.65341, 13.81767, 3.84091]},
			"faces": {
				"east": {"uv": [1, 0, 1.99456, 1.25], "texture": "#1_0", "cullface": "up"},
				"west": {"uv": [1, 0, 1.99456, 1.25], "texture": "#1_0", "cullface": "up"},
				"up": {"uv": [1, 1, 6, 1.99456], "texture": "#1_0", "cullface": "up"}
			}
		},
		{
			"from": [9.5, 13.4082, 3.50272],
			"to": [14.5, 14.5834, 4.49728],
			"rotation": {"angle": 0, "axis": "y", "origin": [7.65341, 13.81767, 3.84091]},
			"faces": {
				"west": {"uv": [1, 0, 1.99456, 1.25], "texture": "#1_0", "cullface": "up"},
				"up": {"uv": [1, 1, 6, 1.99456], "texture": "#1_0", "cullface": "up"}
			}
		},
		{
			"from": [9.10825, 13.4082, 5.15398],
			"to": [14.10825, 14.5834, 6.14854],
			"rotation": {"angle": 22.5, "axis": "y", "origin": [7.65341, 13.81767, 3.84091]},
			"faces": {
				"east": {"uv": [1, 0, 1.99456, 1.25], "texture": "#1_0", "cullface": "up"},
				"west": {"uv": [1, 0, 1.99456, 1.25], "texture": "#1_0", "cullface": "up"},
				"up": {"uv": [1, 1, 6, 1.99456], "texture": "#1_0", "cullface": "up"}
			}
		},
		{
			"from": [4.46028, 13.4082, -1.12995],
			"to": [5.45484, 14.5834, 3.87005],
			"rotation": {"angle": 45, "axis": "y", "origin": [7.65341, 13.81767, 3.84091]},
			"faces": {
				"north": {"uv": [1, 0, 1.99456, 1.25], "texture": "#4", "cullface": "up"},
				"south": {"uv": [1, 0, 1.99456, 1.25], "texture": "#4", "cullface": "up"},
				"up": {"uv": [1, 1, 1.99456, 6], "texture": "#4", "cullface": "up"}
			}
		},
		{
			"from": [3.71994, 13.4082, 0.08979],
			"to": [4.7145, 14.5834, 5.08979],
			"rotation": {"angle": 22.5, "axis": "y", "origin": [7.65341, 13.81767, 3.84091]},
			"faces": {
				"north": {"uv": [1, 0, 1.99456, 1.25], "texture": "#4", "cullface": "up"},
				"south": {"uv": [1, 0, 1.99456, 1.25], "texture": "#4", "cullface": "up"},
				"up": {"uv": [1, 1, 1.99456, 6], "texture": "#4", "cullface": "up"}
			}
		},
		{
			"from": [3.50272, 13.4082, 1.5],
			"to": [4.49728, 14.5834, 6.5],
			"rotation": {"angle": 0, "axis": "y", "origin": [7.65341, 13.81767, 3.84091]},
			"faces": {
				"up": {"uv": [1, 1, 1.99456, 6], "texture": "#4", "cullface": "up"}
			}
		},
		{
			"from": [3.8417, 13.4082, 2.88599],
			"to": [4.83626, 14.5834, 7.88599],
			"rotation": {"angle": -22.5, "axis": "y", "origin": [7.65341, 13.81767, 3.84091]},
			"faces": {
				"north": {"uv": [1, 0, 1.99456, 1.25], "texture": "#4", "cullface": "up"},
				"south": {"uv": [1, 0, 1.99456, 1.25], "texture": "#4", "cullface": "up"},
				"up": {"uv": [1, 1, 1.99456, 6], "texture": "#4", "cullface": "up"}
			}
		},
		{
			"from": [4.68527, 13.4082, 4.03675],
			"to": [5.67983, 14.5834, 9.03675],
			"rotation": {"angle": -45, "axis": "y", "origin": [7.65341, 13.81767, 3.84091]},
			"faces": {
				"north": {"uv": [1, 0, 1.99456, 1.25], "texture": "#4", "cullface": "up"},
				"south": {"uv": [1, 0, 1.99456, 1.25], "texture": "#4", "cullface": "up"},
				"up": {"uv": [1, 1, 1.99456, 6], "texture": "#4", "cullface": "up"}
			}
		},
		{
			"from": [1.71722, 13.4082, 2.09251],
			"to": [6.71722, 14.5834, 3.08707],
			"rotation": {"angle": 22.5, "axis": "y", "origin": [7.65341, 13.81767, 3.84091]},
			"faces": {
				"east": {"uv": [1, 0, 1.99456, 1.25], "texture": "#4", "cullface": "up"},
				"west": {"uv": [1, 0, 1.99456, 1.25], "texture": "#4", "cullface": "up"},
				"up": {"uv": [1, 1, 6, 1.99456], "texture": "#4", "cullface": "up"}
			}
		},
		{
			"from": [1.5, 13.4082, 3.50272],
			"to": [6.5, 14.5834, 4.49728],
			"rotation": {"angle": 0, "axis": "y", "origin": [7.65341, 13.81767, 3.84091]},
			"faces": {
				"east": {"uv": [1, 0, 1.99456, 1.25], "texture": "#4", "cullface": "up"},
				"up": {"uv": [1, 1, 6, 1.99456], "texture": "#4", "cullface": "up"}
			}
		},
		{
			"from": [1.83898, 13.4082, 4.88871],
			"to": [6.83898, 14.5834, 5.88327],
			"rotation": {"angle": -22.5, "axis": "y", "origin": [7.65341, 13.81767, 3.84091]},
			"faces": {
				"east": {"uv": [1, 0, 1.99456, 1.25], "texture": "#4", "cullface": "up"},
				"west": {"uv": [1, 0, 1.99456, 1.25], "texture": "#4", "cullface": "up"},
				"up": {"uv": [1, 1, 6, 1.99456], "texture": "#4", "cullface": "up"}
			}
		},
		{
			"from": [0, 13.4082, 14.25],
			"to": [16, 16, 16],
			"rotation": {"angle": 0, "axis": "y", "origin": [7.65341, 13.81767, 11.84091]},
			"faces": {
				"north": {"uv": [0, 0, 16, 2.6666], "texture": "#1_0", "cullface": "up"},
				"east": {"uv": [0, 0, 1.75, 2.6666], "texture": "#1_0", "cullface": "east"},
				"west": {"uv": [14, 0, 15.75, 2.6666], "texture": "#1_0", "cullface": "west"},
				"up": {"uv": [0, 14, 16, 15.75], "texture": "#1_0", "cullface": "up"}
			}
		},
		{
			"from": [16, 16, 14.5],
			"to": [0, 13.4084, 1.5],
			"rotation": {"angle": 0, "axis": "y", "origin": [23.65341, 15.15947, 24.34091]},
			"faces": {
				"north": {"uv": [0, 1, 16, 2.3418], "texture": "#1_0"},
				"east": {"uv": [1, 1, 13.5, 2.3418], "texture": "#1_0"},
				"south": {"uv": [0, 1, 16, 2.3418], "texture": "#1_0"},
				"west": {"uv": [1, 1, 13.5, 2.3418], "texture": "#1_0"},
				"up": {"uv": [0, 1, 16, 13.5], "texture": "#1_0"},
				"down": {"uv": [0, 1, 16, 13.5], "texture": "#1_0"}
			}
		},
		{
			"from": [0, 14.6584, 11.125],
			"to": [16, 16, 12.875],
			"rotation": {"angle": 0, "axis": "y", "origin": [7.65341, 13.81767, 11.84091]},
			"faces": {
				"north": {"uv": [0, 0, 16, 1.3416], "texture": "#1_0", "cullface": "up"},
				"east": {"uv": [1, 0, 2.75, 1.3416], "texture": "#1_0", "cullface": "east"},
				"south": {"uv": [0, 0, 16, 1.3416], "texture": "#1_0", "cullface": "up"},
				"west": {"uv": [1, 0, 2.75, 1.3416], "texture": "#1_0", "cullface": "west"},
				"up": {"uv": [0, 1, 16, 2.75], "texture": "#1_0", "cullface": "up"}
			}
		},
		{
			"from": [0, 13.4082, 8],
			"to": [16, 16, 9.75],
			"rotation": {"angle": 0, "axis": "y", "origin": [7.65341, 13.81767, 11.84091]},
			"faces": {
				"east": {"uv": [14, 0, 15.75, 2.6666], "texture": "#1_0", "cullface": "east"},
				"south": {"uv": [0, 0, 16, 2.6666], "texture": "#1_0", "cullface": "up"},
				"west": {"uv": [0, 0, 1.75, 2.6666], "texture": "#1_0", "cullface": "west"},
				"up": {"uv": [0, 0, 16, 1.75], "texture": "#1_0", "cullface": "up"}
			}
		},
		{
			"from": [0, 13.4082, 9.75],
			"to": [1.5, 14.6584, 14.25],
			"rotation": {"angle": 0, "axis": "y", "origin": [7.65341, 13.81767, 11.84091]},
			"faces": {
				"east": {"uv": [1, 0, 5.5, 1.325], "texture": "#1_0", "cullface": "up"},
				"west": {"uv": [1, 1, 5.5, 2.325], "texture": "#1_0", "cullface": "west"},
				"up": {"uv": [0, 1, 1.5, 5.5], "texture": "#1_0", "cullface": "up"}
			}
		},
		{
			"from": [14.25, 13.4082, 9.75],
			"to": [16, 14.6584, 14.25],
			"rotation": {"angle": 0, "axis": "y", "origin": [7.65341, 13.81767, 11.84091]},
			"faces": {
				"east": {"uv": [1, 1, 5.5, 2.325], "texture": "#1_0", "cullface": "east"},
				"west": {"uv": [1, 0, 5.5, 1.325], "texture": "#1_0", "cullface": "up"},
				"up": {"uv": [1.75, 1, 0, 5.5], "texture": "#1_0", "cullface": "up"}
			}
		},
		{
			"from": [10.34213, 13.4082, 6.3799],
			"to": [11.33669, 14.5834, 11.3799],
			"rotation": {"angle": -45, "axis": "y", "origin": [7.65341, 13.81767, 11.84091]},
			"faces": {
				"north": {"uv": [1, 0, 1.99456, 1.25], "texture": "#4", "cullface": "up"},
				"south": {"uv": [1, 0, 1.99456, 1.25], "texture": "#4", "cullface": "up"},
				"up": {"uv": [1, 1, 1.99456, 6], "texture": "#4", "cullface": "up"}
			}
		},
		{
			"from": [11.23274, 13.4082, 7.82452],
			"to": [12.2273, 14.5834, 12.82452],
			"rotation": {"angle": -22.5, "axis": "y", "origin": [7.65341, 13.81767, 11.84091]},
			"faces": {
				"north": {"uv": [1, 0, 1.99456, 1.25], "texture": "#4", "cullface": "up"},
				"south": {"uv": [1, 0, 1.99456, 1.25], "texture": "#4", "cullface": "up"},
				"up": {"uv": [1, 1, 1.99456, 6], "texture": "#4", "cullface": "up"}
			}
		},
		{
			"from": [11.50272, 13.4082, 9.5],
			"to": [12.49728, 14.5834, 14.5],
			"rotation": {"angle": 0, "axis": "y", "origin": [7.65341, 13.81767, 11.84091]},
			"faces": {
				"up": {"uv": [1, 1, 1.99456, 6], "texture": "#4", "cullface": "up"}
			}
		},
		{
			"from": [11.11097, 13.4082, 11.15126],
			"to": [12.10553, 14.5834, 16.15126],
			"rotation": {"angle": 22.5, "axis": "y", "origin": [7.65341, 13.81767, 11.84091]},
			"faces": {
				"north": {"uv": [1, 0, 1.99456, 1.25], "texture": "#4", "cullface": "up"},
				"south": {"uv": [1, 0, 1.99456, 1.25], "texture": "#4", "cullface": "up"},
				"up": {"uv": [1, 1, 1.99456, 6], "texture": "#4", "cullface": "up"}
			}
		},
		{
			"from": [10.11714, 13.4082, 12.52691],
			"to": [11.1117, 14.5834, 17.52691],
			"rotation": {"angle": 45, "axis": "y", "origin": [7.65341, 13.81767, 11.84091]},
			"faces": {
				"north": {"uv": [1, 0, 1.99456, 1.25], "texture": "#4", "cullface": "up"},
				"south": {"uv": [1, 0, 1.99456, 1.25], "texture": "#4", "cullface": "up"},
				"up": {"uv": [1, 1, 1.99456, 6], "texture": "#4", "cullface": "up"}
			}
		},
		{
			"from": [9.23002, 13.4082, 9.82724],
			"to": [14.23002, 14.5834, 10.8218],
			"rotation": {"angle": -22.5, "axis": "y", "origin": [7.65341, 13.81767, 11.84091]},
			"faces": {
				"east": {"uv": [1, 0, 1.99456, 1.25], "texture": "#4", "cullface": "up"},
				"west": {"uv": [1, 0, 1.99456, 1.25], "texture": "#4", "cullface": "up"},
				"up": {"uv": [1, 1, 6, 1.99456], "texture": "#4", "cullface": "up"}
			}
		},
		{
			"from": [9.5, 13.4082, 11.50272],
			"to": [14.5, 14.5834, 12.49728],
			"rotation": {"angle": 0, "axis": "y", "origin": [7.65341, 13.81767, 11.84091]},
			"faces": {
				"west": {"uv": [1, 0, 1.99456, 1.25], "texture": "#4", "cullface": "up"},
				"up": {"uv": [1, 1, 6, 1.99456], "texture": "#4", "cullface": "up"}
			}
		},
		{
			"from": [9.10825, 13.4082, 13.15398],
			"to": [14.10825, 14.5834, 14.14854],
			"rotation": {"angle": 22.5, "axis": "y", "origin": [7.65341, 13.81767, 11.84091]},
			"faces": {
				"east": {"uv": [1, 0, 1.99456, 1.25], "texture": "#4", "cullface": "up"},
				"west": {"uv": [1, 0, 1.99456, 1.25], "texture": "#4", "cullface": "up"},
				"up": {"uv": [1, 1, 6, 1.99456], "texture": "#4", "cullface": "up"}
			}
		},
		{
			"from": [4.46028, 13.4082, 6.87005],
			"to": [5.45484, 14.5834, 11.87005],
			"rotation": {"angle": 45, "axis": "y", "origin": [7.65341, 13.81767, 11.84091]},
			"faces": {
				"north": {"uv": [1, 0, 1.99456, 1.25], "texture": "#1_0", "cullface": "up"},
				"south": {"uv": [1, 0, 1.99456, 1.25], "texture": "#1_0", "cullface": "up"},
				"up": {"uv": [1, 1, 1.99456, 6], "texture": "#1_0", "cullface": "up"}
			}
		},
		{
			"from": [3.71994, 13.4082, 8.08979],
			"to": [4.7145, 14.5834, 13.08979],
			"rotation": {"angle": 22.5, "axis": "y", "origin": [7.65341, 13.81767, 11.84091]},
			"faces": {
				"north": {"uv": [1, 0, 1.99456, 1.25], "texture": "#1_0", "cullface": "up"},
				"south": {"uv": [1, 0, 1.99456, 1.25], "texture": "#1_0", "cullface": "up"},
				"up": {"uv": [1, 1, 1.99456, 6], "texture": "#1_0", "cullface": "up"}
			}
		},
		{
			"from": [3.50272, 13.4082, 9.5],
			"to": [4.49728, 14.5834, 14.5],
			"rotation": {"angle": 0, "axis": "y", "origin": [7.65341, 13.81767, 11.84091]},
			"faces": {
				"up": {"uv": [1, 1, 1.99456, 6], "texture": "#1_0", "cullface": "up"}
			}
		},
		{
			"from": [3.8417, 13.4082, 10.88599],
			"to": [4.83626, 14.5834, 15.88599],
			"rotation": {"angle": -22.5, "axis": "y", "origin": [7.65341, 13.81767, 11.84091]},
			"faces": {
				"north": {"uv": [1, 0, 1.99456, 1.25], "texture": "#1_0", "cullface": "up"},
				"south": {"uv": [1, 0, 1.99456, 1.25], "texture": "#1_0", "cullface": "up"},
				"up": {"uv": [1, 1, 1.99456, 6], "texture": "#1_0", "cullface": "up"}
			}
		},
		{
			"from": [4.68527, 13.4082, 12.03675],
			"to": [5.67983, 14.5834, 17.03675],
			"rotation": {"angle": -45, "axis": "y", "origin": [7.65341, 13.81767, 11.84091]},
			"faces": {
				"north": {"uv": [1, 0, 1.99456, 1.25], "texture": "#1_0", "cullface": "up"},
				"south": {"uv": [1, 0, 1.99456, 1.25], "texture": "#1_0", "cullface": "up"},
				"up": {"uv": [1, 1, 1.99456, 6], "texture": "#1_0", "cullface": "up"}
			}
		},
		{
			"from": [1.71722, 13.4082, 10.09251],
			"to": [6.71722, 14.5834, 11.08707],
			"rotation": {"angle": 22.5, "axis": "y", "origin": [7.65341, 13.81767, 11.84091]},
			"faces": {
				"east": {"uv": [1, 0, 1.99456, 1.25], "texture": "#1_0", "cullface": "up"},
				"west": {"uv": [1, 0, 1.99456, 1.25], "texture": "#1_0", "cullface": "up"},
				"up": {"uv": [1, 1, 6, 1.99456], "texture": "#1_0", "cullface": "up"}
			}
		},
		{
			"from": [1.5, 13.4082, 11.50272],
			"to": [6.5, 14.5834, 12.49728],
			"rotation": {"angle": 0, "axis": "y", "origin": [7.65341, 13.81767, 11.84091]},
			"faces": {
				"east": {"uv": [1, 0, 1.99456, 1.25], "texture": "#1_0", "cullface": "up"},
				"up": {"uv": [1, 1, 6, 1.99456], "texture": "#1_0", "cullface": "up"}
			}
		},
		{
			"from": [1.83898, 13.4082, 12.88871],
			"to": [6.83898, 14.5834, 13.88327],
			"rotation": {"angle": -22.5, "axis": "y", "origin": [7.65341, 13.81767, 11.84091]},
			"faces": {
				"east": {"uv": [1, 0, 1.99456, 1.25], "texture": "#1_0", "cullface": "up"},
				"west": {"uv": [1, 0, 1.99456, 1.25], "texture": "#1_0", "cullface": "up"},
				"up": {"uv": [1, 1, 6, 1.99456], "texture": "#1_0", "cullface": "up"}
			}
		},
		{
			"from": [7, 2.6666, 15],
			"to": [1, 0.075, 9],
			"rotation": {"angle": 0, "axis": "y", "origin": [14, 10.5541, 15]},
			"faces": {
				"north": {"uv": [1, 1, 7, 3.5916], "texture": "#4", "cullface": "down"},
				"east": {"uv": [1, 1, 7, 3.5916], "texture": "#4", "cullface": "down"},
				"south": {"uv": [1, 1, 7, 3.5916], "texture": "#4", "cullface": "down"},
				"west": {"uv": [1, 1, 7, 3.5916], "texture": "#4", "cullface": "down"},
				"down": {"uv": [1, 1, 7, 7], "texture": "#4", "cullface": "down"}
			}
		},
		{
			"from": [15, 2.6666, 7],
			"to": [9, 0.075, 1],
			"rotation": {"angle": 0, "axis": "y", "origin": [14, 10.5541, 15]},
			"faces": {
				"north": {"uv": [1, 1, 7, 3.5916], "texture": "#4", "cullface": "down"},
				"east": {"uv": [1, 1, 7, 3.5916], "texture": "#4", "cullface": "down"},
				"south": {"uv": [1, 1, 7, 3.5916], "texture": "#4", "cullface": "down"},
				"west": {"uv": [1, 1, 7, 3.5916], "texture": "#4", "cullface": "down"},
				"down": {"uv": [1, 1, 7, 7], "texture": "#4", "cullface": "down"}
			}
		},
		{
			"from": [15, 2.6666, 15],
			"to": [9, 0.075, 9],
			"rotation": {"angle": 0, "axis": "y", "origin": [14, 10.5541, 15]},
			"faces": {
				"north": {"uv": [8.9375, 13.34375, 14.9375, 15.93535], "texture": "#3", "cullface": "down"},
				"east": {"uv": [8.9375, 13.34375, 14.9375, 15.93535], "texture": "#3", "cullface": "down"},
				"south": {"uv": [8.9375, 13.34375, 14.9375, 15.93535], "texture": "#3", "cullface": "down"},
				"west": {"uv": [8.9375, 13.34375, 14.9375, 15.93535], "texture": "#3", "cullface": "down"},
				"down": {"uv": [1, 1, 7, 7], "texture": "#1_0", "cullface": "down"}
			}
		},
		{
			"from": [7, 2.6666, 7],
			"to": [1, 0.075, 1],
			"rotation": {"angle": 0, "axis": "y", "origin": [14, 10.5541, 15]},
			"faces": {
				"north": {"uv": [8.9375, 13.34375, 14.9375, 15.93535], "texture": "#3", "cullface": "down"},
				"east": {"uv": [8.9375, 13.34375, 14.9375, 15.93535], "texture": "#3", "cullface": "down"},
				"south": {"uv": [8.9375, 13.34375, 14.9375, 15.93535], "texture": "#3", "cullface": "down"},
				"west": {"uv": [8.9375, 13.34375, 14.9375, 15.93535], "texture": "#3", "cullface": "down"},
				"down": {"uv": [1, 1, 7, 7], "texture": "#1_0", "cullface": "down"}
			}
		},
		{
			"from": [0, 0.075, 0],
			"to": [16, 16, 16],
			"rotation": {"angle": 0, "axis": "y", "origin": [8, 8.0375, 8]},
			"faces": {
				"north": {"uv": [0, 0, 16, 15.925], "texture": "#3", "cullface": "north"},
				"south": {"uv": [0, 0, 16, 15.925], "texture": "#3", "cullface": "south"}
			}
		},
		{
			"from": [0, 0.075, 0],
			"to": [16, 13.4082, 16],
			"rotation": {"angle": 0, "axis": "y", "origin": [8, 8.0375, 8]},
			"faces": {
				"east": {"uv": [16, 2.59375, 0, 15.92695], "texture": "#3", "cullface": "east"},
				"west": {"uv": [16, 2.59375, 0, 15.92695], "texture": "#3", "cullface": "west"}
			}
		},
		{
			"from": [0, 0, 0],
			"to": [16, 0.075, 1],
			"rotation": {"angle": 0, "axis": "y", "origin": [16, 0, 0]},
			"faces": {
				"north": {"uv": [0, 15.925, 16, 16], "texture": "#3", "cullface": "north"},
				"south": {"uv": [16, 15.925, 0, 16], "texture": "#3", "cullface": "down"},
				"down": {"uv": [0, 15, 16, 16], "texture": "#1_0", "cullface": "down"}
			}
		},
		{
			"from": [15, 0, 0],
			"to": [16, 0.075, 16],
			"rotation": {"angle": 0, "axis": "y", "origin": [16, 0, 0]},
			"faces": {
				"east": {"uv": [16, 15.925, 0, 16], "texture": "#3", "cullface": "east"},
				"west": {"uv": [0, 15.925, 16, 16], "texture": "#3", "cullface": "down"},
				"down": {"uv": [15, 0, 16, 16], "texture": "#1_0", "cullface": "down"}
			}
		},
		{
			"from": [0, 0, 0],
			"to": [1, 0.075, 16],
			"rotation": {"angle": 0, "axis": "y", "origin": [16, 0, 0]},
			"faces": {
				"east": {"uv": [0, 15.925, 16, 16], "texture": "#3", "cullface": "down"},
				"west": {"uv": [16, 15.925, 0, 16], "texture": "#3", "cullface": "west"},
				"down": {"uv": [0, 0, 1, 16], "texture": "#1_0", "cullface": "down"}
			}
		},
		{
			"from": [0, 0, 15],
			"to": [16, 0.075, 16],
			"rotation": {"angle": 0, "axis": "y", "origin": [16, 0, 0]},
			"faces": {
				"north": {"uv": [16, 15.925, 0, 16], "texture": "#3", "cullface": "down"},
				"south": {"uv": [0, 15.925, 16, 16], "texture": "#3", "cullface": "south"},
				"down": {"uv": [0, 0, 16, 1], "texture": "#1_0", "cullface": "down"}
			}
		},
		{
			"from": [7, 0, 1],
			"to": [9, 0.075, 15],
			"rotation": {"angle": 0, "axis": "y", "origin": [16, 0, 0]},
			"faces": {
				"east": {"uv": [15, 15.925, 1, 16], "texture": "#3", "cullface": "down"},
				"west": {"uv": [15, 15.925, 1, 16], "texture": "#3", "cullface": "down"},
				"down": {"uv": [7, 1, 9, 15], "texture": "#1_0", "cullface": "down"}
			}
		},
		{
			"from": [1, 0, 7],
			"to": [15, 0.075, 9],
			"rotation": {"angle": 0, "axis": "y", "origin": [8, 0.0375, 8]},
			"faces": {
				"north": {"uv": [1, 15.925, 15, 16], "texture": "#3", "cullface": "down"},
				"south": {"uv": [1, 15.925, 15, 16], "texture": "#3", "cullface": "down"},
				"down": {"uv": [1, 7, 15, 9], "texture": "#1_0", "cullface": "down"}
			}
		}
	],
	"display": {
		"thirdperson_righthand": {
			"rotation": [75, 45, 0],
			"translation": [0, 2.5, 0],
			"scale": [0.375, 0.375, 0.375]
		},
		"thirdperson_lefthand": {
			"rotation": [75, 45, 0],
			"translation": [0, 2.5, 0],
			"scale": [-0.375, 0.375, 0.375]
		},
		"firstperson_righthand": {
			"rotation": [0, 45, 0],
			"scale": [0.4, 0.4, 0.4]
		},
		"firstperson_lefthand": {
			"rotation": [0, 225, 0],
			"scale": [0.4, 0.4, 0.4]
		},
		"ground": {
			"translation": [0, 3, 0],
			"scale": [0.25, 0.25, 0.25]
		},
		"gui": {
			"rotation": [30, 135, 0],
			"scale": [0.625, 0.625, 0.625]
		},
		"fixed": {
			"scale": [0.5, 0.5, 0.5]
		}
	},
	"groups": [
		{
			"name": "grooves",
			"origin": [8, 8, 8],
			"color": 0,
			"children": [0, 1, 2, 3, 4,
				{
					"name": "studs",
					"origin": [8, 8, 8],
					"color": 0,
					"children": [
						{
							"name": "stud",
							"origin": [8, 8, 8],
							"color": 0,
							"children": [5, 6, 7, 8, 9, 10, 11, 12]
						},
						{
							"name": "stud",
							"origin": [8, 8, 8],
							"color": 0,
							"children": [13, 14, 15, 16, 17, 18, 19, 20]
						}
					]
				}
			]
		},
		{
			"name": "grooves",
			"origin": [8, 8, 8],
			"color": 0,
			"children": [21, 22, 23, 24, 25, 26,
				{
					"name": "studs",
					"origin": [8, 8, 8],
					"color": 0,
					"children": [
						{
							"name": "stud",
							"origin": [8, 8, 8],
							"color": 0,
							"children": [27, 28, 29, 30, 31, 32, 33, 34]
						},
						{
							"name": "stud",
							"origin": [8, 8, 8],
							"color": 0,
							"children": [35, 36, 37, 38, 39, 40, 41, 42]
						}
					]
				}
			]
		},
		{
			"name": "block",
			"origin": [8, 8, 8],
			"color": 0,
			"children": [43, 44, 45, 46, 47, 48, 49, 50, 51, 52, 53, 54]
		}
	]
}