{
	"credit": "AlexTestria | https://alex-bauerndistel.de",
	"textures": {
		"particle": "#0"
	},
	"elements": [
		{
			"from": [8, 13.3332, 0],
			"to": [16, 13.4082, 16],
			"rotation": {"angle": 0, "axis": "y", "origin": [16, 10.6532, 0]},
			"faces": {
				"north": {"uv": [0, 1, 8, 1.075], "texture": "#1", "cullface": "north"},
				"east": {"uv": [0, 1, 16, 1.075], "texture": "#1", "cullface": "east"},
				"south": {"uv": [8, 1, 16, 1.075], "texture": "#1", "cullface": "south"},
				"west": {"uv": [0, 1, 16, 1.075], "texture": "#1"}
			}
		},
		{
			"from": [8, 13.4082, 0],
			"to": [16, 16, 16],
			"rotation": {"angle": 0, "axis": "y", "origin": [12, 14.7041, 8]},
			"faces": {
				"north": {"uv": [0, 0, 8, 2.5918], "texture": "#4", "cullface": "north"},
				"east": {"uv": [0, 0, 16, 2.6168], "texture": "#4", "cullface": "east"},
				"south": {"uv": [8, 0, 16, 2.5918], "texture": "#4", "cullface": "south"},
				"west": {"uv": [0, 0, 16, 2.5918], "texture": "#4"},
				"up": {"uv": [8, 0, 16, 16], "texture": "#4", "cullface": "up"}
			}
		},
		{
			"from": [0, 5.4084, 0],
			"to": [16, 8.0002, 16],
			"rotation": {"angle": 0, "axis": "y", "origin": [8, 6.7043, 8]},
			"faces": {
				"north": {"uv": [0, 0, 16, 2.6168], "texture": "#0", "cullface": "north"},
				"east": {"uv": [0, 0, 16, 2.6168], "texture": "#0", "cullface": "east"},
				"south": {"uv": [0, 0, 16, 2.6168], "texture": "#0", "cullface": "south"},
				"west": {"uv": [0, 0, 16, 2.6168], "texture": "#0", "cullface": "west"},
				"up": {"uv": [0, 0, 16, 16], "texture": "#0"}
			}
		},
		{
			"from": [0, 2.7416, 0],
			"to": [16, 5.3334, 16],
			"rotation": {"angle": 0, "axis": "y", "origin": [16, 2.6666, 0]},
			"faces": {
				"north": {"uv": [0, 0, 16, 2.6168], "texture": "#0", "cullface": "north"},
				"east": {"uv": [0, 0, 16, 2.6168], "texture": "#0", "cullface": "east"},
				"south": {"uv": [0, 0, 16, 2.6168], "texture": "#0", "cullface": "south"},
				"west": {"uv": [0, 0, 16, 2.6168], "texture": "#0", "cullface": "west"}
			}
		},
		{
			"from": [8, 10.742, 0],
			"to": [16, 13.3338, 16],
			"rotation": {"angle": 0, "axis": "y", "origin": [16, 10.667, 0]},
			"faces": {
				"north": {"uv": [0, 0, 8, 2.5918], "texture": "#3", "cullface": "north"},
				"east": {"uv": [0, 0, 16, 2.6168], "texture": "#3", "cullface": "east"},
				"south": {"uv": [8, 0, 16, 2.5918], "texture": "#3", "cullface": "south"},
				"west": {"uv": [0, 0, 16, 2.5918], "texture": "#3"}
			}
		},
		{
			"from": [8, 10.667, 0],
			"to": [16, 10.742, 16],
			"rotation": {"angle": 0, "axis": "y", "origin": [16, 7.987, 0]},
			"faces": {
				"north": {"uv": [0, 1, 8, 1.075], "texture": "#1", "cullface": "north"},
				"east": {"uv": [0, 1, 16, 1.075], "texture": "#1", "cullface": "east"},
				"south": {"uv": [8, 1, 16, 1.075], "texture": "#1", "cullface": "south"},
				"west": {"uv": [0, 1, 16, 1.075], "texture": "#1"}
			}
		},
		{
			"from": [8, 8.0752, 0],
			"to": [16, 10.667, 16],
			"rotation": {"angle": 0, "axis": "y", "origin": [16, 8.0002, 0]},
			"faces": {
				"north": {"uv": [0, 0, 8, 2.5918], "texture": "#3", "cullface": "north"},
				"east": {"uv": [0, 0, 16, 2.6168], "texture": "#3", "cullface": "east"},
				"south": {"uv": [8, 0, 16, 2.5918], "texture": "#3", "cullface": "south"},
				"west": {"uv": [0, 0, 16, 2.5918], "texture": "#3"}
			}
		},
		{
			"from": [8, 8.0002, 0],
			"to": [16, 8.0752, 16],
			"rotation": {"angle": 0, "axis": "y", "origin": [16, 5.3336, 0]},
			"faces": {
				"north": {"uv": [0, 1, 8, 1.075], "texture": "#1", "cullface": "north"},
				"east": {"uv": [0, 1, 16, 1.075], "texture": "#1", "cullface": "east"},
				"south": {"uv": [8, 1, 16, 1.075], "texture": "#1", "cullface": "south"},
				"west": {"uv": [0, 1, 16, 1.075], "texture": "#1"}
			}
		},
		{
			"from": [0, 0.075, 0],
			"to": [16, 2.6666, 16],
			"rotation": {"angle": 0, "axis": "y", "origin": [16, 0, 0]},
			"faces": {
				"north": {"uv": [0, 0, 16, 2.5916], "texture": "#2", "cullface": "north"},
				"east": {"uv": [0, 0, 16, 2.5916], "texture": "#2", "cullface": "east"},
				"south": {"uv": [0, 0, 16, 2.5916], "texture": "#2", "cullface": "south"},
				"west": {"uv": [0, 0, 16, 2.5916], "texture": "#2", "cullface": "west"}
			}
		},
		{
			"from": [0, 0, 0],
			"to": [16, 0.075, 1],
			"rotation": {"angle": 0, "axis": "y", "origin": [16, 0, 0]},
			"faces": {
				"north": {"uv": [0, 1, 16, 1.075], "texture": "#1", "cullface": "north"},
				"south": {"uv": [0, 1, 16, 1.075], "texture": "#1", "cullface": "down"},
				"down": {"uv": [0, 15, 16, 16], "texture": "#1", "cullface": "down"}
			}
		},
		{
			"from": [15, 2.6666, 15],
			"to": [1, 0.075, 1],
			"rotation": {"angle": 0, "axis": "y", "origin": [31, 2.5916, 15]},
			"faces": {
				"north": {"uv": [1, 0, 15, 2.5916], "texture": "#2", "cullface": "down"},
				"east": {"uv": [1, 0, 15, 2.5916], "texture": "#2", "cullface": "down"},
				"south": {"uv": [1, 0, 15, 2.5916], "texture": "#2", "cullface": "down"},
				"west": {"uv": [1, 0, 15, 2.5916], "texture": "#2", "cullface": "down"}
			}
		},
		{
			"from": [15, 0, 0],
			"to": [16, 0.075, 16],
			"rotation": {"angle": 0, "axis": "y", "origin": [16, 0, 0]},
			"faces": {
				"east": {"uv": [0, 1, 16, 1.075], "texture": "#1", "cullface": "east"},
				"west": {"uv": [0, 1, 16, 1.075], "texture": "#1", "cullface": "down"},
				"down": {"uv": [15, 0, 16, 16], "texture": "#1", "cullface": "down"}
			}
		},
		{
			"from": [0, 0, 15],
			"to": [16, 0.075, 16],
			"rotation": {"angle": 0, "axis": "y", "origin": [16, 0, 0]},
			"faces": {
				"north": {"uv": [0, 1, 16, 1.075], "texture": "#1", "cullface": "down"},
				"south": {"uv": [0, 1, 16, 1.075], "texture": "#1", "cullface": "south"},
				"down": {"uv": [0, 0, 16, 1], "texture": "#1", "cullface": "down"}
			}
		},
		{
			"from": [0, 2.6666, 0],
			"to": [16, 2.7416, 16],
			"rotation": {"angle": 0, "axis": "y", "origin": [16, 0, 0]},
			"faces": {
				"north": {"uv": [0, 1, 16, 1.075], "texture": "#1", "cullface": "north"},
				"east": {"uv": [0, 1, 16, 1.075], "texture": "#1", "cullface": "east"},
				"south": {"uv": [0, 1, 16, 1.075], "texture": "#1", "cullface": "south"},
				"west": {"uv": [0, 1, 16, 1.075], "texture": "#1", "cullface": "west"},
				"down": {"uv": [0, 0, 16, 16], "texture": "#2", "cullface": "down"}
			}
		},
		{
			"from": [0, 5.3334, 0],
			"to": [16, 5.4084, 16],
			"rotation": {"angle": 0, "axis": "y", "origin": [16, 2.6534, 0]},
			"faces": {
				"north": {"uv": [0, 1, 16, 1.075], "texture": "#1", "cullface": "north"},
				"east": {"uv": [0, 1, 16, 1.075], "texture": "#1", "cullface": "east"},
				"south": {"uv": [0, 1, 16, 1.075], "texture": "#1", "cullface": "south"},
				"west": {"uv": [0, 1, 16, 1.075], "texture": "#1", "cullface": "west"}
			}
		},
		{
			"from": [0, 0, 0],
			"to": [1, 0.075, 16],
			"rotation": {"angle": 0, "axis": "y", "origin": [16, 0, 0]},
			"faces": {
				"east": {"uv": [0, 1, 16, 1.075], "texture": "#1", "cullface": "down"},
				"west": {"uv": [0, 1, 16, 1.075], "texture": "#1", "cullface": "west"},
				"down": {"uv": [0, 0, 1, 16], "texture": "#1", "cullface": "down"}
			}
		},
		{
			"from": [7.30381, 0.075, 4.5],
			"to": [8.69619, 2.75, 5.5],
			"rotation": {"angle": -45, "axis": "y", "origin": [8, 8, 8]},
			"faces": {
				"north": {"uv": [1, 2.675, 2.39238, 0], "texture": "#2", "cullface": "down"},
				"south": {"uv": [1, 2.675, 2.39238, 0], "texture": "#2", "cullface": "down"},
				"down": {"uv": [1, 1, 2.39238, 2], "texture": "#2", "cullface": "down"}
			}
		},
		{
			"from": [7.30381, 0.075, 4.5],
			"to": [8.69619, 2.75, 5.5],
			"rotation": {"angle": -22.5, "axis": "y", "origin": [8, 8, 8]},
			"faces": {
				"north": {"uv": [1, 2.675, 2.39238, 0], "texture": "#2", "cullface": "down"},
				"south": {"uv": [1, 2.675, 2.39238, 0], "texture": "#2", "cullface": "down"},
				"down": {"uv": [1, 1, 2.39238, 2], "texture": "#2", "cullface": "down"}
			}
		},
		{
			"from": [7.30381, 0.075, 4.5],
			"to": [8.69619, 2.75, 5.5],
			"rotation": {"angle": 22.5, "axis": "y", "origin": [8, 8, 8]},
			"faces": {
				"north": {"uv": [1, 2.675, 2.39238, 0], "texture": "#2", "cullface": "down"},
				"south": {"uv": [1, 1, 2.39238, 3.675], "texture": "#2", "cullface": "down"},
				"down": {"uv": [1, 1, 2.39238, 2], "texture": "#2", "cullface": "down"}
			}
		},
		{
			"from": [7.30381, 0.075, 4.5],
			"to": [8.69619, 2.75, 5.5],
			"rotation": {"angle": 45, "axis": "y", "origin": [8, 8, 8]},
			"faces": {
				"north": {"uv": [1, 2.675, 2.39238, 0], "texture": "#2", "cullface": "down"},
				"south": {"uv": [1, 2.675, 2.39238, 0], "texture": "#2", "cullface": "down"},
				"down": {"uv": [1, 1, 2.39238, 2], "texture": "#2", "cullface": "down"}
			}
		},
		{
			"from": [7.30381, 0.075, 4.5],
			"to": [8.69619, 2.75, 5.5],
			"rotation": {"angle": 0, "axis": "y", "origin": [8, 8, 8]},
			"faces": {
				"north": {"uv": [1, 2.675, 2.39238, 0], "texture": "#2", "cullface": "down"},
				"south": {"uv": [1, 2.675, 2.39238, 0], "texture": "#2", "cullface": "down"},
				"down": {"uv": [1, 1, 2.39238, 2], "texture": "#2", "cullface": "down"}
			}
		},
		{
			"from": [7.30381, 0.075, 10.5],
			"to": [8.69619, 2.75, 11.5],
			"rotation": {"angle": -22.5, "axis": "y", "origin": [8, 8, 8]},
			"faces": {
				"north": {"uv": [1, 2.675, 2.39238, 0], "texture": "#2", "cullface": "down"},
				"south": {"uv": [1, 2.675, 2.39238, 0], "texture": "#2", "cullface": "down"},
				"down": {"uv": [1, 1, 2.39238, 2], "texture": "#2", "cullface": "down"}
			}
		},
		{
			"from": [7.30381, 0.075, 10.5],
			"to": [8.69619, 2.75, 11.5],
			"rotation": {"angle": -45, "axis": "y", "origin": [8, 8, 8]},
			"faces": {
				"north": {"uv": [1, 2.675, 2.39238, 0], "texture": "#2", "cullface": "down"},
				"south": {"uv": [1, 2.675, 2.39238, 0], "texture": "#2", "cullface": "down"},
				"down": {"uv": [1, 1, 2.39238, 2], "texture": "#2", "cullface": "down"}
			}
		},
		{
			"from": [7.30381, 0.075, 10.5],
			"to": [8.69619, 2.75, 11.5],
			"rotation": {"angle": 22.5, "axis": "y", "origin": [8, 8, 8]},
			"faces": {
				"north": {"uv": [1, 2.675, 2.39238, 0], "texture": "#2", "cullface": "down"},
				"south": {"uv": [1, 2.675, 2.39238, 0], "texture": "#2", "cullface": "down"},
				"down": {"uv": [1, 1, 2.39238, 2], "texture": "#2", "cullface": "down"}
			}
		},
		{
			"from": [7.30381, 0.075, 10.5],
			"to": [8.69619, 2.75, 11.5],
			"rotation": {"angle": 0, "axis": "y", "origin": [8, 8, 8]},
			"faces": {
				"north": {"uv": [1, 2.675, 2.39238, 0], "texture": "#2", "cullface": "down"},
				"south": {"uv": [1, 2.675, 2.39238, 0], "texture": "#2", "cullface": "down"},
				"down": {"uv": [1, 1, 2.39238, 2], "texture": "#2", "cullface": "down"}
			}
		},
		{
			"from": [7.30381, 0.075, 10.5],
			"to": [8.69619, 2.75, 11.5],
			"rotation": {"angle": 45, "axis": "y", "origin": [8, 8, 8]},
			"faces": {
				"north": {"uv": [1, 2.675, 2.39238, 0], "texture": "#2", "cullface": "down"},
				"south": {"uv": [1, 2.675, 2.39238, 0], "texture": "#2", "cullface": "down"},
				"down": {"uv": [1, 1, 2.39238, 2], "texture": "#2", "cullface": "down"}
			}
		},
		{
			"from": [4.5, 0.075, 7.30381],
			"to": [5.5, 2.75, 8.69619],
			"rotation": {"angle": -22.5, "axis": "y", "origin": [8, 8, 8]},
			"faces": {
				"east": {"uv": [1, 2.675, 2.39238, 0], "texture": "#2", "cullface": "down"},
				"west": {"uv": [1, 2.675, 2.39238, 0], "texture": "#2", "cullface": "down"},
				"down": {"uv": [1, 1, 2, 2.39238], "texture": "#2", "cullface": "down"}
			}
		},
		{
			"from": [4.5, 0.075, 7.30381],
			"to": [5.5, 2.75, 8.69619],
			"rotation": {"angle": 0, "axis": "y", "origin": [8, 8, 8]},
			"faces": {
				"east": {"uv": [1, 2.675, 2.39238, 0], "texture": "#2", "cullface": "down"},
				"west": {"uv": [1, 2.675, 2.39238, 0], "texture": "#2", "cullface": "down"},
				"down": {"uv": [1, 1, 2, 2.39238], "texture": "#2", "cullface": "down"}
			}
		},
		{
			"from": [4.5, 0.075, 7.30381],
			"to": [5.5, 2.75, 8.69619],
			"rotation": {"angle": 22.5, "axis": "y", "origin": [8, 8, 8]},
			"faces": {
				"east": {"uv": [1, 2.675, 2.39238, 0], "texture": "#2", "cullface": "down"},
				"west": {"uv": [1, 2.675, 2.39238, 0], "texture": "#2", "cullface": "down"},
				"down": {"uv": [1, 1, 2, 2.39238], "texture": "#2", "cullface": "down"}
			}
		},
		{
			"from": [10.5, 0.075, 7.30381],
			"to": [11.5, 2.75, 8.69619],
			"rotation": {"angle": -22.5, "axis": "y", "origin": [8, 8, 8]},
			"faces": {
				"east": {"uv": [1, 2.675, 2.39238, 0], "texture": "#2", "cullface": "down"},
				"west": {"uv": [1, 2.675, 2.39238, 0], "texture": "#2", "cullface": "down"},
				"down": {"uv": [1, 1, 2, 2.39238], "texture": "#2", "cullface": "down"}
			}
		},
		{
			"from": [10.5, 0.075, 7.30381],
			"to": [11.5, 2.75, 8.69619],
			"rotation": {"angle": 0, "axis": "y", "origin": [8, 8, 8]},
			"faces": {
				"east": {"uv": [1, 2.675, 2.39238, 0], "texture": "#2", "cullface": "down"},
				"west": {"uv": [1, 2.675, 2.39238, 0], "texture": "#2", "cullface": "down"},
				"down": {"uv": [1, 1, 2, 2.39238], "texture": "#2", "cullface": "down"}
			}
		},
		{
			"from": [10.5, 0.075, 7.30381],
			"to": [11.5, 2.75, 8.69619],
			"rotation": {"angle": 22.5, "axis": "y", "origin": [8, 8, 8]},
			"faces": {
				"east": {"uv": [1, 2.675, 2.39238, 0], "texture": "#2", "cullface": "down"},
				"west": {"uv": [1, 2.675, 2.39238, 0], "texture": "#2", "cullface": "down"},
				"down": {"uv": [1, 1, 2, 2.39238], "texture": "#2", "cullface": "down"}
			}
		}
	],
	"display": {
		"thirdperson_righthand": {
			"rotation": [75, 45, 0],
			"translation": [0, 2.5, 0],
			"scale": [0.375, 0.375, 0.375]
		},
		"thirdperson_lefthand": {
			"rotation": [75, 45, 0],
			"translation": [0, 2.5, 0],
			"scale": [-0.375, 0.375, 0.375]
		},
		"firstperson_righthand": {
			"rotation": [0, 45, 0],
			"scale": [0.4, 0.4, 0.4]
		},
		"firstperson_lefthand": {
			"rotation": [0, 225, 0],
			"scale": [0.4, 0.4, 0.4]
		},
		"ground": {
			"translation": [0, 3, 0],
			"scale": [0.25, 0.25, 0.25]
		},
		"gui": {
			"rotation": [30, 135, 0],
			"scale": [0.625, 0.625, 0.625]
		},
		"fixed": {
			"scale": [0.5, 0.5, 0.5]
		}
	},
	"groups": [0, 1, 2, 3, 4, 5, 6, 7, 8, 9, 10, 11, 12, 13, 14, 15,
		{
			"name": "circle_bottom",
			"origin": [8, 8, 8],
			"color": 0,
			"children": [16, 17, 18, 19, 20, 21, 22, 23, 24, 25, 26, 27, 28, 29, 30, 31]
		}
	]
}