{
	"credit": "AlexTestria | https://alex-bauerndistel.de",
	"textures": {
		"particle": "#0"
	},
	"elements": [
		{
			"from": [8, 13.3332, 0],
			"to": [16, 13.4082, 16],
			"rotation": {"angle": 0, "axis": "y", "origin": [16, 10.6532, 0]},
			"faces": {
				"north": {"uv": [0, 1, 8, 1.075], "texture": "#1", "cullface": "north"},
				"east": {"uv": [0, 1, 16, 1.075], "texture": "#1", "cullface": "east"},
				"south": {"uv": [8, 1, 16, 1.075], "texture": "#1", "cullface": "south"},
				"west": {"uv": [0, 1, 16, 1.075], "texture": "#1"}
			}
		},
		{
			"from": [8, 13.4082, 0],
			"to": [16, 16, 16],
			"rotation": {"angle": 0, "axis": "y", "origin": [12, 14.7041, 8]},
			"faces": {
				"north": {"uv": [0, 0, 8, 2.5918], "texture": "#4", "cullface": "north"},
				"east": {"uv": [0, 0, 16, 2.6168], "texture": "#4", "cullface": "east"},
				"south": {"uv": [8, 0, 16, 2.5918], "texture": "#4", "cullface": "south"},
				"west": {"uv": [0, 0, 16, 2.5918], "texture": "#4"},
				"up": {"uv": [8, 0, 16, 16], "texture": "#4", "cullface": "up"}
			}
		},
		{
			"from": [0, 5.4084, 0],
			"to": [16, 8.0002, 16],
			"rotation": {"angle": 0, "axis": "y", "origin": [8, 6.7043, 8]},
			"faces": {
				"north": {"uv": [0, 0, 16, 2.6168], "texture": "#0", "cullface": "north"},
				"east": {"uv": [0, 0, 16, 2.6168], "texture": "#0", "cullface": "east"},
				"south": {"uv": [0, 0, 16, 2.6168], "texture": "#0", "cullface": "south"},
				"west": {"uv": [0, 0, 16, 2.6168], "texture": "#0", "cullface": "west"},
				"up": {"uv": [0, 0, 16, 16], "texture": "#0"}
			}
		},
		{
			"from": [0, 2.7416, 0],
			"to": [16, 5.3334, 16],
			"rotation": {"angle": 0, "axis": "y", "origin": [16, 2.6666, 0]},
			"faces": {
				"north": {"uv": [0, 0, 16, 2.6168], "texture": "#0", "cullface": "north"},
				"east": {"uv": [0, 0, 16, 2.6168], "texture": "#0", "cullface": "east"},
				"south": {"uv": [0, 0, 16, 2.6168], "texture": "#0", "cullface": "south"},
				"west": {"uv": [0, 0, 16, 2.6168], "texture": "#0", "cullface": "west"}
			}
		},
		{
			"from": [8, 10.742, 0],
			"to": [16, 13.3338, 16],
			"rotation": {"angle": 0, "axis": "y", "origin": [16, 10.667, 0]},
			"faces": {
				"north": {"uv": [0, 0, 8, 2.5918], "texture": "#3", "cullface": "north"},
				"east": {"uv": [0, 0, 16, 2.6168], "texture": "#3", "cullface": "east"},
				"south": {"uv": [8, 0, 16, 2.5918], "texture": "#3", "cullface": "south"},
				"west": {"uv": [0, 0, 16, 2.5918], "texture": "#3"}
			}
		},
		{
			"from": [8, 10.667, 0],
			"to": [16, 10.742, 16],
			"rotation": {"angle": 0, "axis": "y", "origin": [16, 7.987, 0]},
			"faces": {
				"north": {"uv": [0, 1, 8, 1.075], "texture": "#1", "cullface": "north"},
				"east": {"uv": [0, 1, 16, 1.075], "texture": "#1", "cullface": "east"},
				"south": {"uv": [8, 1, 16, 1.075], "texture": "#1", "cullface": "south"},
				"west": {"uv": [0, 1, 16, 1.075], "texture": "#1"}
			}
		},
		{
			"from": [8, 8.0752, 0],
			"to": [16, 10.667, 16],
			"rotation": {"angle": 0, "axis": "y", "origin": [16, 8.0002, 0]},
			"faces": {
				"north": {"uv": [0, 0, 8, 2.5918], "texture": "#3", "cullface": "north"},
				"east": {"uv": [0, 0, 16, 2.6168], "texture": "#3", "cullface": "east"},
				"south": {"uv": [8, 0, 16, 2.5918], "texture": "#3", "cullface": "south"},
				"west": {"uv": [0, 0, 16, 2.5918], "texture": "#3"}
			}
		},
		{
			"from": [8, 8.0002, 0],
			"to": [16, 8.0752, 16],
			"rotation": {"angle": 0, "axis": "y", "origin": [16, 5.3336, 0]},
			"faces": {
				"north": {"uv": [0, 1, 8, 1.075], "texture": "#1", "cullface": "north"},
				"east": {"uv": [0, 1, 16, 1.075], "texture": "#1", "cullface": "east"},
				"south": {"uv": [8, 1, 16, 1.075], "texture": "#1", "cullface": "south"},
				"west": {"uv": [0, 1, 16, 1.075], "texture": "#1"}
			}
		},
		{
			"from": [0, 0.075, 0],
			"to": [16, 2.6666, 16],
			"rotation": {"angle": 0, "axis": "y", "origin": [16, 0, 0]},
			"faces": {
				"north": {"uv": [0, 0, 16, 2.5916], "texture": "#2", "cullface": "north"},
				"east": {"uv": [0, 0, 16, 2.5916], "texture": "#2", "cullface": "east"},
				"south": {"uv": [0, 0, 16, 2.5916], "texture": "#2", "cullface": "south"},
				"west": {"uv": [0, 0, 16, 2.5916], "texture": "#2", "cullface": "west"}
			}
		},
		{
			"from": [1, 0, 0],
			"to": [15, 0.075, 1],
			"rotation": {"angle": 0, "axis": "y", "origin": [16, 0, 0]},
			"faces": {
				"north": {"uv": [1, 1, 15, 1.075], "texture": "#1", "cullface": "north"},
				"south": {"uv": [1, 1, 15, 1.075], "texture": "#1", "cullface": "down"},
				"down": {"uv": [0, 0, 1, 14], "rotation": 270, "texture": "#1", "cullface": "down"}
			}
		},
		{
			"from": [15, 2.6666, 15],
			"to": [1, 0.075, 1],
			"rotation": {"angle": 0, "axis": "y", "origin": [31, 2.5916, 15]},
			"faces": {
				"north": {"uv": [0, 2.5916, 16, 0], "texture": "#2", "cullface": "down"},
				"east": {"uv": [0, 2.5916, 16, 0], "texture": "#2", "cullface": "down"},
				"south": {"uv": [0, 2.5916, 16, 0], "texture": "#2", "cullface": "down"},
				"west": {"uv": [0, 2.5916, 16, 0], "texture": "#2", "cullface": "down"}
			}
		},
		{
			"from": [15, 0, 0],
			"to": [16, 0.075, 16],
			"rotation": {"angle": 0, "axis": "y", "origin": [16, 0, 0]},
			"faces": {
				"north": {"uv": [1, 1, 2, 1.075], "texture": "#1", "cullface": "north"},
				"east": {"uv": [0, 1, 16, 1.075], "texture": "#1", "cullface": "east"},
				"south": {"uv": [14, 1, 15, 1.075], "texture": "#1", "cullface": "south"},
				"west": {"uv": [0, 1, 16, 1.075], "texture": "#1", "cullface": "down"},
				"down": {"uv": [0, 0, 16, 1], "rotation": 270, "texture": "#1", "cullface": "down"}
			}
		},
		{
			"from": [1, 0, 15],
			"to": [15, 0.075, 16],
			"rotation": {"angle": 0, "axis": "y", "origin": [16, 0, 0]},
			"faces": {
				"north": {"uv": [1, 1, 15, 1.075], "texture": "#1", "cullface": "down"},
				"south": {"uv": [1, 1, 15, 1.075], "texture": "#1", "cullface": "south"},
				"down": {"uv": [0, 0, 1, 14], "rotation": 270, "texture": "#1", "cullface": "down"}
			}
		},
		{
			"from": [0, 2.6666, 0],
			"to": [16, 2.7416, 16],
			"rotation": {"angle": 0, "axis": "y", "origin": [16, 0, 0]},
			"faces": {
				"north": {"uv": [0, 1, 16, 1.075], "texture": "#1", "cullface": "north"},
				"east": {"uv": [0, 1, 16, 1.075], "texture": "#1", "cullface": "east"},
				"south": {"uv": [0, 1, 16, 1.075], "texture": "#1", "cullface": "south"},
				"west": {"uv": [0, 1, 16, 1.075], "texture": "#1", "cullface": "west"},
				"down": {"uv": [0, 0, 16, 16], "texture": "#2", "cullface": "down"}
			}
		},
		{
			"from": [0, 5.3334, 0],
			"to": [16, 5.4084, 16],
			"rotation": {"angle": 0, "axis": "y", "origin": [16, 2.6534, 0]},
			"faces": {
				"north": {"uv": [0, 1, 16, 1.075], "texture": "#1", "cullface": "north"},
				"east": {"uv": [0, 1, 16, 1.075], "texture": "#1", "cullface": "east"},
				"south": {"uv": [0, 1, 16, 1.075], "texture": "#1", "cullface": "south"},
				"west": {"uv": [0, 1, 16, 1.075], "texture": "#1", "cullface": "west"}
			}
		},
		{
			"from": [0, 0, 0],
			"to": [1, 0.075, 16],
			"rotation": {"angle": 0, "axis": "y", "origin": [16, 0, 0]},
			"faces": {
				"north": {"uv": [14, 1, 15, 1.075], "texture": "#1", "cullface": "north"},
				"east": {"uv": [0, 1, 16, 1.075], "texture": "#1", "cullface": "down"},
				"south": {"uv": [1, 1, 2, 1.075], "texture": "#1", "cullface": "south"},
				"west": {"uv": [0, 1, 16, 1.075], "texture": "#1", "cullface": "west"},
				"down": {"uv": [0, 0, 16, 1], "rotation": 270, "texture": "#1", "cullface": "down"}
			}
		},
		{
			"from": [0, 13.4082, 8],
			"to": [8, 16, 16],
			"rotation": {"angle": 0, "axis": "y", "origin": [16, 13.3332, 0]},
			"faces": {
				"north": {"uv": [8, 0, 16, 2.5918], "texture": "#4"},
				"south": {"uv": [0, 0, 8, 2.5918], "texture": "#4", "cullface": "south"},
				"west": {"uv": [8, 0, 16, 2.5918], "texture": "#4", "cullface": "west"},
				"up": {"uv": [0, 8, 8, 16], "texture": "#4", "cullface": "up"}
			}
		},
		{
			"from": [0, 13.3332, 8],
			"to": [8, 13.4082, 16],
			"rotation": {"angle": 0, "axis": "y", "origin": [16, 10.6532, 0]},
			"faces": {
				"north": {"uv": [8, 1, 16, 1.075], "texture": "#1"},
				"south": {"uv": [0, 1, 8, 1.075], "texture": "#1", "cullface": "south"},
				"west": {"uv": [8, 1, 16, 1.075], "texture": "#1", "cullface": "west"}
			}
		},
		{
			"from": [0, 10.742, 8],
			"to": [8, 13.3338, 16],
			"rotation": {"angle": 0, "axis": "y", "origin": [16, 10.667, 0]},
			"faces": {
				"north": {"uv": [8, 0, 16, 2.5918], "texture": "#3"},
				"south": {"uv": [0, 0, 8, 2.5918], "texture": "#3", "cullface": "south"},
				"west": {"uv": [8, 0, 16, 2.5918], "texture": "#3", "cullface": "west"}
			}
		},
		{
			"from": [0, 8.0752, 8],
			"to": [8, 10.667, 16],
			"rotation": {"angle": 0, "axis": "y", "origin": [16, 8.0002, 0]},
			"faces": {
				"north": {"uv": [8, 0, 16, 2.5918], "texture": "#3"},
				"south": {"uv": [0, 0, 8, 2.5918], "texture": "#3", "cullface": "south"},
				"west": {"uv": [8, 0, 16, 2.5918], "texture": "#3", "cullface": "west"}
			}
		},
		{
			"from": [0, 10.667, 8],
			"to": [8, 10.742, 16],
			"rotation": {"angle": 0, "axis": "y", "origin": [16, 7.987, 0]},
			"faces": {
				"north": {"uv": [8, 1, 16, 1.075], "texture": "#1"},
				"south": {"uv": [0, 1, 8, 1.075], "texture": "#1", "cullface": "south"},
				"west": {"uv": [8, 1, 16, 1.075], "texture": "#1", "cullface": "west"}
			}
		},
		{
			"from": [0, 8.0002, 8],
			"to": [8, 8.0752, 16],
			"rotation": {"angle": 0, "axis": "y", "origin": [16, 5.3336, 0]},
			"faces": {
				"north": {"uv": [0, 0, 8, 0.075], "texture": "#1"},
				"south": {"uv": [0, 1, 8, 1.075], "texture": "#1", "cullface": "south"},
				"west": {"uv": [8, 1, 16, 1.075], "texture": "#1", "cullface": "west"}
			}
		},
		{
			"from": [10.96447, 16, 1.5],
			"to": [13.03553, 17.25, 6.5],
			"rotation": {"angle": 22.5, "axis": "y", "origin": [12, 16.625, 4]},
			"faces": {
				"north": {"uv": [1, 0, 3.07106, 1.25], "texture": "#4", "cullface": "up"},
				"south": {"uv": [1, 0, 3.07106, 1.25], "texture": "#4", "cullface": "up"},
				"up": {"uv": [1, 1, 3.07106, 6], "texture": "#4", "cullface": "up"}
			}
		},
		{
			"from": [10.96447, 16, 1.5],
			"to": [13.03553, 17.25, 6.5],
			"rotation": {"angle": -22.5, "axis": "y", "origin": [12, 16.625, 4]},
			"faces": {
				"north": {"uv": [1, 0, 3.07106, 1.25], "texture": "#4", "cullface": "up"},
				"south": {"uv": [1, 0, 3.07106, 1.25], "texture": "#4", "cullface": "up"},
				"up": {"uv": [1, 1, 3.07106, 6], "texture": "#4", "cullface": "up"}
			}
		},
		{
			"from": [9.5, 16, 2.96447],
			"to": [14.5, 17.25, 5.03553],
			"rotation": {"angle": 22.5, "axis": "y", "origin": [12, 16.625, 4]},
			"faces": {
				"east": {"uv": [1, 0, 3.07106, 1.25], "texture": "#4", "cullface": "up"},
				"west": {"uv": [1, 0, 3.07106, 1.25], "texture": "#4", "cullface": "up"},
				"up": {"uv": [1, 1, 6, 3.07106], "texture": "#4", "cullface": "up"}
			}
		},
		{
			"from": [9.5, 16, 2.96447],
			"to": [14.5, 17.25, 5.03553],
			"rotation": {"angle": -22.5, "axis": "y", "origin": [12, 16.625, 4]},
			"faces": {
				"east": {"uv": [1, 0, 3.07106, 1.25], "texture": "#4", "cullface": "up"},
				"west": {"uv": [1, 0, 3.07106, 1.25], "texture": "#4", "cullface": "up"},
				"up": {"uv": [1, 1, 6, 3.07106], "texture": "#4", "cullface": "up"}
			}
		},
		{
			"from": [10.96447, 16, 9.5],
			"to": [13.03553, 17.25, 14.5],
			"rotation": {"angle": 22.5, "axis": "y", "origin": [12, 16.625, 12]},
			"faces": {
				"north": {"uv": [1, 0, 3.07106, 1.25], "texture": "#4", "cullface": "up"},
				"south": {"uv": [1, 0, 3.07106, 1.25], "texture": "#4", "cullface": "up"},
				"up": {"uv": [1, 1, 3.07106, 6], "texture": "#4", "cullface": "up"}
			}
		},
		{
			"from": [10.96447, 16, 9.5],
			"to": [13.03553, 17.25, 14.5],
			"rotation": {"angle": -22.5, "axis": "y", "origin": [12, 16.625, 12]},
			"faces": {
				"north": {"uv": [1, 0, 3.07106, 1.25], "texture": "#4", "cullface": "up"},
				"south": {"uv": [1, 0, 3.07106, 1.25], "texture": "#4", "cullface": "up"},
				"up": {"uv": [1, 1, 3.07106, 6], "texture": "#4", "cullface": "up"}
			}
		},
		{
			"from": [9.5, 16, 10.96447],
			"to": [14.5, 17.25, 13.03553],
			"rotation": {"angle": 22.5, "axis": "y", "origin": [12, 16.625, 12]},
			"faces": {
				"east": {"uv": [1, 0, 3.07106, 1.25], "texture": "#4", "cullface": "up"},
				"west": {"uv": [1, 0, 3.07106, 1.25], "texture": "#4", "cullface": "up"},
				"up": {"uv": [1, 1, 6, 3.07106], "texture": "#4", "cullface": "up"}
			}
		},
		{
			"from": [9.5, 16, 10.96447],
			"to": [14.5, 17.25, 13.03553],
			"rotation": {"angle": -22.5, "axis": "y", "origin": [12, 16.625, 12]},
			"faces": {
				"east": {"uv": [1, 0, 3.07106, 1.25], "texture": "#4", "cullface": "up"},
				"west": {"uv": [1, 0, 3.07106, 1.25], "texture": "#4", "cullface": "up"},
				"up": {"uv": [1, 1, 6, 3.07106], "texture": "#4", "cullface": "up"}
			}
		},
		{
			"from": [2.96447, 16, 9.5],
			"to": [5.03553, 17.25, 14.5],
			"rotation": {"angle": 22.5, "axis": "y", "origin": [4, 16.625, 12]},
			"faces": {
				"north": {"uv": [1, 0, 3.07106, 1.25], "texture": "#4", "cullface": "up"},
				"south": {"uv": [1, 0, 3.07106, 1.25], "texture": "#4", "cullface": "up"},
				"up": {"uv": [1, 1, 3.07106, 6], "texture": "#4", "cullface": "up"}
			}
		},
		{
			"from": [2.96447, 16, 9.5],
			"to": [5.03553, 17.25, 14.5],
			"rotation": {"angle": -22.5, "axis": "y", "origin": [4, 16.625, 12]},
			"faces": {
				"north": {"uv": [1, 0, 3.07106, 1.25], "texture": "#4", "cullface": "up"},
				"south": {"uv": [1, 0, 3.07106, 1.25], "texture": "#4", "cullface": "up"},
				"up": {"uv": [1, 1, 3.07106, 6], "texture": "#4", "cullface": "up"}
			}
		},
		{
			"from": [1.5, 16, 10.96447],
			"to": [6.5, 17.25, 13.03553],
			"rotation": {"angle": 22.5, "axis": "y", "origin": [4, 16.625, 12]},
			"faces": {
				"east": {"uv": [1, 0, 3.07106, 1.25], "texture": "#4", "cullface": "up"},
				"west": {"uv": [1, 0, 3.07106, 1.25], "texture": "#4", "cullface": "up"},
				"up": {"uv": [1, 1, 6, 3.07106], "texture": "#4", "cullface": "up"}
			}
		},
		{
			"from": [1.5, 16, 10.96447],
			"to": [6.5, 17.25, 13.03553],
			"rotation": {"angle": -22.5, "axis": "y", "origin": [4, 16.625, 12]},
			"faces": {
				"east": {"uv": [1, 0, 3.07106, 1.25], "texture": "#4", "cullface": "up"},
				"west": {"uv": [1, 0, 3.07106, 1.25], "texture": "#4", "cullface": "up"},
				"up": {"uv": [1, 1, 6, 3.07106], "texture": "#4", "cullface": "up"}
			}
		},
		{
			"from": [2.96447, 8, 1.5],
			"to": [5.03553, 9.25, 6.5],
			"rotation": {"angle": 22.5, "axis": "y", "origin": [4, 8.625, 4]},
			"faces": {
				"north": {"uv": [1, 0, 3.07106, 1.25], "texture": "#0"},
				"south": {"uv": [1, 0, 3.07106, 1.25], "texture": "#0"},
				"up": {"uv": [1, 1, 3.07106, 6], "texture": "#0"}
			}
		},
		{
			"from": [2.96447, 8, 1.5],
			"to": [5.03553, 9.25, 6.5],
			"rotation": {"angle": -22.5, "axis": "y", "origin": [4, 8.625, 4]},
			"faces": {
				"north": {"uv": [1, 0, 3.07106, 1.25], "texture": "#0"},
				"south": {"uv": [1, 0, 3.07106, 1.25], "texture": "#0"},
				"up": {"uv": [1, 1, 3.07106, 6], "texture": "#0"}
			}
		},
		{
			"from": [1.5, 8, 2.96447],
			"to": [6.5, 9.25, 5.03553],
			"rotation": {"angle": 22.5, "axis": "y", "origin": [4, 8.625, 4]},
			"faces": {
				"east": {"uv": [1, 0, 3.07106, 1.25], "texture": "#0"},
				"south": {"uv": [1, 0, 3.07106, 1.25], "texture": "#0"},
				"west": {"uv": [1, 0, 3.07106, 1.25], "texture": "#0"},
				"up": {"uv": [1, 1, 6, 3.07106], "texture": "#0"}
			}
		},
		{
			"from": [1.5, 8, 2.96447],
			"to": [6.5, 9.25, 5.03553],
			"rotation": {"angle": -22.5, "axis": "y", "origin": [4, 8.625, 4]},
			"faces": {
				"east": {"uv": [1, 0, 3.07106, 1.25], "texture": "#0"},
				"west": {"uv": [1, 0, 3.07106, 1.25], "texture": "#0"},
				"up": {"uv": [1, 1, 6, 3.07106], "texture": "#0"}
			}
		},
		{
			"from": [6.55025, 0.075, 4.5],
			"to": [9.44975, 2.75, 5.5],
			"rotation": {"angle": -22.5, "axis": "y", "origin": [8, 8, 8]},
			"faces": {
				"north": {"uv": [1, 2.675, 3.8995, 0], "texture": "#2", "cullface": "down"},
				"south": {"uv": [1, 2.675, 3.8995, 0], "texture": "#2", "cullface": "down"},
				"down": {"uv": [1, 1, 3.89949, 2], "texture": "#2", "cullface": "down"}
			}
		},
		{
			"from": [6.55025, 0.075, 10.5],
			"to": [9.44975, 2.75, 11.5],
			"rotation": {"angle": 22.5, "axis": "y", "origin": [8, 8, 8]},
			"faces": {
				"north": {"uv": [1, 2.675, 3.8995, 0], "texture": "#2", "cullface": "down"},
				"south": {"uv": [1, 2.675, 3.8995, 0], "texture": "#2", "cullface": "down"},
				"down": {"uv": [1, 1, 3.89949, 2], "texture": "#2", "cullface": "down"}
			}
		},
		{
			"from": [6.55025, 0.075, 10.5],
			"to": [9.44975, 2.75, 11.5],
			"rotation": {"angle": -22.5, "axis": "y", "origin": [8, 8, 8]},
			"faces": {
				"north": {"uv": [1, 2.675, 3.8995, 0], "texture": "#2", "cullface": "down"},
				"south": {"uv": [1, 2.675, 3.8995, 0], "texture": "#2", "cullface": "down"},
				"down": {"uv": [1, 1, 3.89949, 2], "texture": "#2", "cullface": "down"}
			}
		},
		{
			"from": [4.5, 0.075, 6.55025],
			"to": [5.5, 2.75, 9.44975],
			"rotation": {"angle": 22.5, "axis": "y", "origin": [8, 8, 8]},
			"faces": {
				"east": {"uv": [1, 2.675, 3.8995, 0], "texture": "#2", "cullface": "down"},
				"west": {"uv": [1, 2.675, 3.8995, 0], "texture": "#2", "cullface": "down"},
				"down": {"uv": [1, 1, 2, 3.89949], "texture": "#2", "cullface": "down"}
			}
		},
		{
			"from": [4.5, 0.075, 6.55025],
			"to": [5.5, 2.75, 9.44975],
			"rotation": {"angle": -22.5, "axis": "y", "origin": [8, 8, 8]},
			"faces": {
				"east": {"uv": [1, 2.675, 3.8995, 0], "texture": "#2", "cullface": "down"},
				"west": {"uv": [1, 2.675, 3.8995, 0], "texture": "#2", "cullface": "down"},
				"down": {"uv": [1, 1, 2, 3.89949], "texture": "#2", "cullface": "down"}
			}
		},
		{
			"from": [10.5, 0.075, 6.55025],
			"to": [11.5, 2.75, 9.44975],
			"rotation": {"angle": 22.5, "axis": "y", "origin": [8, 8, 8]},
			"faces": {
				"east": {"uv": [1, 2.675, 3.8995, 0], "texture": "#2", "cullface": "down"},
				"west": {"uv": [1, 2.675, 3.8995, 0], "texture": "#2", "cullface": "down"},
				"down": {"uv": [1, 1, 2, 3.89949], "texture": "#2", "cullface": "down"}
			}
		},
		{
			"from": [10.5, 0.075, 6.55025],
			"to": [11.5, 2.75, 9.44975],
			"rotation": {"angle": -22.5, "axis": "y", "origin": [8, 8, 8]},
			"faces": {
				"east": {"uv": [1, 2.675, 3.8995, 0], "texture": "#2", "cullface": "down"},
				"west": {"uv": [1, 2.675, 3.8995, 0], "texture": "#2", "cullface": "down"},
				"down": {"uv": [1, 1, 2, 3.89949], "texture": "#2", "cullface": "down"}
			}
		},
		{
			"from": [6.55025, 0.075, 4.5],
			"to": [9.44975, 2.75, 5.5],
			"rotation": {"angle": 22.5, "axis": "y", "origin": [8, 8, 8]},
			"faces": {
				"north": {"uv": [1, 2.675, 3.8995, 0], "texture": "#2", "cullface": "down"},
				"south": {"uv": [1, 2.675, 3.8995, 0], "texture": "#2", "cullface": "down"},
				"down": {"uv": [1, 1, 3.89949, 2], "texture": "#2", "cullface": "down"}
			}
		}
	],
	"display": {
		"thirdperson_righthand": {
			"rotation": [75, 45, 0],
			"translation": [0, 2.5, 0],
			"scale": [0.375, 0.375, 0.375]
		},
		"thirdperson_lefthand": {
			"rotation": [75, 45, 0],
			"translation": [0, 2.5, 0],
			"scale": [0.375, 0.375, 0.375]
		},
		"firstperson_righthand": {
			"rotation": [0, 45, 0],
			"scale": [0.4, 0.4, 0.4]
		},
		"firstperson_lefthand": {
			"rotation": [0, 225, 0],
			"scale": [0.4, 0.4, 0.4]
		},
		"ground": {
			"translation": [0, 3, 0],
			"scale": [0.25, 0.25, 0.25]
		},
		"gui": {
			"rotation": [30, 225, 0],
			"scale": [0.625, 0.625, 0.625]
		},
		"fixed": {
			"scale": [0.5, 0.5, 0.5]
		}
	},
	"groups": [0, 1, 2, 3, 4, 5, 6, 7, 8, 9, 10, 11, 12, 13, 14, 15, 16, 17, 18, 19, 20, 21,
		{
			"name": "studs",
			"origin": [8, 8, 8],
			"color": 0,
			"children": [
				{
					"name": "stud",
					"origin": [8, 8, 8],
					"color": 0,
					"children": [22, 23, 24, 25]
				},
				{
					"name": "stud",
					"origin": [8, 8, 8],
					"color": 0,
					"children": [26, 27, 28, 29]
				},
				{
					"name": "stud",
					"origin": [8, 8, 8],
					"color": 0,
					"children": [30, 31, 32, 33]
				},
				{
					"name": "stud",
					"origin": [8, 8, 8],
					"color": 0,
					"children": [34, 35, 36, 37]
				}
			]
		},
		{
			"name": "circle_bottom_short",
			"origin": [8, 8, 8],
			"color": 0,
			"children": [
				{
					"name": "circle_bottom",
					"origin": [8, 8, 8],
					"color": 0,
					"children": [38, 39, 40, 41, 42, 43, 44, 45]
				}
			]
		}
	]
}