{
	"credit": "AlexTestria | https://alex-bauerndistel.de",
	"textures": {
		"particle": "#0"
	},
	"elements": [
		{
			"from": [0, 0, 0],
			"to": [1, 0.075, 16],
			"faces": {
				"east": {"uv": [0, 1, 16, 1.075], "texture": "#2", "cullface": "down"},
				"west": {"uv": [0, 1, 16, 1.075], "texture": "#2", "cullface": "west"},
				"down": {"uv": [0, 0, 1, 16], "texture": "#2", "cullface": "down"}
			}
		},
		{
			"from": [0, 0, 0],
			"to": [16, 0.075, 1],
			"faces": {
				"north": {"uv": [0, 1, 16, 1.075], "texture": "#2", "cullface": "north"},
				"south": {"uv": [0, 1, 16, 1.075], "texture": "#2", "cullface": "down"},
				"down": {"uv": [0, 15, 16, 16], "texture": "#2", "cullface": "down"}
			}
		},
		{
			"from": [0, 0, 15],
			"to": [16, 0.075, 16],
			"faces": {
				"north": {"uv": [0, 1, 16, 1.075], "texture": "#2", "cullface": "down"},
				"south": {"uv": [0, 1, 16, 1.075], "texture": "#2", "cullface": "south"},
				"down": {"uv": [0, 0, 16, 1], "texture": "#2", "cullface": "down"}
			}
		},
		{
			"from": [15, 0, 0],
			"to": [16, 0.075, 16],
			"faces": {
				"east": {"uv": [0, 1, 16, 1.075], "texture": "#2", "cullface": "east"},
				"west": {"uv": [0, 1, 16, 1.075], "texture": "#2", "cullface": "down"},
				"down": {"uv": [15, 0, 16, 16], "texture": "#2", "cullface": "down"}
			}
		},
		{
			"from": [14.43934, 2.7416, -0.06066],
			"to": [15.85355, 13.3332, 1.35355],
			"rotation": {"angle": 45, "axis": "y", "origin": [15.5, 10.6166, 1]},
			"faces": {
				"north": {"uv": [1, 1, 2.41421, 11.5916], "texture": "#0", "cullface": "north"},
				"east": {"uv": [1, 1, 2.41421, 11.5916], "texture": "#0", "cullface": "east"}
			}
		},
		{
			"from": [12.43934, 2.7416, -0.06066],
			"to": [13.85355, 13.3332, 1.35355],
			"rotation": {"angle": 45, "axis": "y", "origin": [13.5, 10.6166, 1]},
			"faces": {
				"north": {"uv": [1, 1, 2.41421, 11.5916], "texture": "#0", "cullface": "north"},
				"east": {"uv": [1, 1, 2.41421, 11.5916], "texture": "#0", "cullface": "north"}
			}
		},
		{
			"from": [10.43934, 2.7416, -0.06066],
			"to": [11.85355, 13.3332, 1.35355],
			"rotation": {"angle": 45, "axis": "y", "origin": [11.5, 10.6166, 1]},
			"faces": {
				"north": {"uv": [1, 1, 2.41421, 11.5916], "texture": "#0", "cullface": "north"},
				"east": {"uv": [1, 1, 2.41421, 11.5916], "texture": "#0", "cullface": "north"}
			}
		},
		{
			"from": [8.43934, 2.7416, -0.06066],
			"to": [9.85355, 13.3332, 1.35355],
			"rotation": {"angle": 45, "axis": "y", "origin": [9.5, 10.6166, 1]},
			"faces": {
				"north": {"uv": [1, 1, 2.41421, 11.5916], "texture": "#0", "cullface": "north"},
				"east": {"uv": [1, 1, 2.41421, 11.5916], "texture": "#0", "cullface": "north"}
			}
		},
		{
			"from": [6.43934, 2.7416, -0.06066],
			"to": [7.85355, 13.3332, 1.35355],
			"rotation": {"angle": 45, "axis": "y", "origin": [7.5, 10.6166, 1]},
			"faces": {
				"north": {"uv": [1, 1, 2.41421, 11.5916], "texture": "#0", "cullface": "north"},
				"east": {"uv": [1, 1, 2.41421, 11.5916], "texture": "#0", "cullface": "north"}
			}
		},
		{
			"from": [4.43934, 2.7416, -0.06066],
			"to": [5.85355, 13.3332, 1.35355],
			"rotation": {"angle": 45, "axis": "y", "origin": [5.5, 10.6166, 1]},
			"faces": {
				"north": {"uv": [1, 1, 2.41421, 11.5916], "texture": "#0", "cullface": "north"},
				"east": {"uv": [1, 1, 2.41421, 11.5916], "texture": "#0", "cullface": "north"}
			}
		},
		{
			"from": [2.43934, 2.7416, -0.06066],
			"to": [3.85355, 13.3332, 1.35355],
			"rotation": {"angle": 45, "axis": "y", "origin": [3.5, 10.6166, 1]},
			"faces": {
				"north": {"uv": [1, 1, 2.41421, 11.5916], "texture": "#0", "cullface": "north"},
				"east": {"uv": [1, 1, 2.41421, 11.5916], "texture": "#0", "cullface": "north"}
			}
		},
		{
			"from": [0.43934, 2.7416, -0.06066],
			"to": [1.85355, 13.3332, 1.35355],
			"rotation": {"angle": 45, "axis": "y", "origin": [1.5, 10.6166, 1]},
			"faces": {
				"north": {"uv": [1, 1, 2.41421, 11.5916], "texture": "#0", "cullface": "west"},
				"east": {"uv": [1, 1, 2.41421, 11.5916], "texture": "#0", "cullface": "north"}
			}
		},
		{
			"from": [0.43934, 2.7416, 14.64645],
			"to": [1.85355, 13.3332, 16.06066],
			"rotation": {"angle": -45, "axis": "y", "origin": [1.5, 10.6166, 15]},
			"faces": {
				"east": {"uv": [2.41421, 1, 1, 11.5916], "texture": "#0", "cullface": "south"},
				"south": {"uv": [2.41421, 1, 1, 11.5916], "texture": "#0", "cullface": "west"}
			}
		},
		{
			"from": [2.43934, 2.7416, 14.64645],
			"to": [3.85355, 13.3332, 16.06066],
			"rotation": {"angle": -45, "axis": "y", "origin": [3.5, 10.6166, 15]},
			"faces": {
				"east": {"uv": [2.41421, 1, 1, 11.5916], "texture": "#0", "cullface": "south"},
				"south": {"uv": [2.41421, 1, 1, 11.5916], "texture": "#0", "cullface": "south"}
			}
		},
		{
			"from": [4.43934, 2.7416, 14.64645],
			"to": [5.85355, 13.3332, 16.06066],
			"rotation": {"angle": -45, "axis": "y", "origin": [5.5, 10.6166, 15]},
			"faces": {
				"east": {"uv": [2.41421, 1, 1, 11.5916], "texture": "#0", "cullface": "south"},
				"south": {"uv": [2.41421, 1, 1, 11.5916], "texture": "#0", "cullface": "south"}
			}
		},
		{
			"from": [6.43934, 2.7416, 14.64645],
			"to": [7.85355, 13.3332, 16.06066],
			"rotation": {"angle": -45, "axis": "y", "origin": [7.5, 10.6166, 15]},
			"faces": {
				"east": {"uv": [2.41421, 1, 1, 11.5916], "texture": "#0", "cullface": "south"},
				"south": {"uv": [2.41421, 1, 1, 11.5916], "texture": "#0", "cullface": "south"}
			}
		},
		{
			"from": [8.43934, 2.7416, 14.64645],
			"to": [9.85355, 13.3332, 16.06066],
			"rotation": {"angle": -45, "axis": "y", "origin": [9.5, 10.6166, 15]},
			"faces": {
				"east": {"uv": [2.41421, 1, 1, 11.5916], "texture": "#0", "cullface": "south"},
				"south": {"uv": [2.41421, 1, 1, 11.5916], "texture": "#0", "cullface": "south"}
			}
		},
		{
			"from": [10.43934, 2.7416, 14.64645],
			"to": [11.85355, 13.3332, 16.06066],
			"rotation": {"angle": -45, "axis": "y", "origin": [11.5, 10.6166, 15]},
			"faces": {
				"east": {"uv": [2.41421, 1, 1, 11.5916], "texture": "#0", "cullface": "south"},
				"south": {"uv": [2.41421, 1, 1, 11.5916], "texture": "#0", "cullface": "south"}
			}
		},
		{
			"from": [12.43934, 2.7416, 14.64645],
			"to": [13.85355, 13.3332, 16.06066],
			"rotation": {"angle": -45, "axis": "y", "origin": [13.5, 10.6166, 15]},
			"faces": {
				"east": {"uv": [2.41421, 1, 1, 11.5916], "texture": "#0", "cullface": "south"},
				"south": {"uv": [2.41421, 1, 1, 11.5916], "texture": "#0", "cullface": "south"}
			}
		},
		{
			"from": [14.43934, 2.7416, 14.64645],
			"to": [15.85355, 13.3332, 16.06066],
			"rotation": {"angle": -45, "axis": "y", "origin": [15.5, 10.6166, 15]},
			"faces": {
				"east": {"uv": [2.41421, 1, 1, 11.5916], "texture": "#0", "cullface": "east"},
				"south": {"uv": [2.41421, 1, 1, 11.5916], "texture": "#0", "cullface": "south"}
			}
		},
		{
			"from": [15.43934, 13.3332, 9.64645],
			"to": [14.02514, 2.7416, 8.23225],
			"rotation": {"angle": -45, "axis": "y", "origin": [16.5, 21.2082, 10]},
			"faces": {
				"north": {"uv": [2.41421, 1, 1, 11.5916], "texture": "#0", "cullface": "east"},
				"east": {"uv": [2.41421, 1, 1, 11.5916], "texture": "#0", "cullface": "east"}
			}
		},
		{
			"from": [-0.56066, 13.3332, 9.64645],
			"to": [-1.97486, 2.7416, 8.23225],
			"rotation": {"angle": -45, "axis": "y", "origin": [0.5, 21.2082, 10]},
			"faces": {
				"south": {"uv": [2.41421, 1, 1, 11.5916], "texture": "#0", "cullface": "west"},
				"west": {"uv": [2.41421, 1, 1, 11.5916], "texture": "#0", "cullface": "west"}
			}
		},
		{
			"from": [0, 2.7416, 9],
			"to": [16, 13.3332, 15],
			"rotation": {"angle": 0, "axis": "y", "origin": [0, 10.7448, -0.5]},
			"faces": {
				"east": {"uv": [1, 0, 7, 10.5916], "texture": "#0", "cullface": "east"},
				"south": {"uv": [0, 0, 16, 10.5916], "texture": "#0"},
				"west": {"uv": [1, 0, 7, 10.5916], "texture": "#0", "cullface": "west"}
			}
		},
		{
			"from": [0, 2.7416, 1],
			"to": [16, 13.3332, 7],
			"rotation": {"angle": 0, "axis": "y", "origin": [0, 10.7448, -8.5]},
			"faces": {
				"north": {"uv": [0, 0, 16, 10.5916], "texture": "#0"},
				"east": {"uv": [1, 0, 7, 10.5916], "texture": "#0", "cullface": "east"},
				"west": {"uv": [1, 0, 7, 10.5916], "texture": "#0", "cullface": "west"}
			}
		},
		{
			"from": [16, 13.3332, 16],
			"to": [0, 2.7416, 0],
			"rotation": {"angle": 0, "axis": "y", "origin": [16, 21.3364, 15]},
			"faces": {
				"north": {"uv": [0, 2, 16, 12.5916], "texture": "#0"},
				"east": {"uv": [0, 2, 16, 12.5916], "texture": "#0"},
				"south": {"uv": [0, 2, 16, 12.5916], "texture": "#0"},
				"west": {"uv": [0, 2, 16, 12.5916], "texture": "#0"}
			}
		},
		{
			"from": [0, 13.3332, 0],
			"to": [16, 13.4082, 16],
			"rotation": {"angle": 0, "axis": "y", "origin": [0, 10.6532, 0]},
			"faces": {
				"north": {"uv": [0, 2, 16, 2.075], "texture": "#2", "cullface": "north"},
				"east": {"uv": [0, 1, 16, 1.075], "texture": "#2", "cullface": "east"},
				"south": {"uv": [0, 1, 16, 1.075], "texture": "#2", "cullface": "south"},
				"west": {"uv": [0, 1, 16, 1.075], "texture": "#2", "cullface": "west"},
				"down": {"uv": [0, 0, 16, 16], "texture": "#0"}
			}
		},
		{
			"from": [0, 0.075, 0],
			"to": [16, 2.7416, 16],
			"rotation": {"angle": 0, "axis": "y", "origin": [16, 0, 0]},
			"faces": {
				"north": {"uv": [0, 0, 16, 2.5916], "texture": "#1", "cullface": "north"},
				"east": {"uv": [0, 0, 16, 2.5916], "texture": "#1", "cullface": "east"},
				"south": {"uv": [0, 0, 16, 2.6666], "texture": "#1", "cullface": "south"},
				"west": {"uv": [0, 0, 16, 2.5916], "texture": "#1", "cullface": "west"},
				"up": {"uv": [0, 0, 16, 16], "texture": "#1"}
			}
		},
		{
			"from": [15, 2.6666, 15],
			"to": [1, 0.075, 1],
			"rotation": {"angle": 0, "axis": "y", "origin": [16, 1.5916, 0]},
			"faces": {
				"north": {"uv": [1, 0, 15, 2.5916], "texture": "#1", "cullface": "down"},
				"east": {"uv": [1, 0, 15, 2.5916], "texture": "#1", "cullface": "down"},
				"south": {"uv": [1, 0, 15, 2.5916], "texture": "#1", "cullface": "down"},
				"west": {"uv": [1, 0, 15, 2.5916], "texture": "#1", "cullface": "down"},
				"down": {"uv": [1, 1, 15, 15], "texture": "#1", "cullface": "down"}
			}
		},
		{
			"from": [0, 13.4082, 0],
			"to": [16, 16, 16],
			"rotation": {"angle": 0, "axis": "y", "origin": [0, 13.3332, 0]},
			"faces": {
				"north": {"uv": [0, 0, 16, 2.6168], "texture": "#1", "cullface": "north"},
				"east": {"uv": [0, 0, 16, 2.6168], "texture": "#1", "cullface": "east"},
				"south": {"uv": [0, 0, 16, 2.6168], "texture": "#1", "cullface": "south"},
				"west": {"uv": [0, 0, 16, 2.6168], "texture": "#1", "cullface": "west"},
				"up": {"uv": [0, 0, 16, 16], "texture": "#3", "cullface": "up"}
			}
		},
		{
			"from": [6.55025, 0.075, 4.5],
			"to": [9.44975, 2.75, 5.5],
			"rotation": {"angle": -22.5, "axis": "y", "origin": [8, 8, 8]},
			"faces": {
				"north": {"uv": [1, 2.675, 3.8995, 0], "texture": "#1", "cullface": "down"},
				"south": {"uv": [1, 2.675, 3.8995, 0], "texture": "#1", "cullface": "down"},
				"down": {"uv": [1, 1, 3.8995, 2], "texture": "#1", "cullface": "down"}
			}
		},
		{
			"from": [6.55025, 0.075, 10.5],
			"to": [9.44975, 2.75, 11.5],
			"rotation": {"angle": 22.5, "axis": "y", "origin": [8, 8, 8]},
			"faces": {
				"north": {"uv": [1, 2.675, 3.8995, 0], "texture": "#1", "cullface": "down"},
				"south": {"uv": [1, 2.675, 3.8995, 0], "texture": "#1", "cullface": "down"},
				"down": {"uv": [1, 1, 3.8995, 2], "texture": "#1", "cullface": "down"}
			}
		},
		{
			"from": [6.55025, 0.075, 10.5],
			"to": [9.44975, 2.75, 11.5],
			"rotation": {"angle": -22.5, "axis": "y", "origin": [8, 8, 8]},
			"faces": {
				"north": {"uv": [1, 2.675, 3.8995, 0], "texture": "#1", "cullface": "down"},
				"east": {"uv": [1, 2.675, 3.8995, 0], "texture": "#1", "cullface": "down"},
				"south": {"uv": [1, 2.675, 3.8995, 0], "texture": "#1", "cullface": "down"},
				"down": {"uv": [1, 1, 3.8995, 2], "texture": "#1", "cullface": "down"}
			}
		},
		{
			"from": [4.5, 0.075, 6.55025],
			"to": [5.5, 2.75, 9.44975],
			"rotation": {"angle": 22.5, "axis": "y", "origin": [8, 8, 8]},
			"faces": {
				"east": {"uv": [1, 2.675, 3.8995, 0], "texture": "#1", "cullface": "down"},
				"west": {"uv": [1, 2.675, 3.8995, 0], "texture": "#1", "cullface": "down"},
				"down": {"uv": [1, 1, 2, 3.8995], "texture": "#1", "cullface": "down"}
			}
		},
		{
			"from": [4.5, 0.075, 6.55025],
			"to": [5.5, 2.75, 9.44975],
			"rotation": {"angle": -22.5, "axis": "y", "origin": [8, 8, 8]},
			"faces": {
				"east": {"uv": [1, 2.675, 3.8995, 0], "texture": "#1", "cullface": "down"},
				"west": {"uv": [1, 2.675, 3.8995, 0], "texture": "#1", "cullface": "down"},
				"down": {"uv": [1, 1, 2, 3.8995], "texture": "#1", "cullface": "down"}
			}
		},
		{
			"from": [10.5, 0.075, 6.55025],
			"to": [11.5, 2.75, 9.44975],
			"rotation": {"angle": 22.5, "axis": "y", "origin": [8, 8, 8]},
			"faces": {
				"east": {"uv": [1, 2.675, 3.8995, 0], "texture": "#1", "cullface": "down"},
				"west": {"uv": [1, 2.675, 3.8995, 0], "texture": "#1", "cullface": "down"},
				"down": {"uv": [1, 1, 2, 3.8995], "texture": "#1", "cullface": "down"}
			}
		},
		{
			"from": [10.5, 0.075, 6.55025],
			"to": [11.5, 2.75, 9.44975],
			"rotation": {"angle": -22.5, "axis": "y", "origin": [8, 8, 8]},
			"faces": {
				"east": {"uv": [1, 2.675, 3.8995, 0], "texture": "#1", "cullface": "down"},
				"west": {"uv": [1, 2.675, 3.8995, 0], "texture": "#1", "cullface": "down"},
				"down": {"uv": [1, 1, 2, 3.8995], "texture": "#1", "cullface": "down"}
			}
		},
		{
			"from": [6.55025, 0.075, 4.5],
			"to": [9.44975, 2.75, 5.5],
			"rotation": {"angle": 22.5, "axis": "y", "origin": [8, 8, 8]},
			"faces": {
				"north": {"uv": [1, 2.675, 3.8995, 0], "texture": "#1", "cullface": "down"},
				"south": {"uv": [1, 2.675, 3.8995, 0], "texture": "#1", "cullface": "down"},
				"down": {"uv": [1, 1, 3.8995, 2], "texture": "#1", "cullface": "down"}
			}
		}
	],
	"display": {
		"thirdperson_righthand": {
			"rotation": [75, 45, 0],
			"translation": [0, 2.5, 0],
			"scale": [0.375, 0.375, 0.375]
		},
		"thirdperson_lefthand": {
			"rotation": [75, 45, 0],
			"translation": [0, 2.5, 0],
			"scale": [0.375, 0.375, 0.375]
		},
		"firstperson_righthand": {
			"rotation": [0, 45, 0],
			"scale": [0.4, 0.4, 0.4]
		},
		"firstperson_lefthand": {
			"rotation": [0, 225, 0],
			"scale": [0.4, 0.4, 0.4]
		},
		"ground": {
			"translation": [0, 3, 0],
			"scale": [0.25, 0.25, 0.25]
		},
		"gui": {
			"rotation": [30, 225, 0],
			"scale": [0.625, 0.625, 0.625]
		},
		"fixed": {
			"scale": [0.5, 0.5, 0.5]
		}
	},
	"groups": [0, 1, 2, 3, 4, 5, 6, 7, 8, 9, 10, 11, 12, 13, 14, 15, 16, 17, 18, 19, 20, 21, 22, 23, 24, 25, 26, 27, 28,
		{
			"name": "circle_bottom",
			"origin": [8, 8, 8],
			"color": 0,
			"children": [29, 30, 31, 32, 33, 34, 35, 36]
		}
	]
}