{
	"credit": "AlexTestria | https://alex-bauerndistel.de",
	"textures": {
		"particle": "#0"
	},
	"elements": [
		{
			"from": [0, 0, 13.2584],
			"to": [16, 8, 13.3334],
			"rotation": {"angle": 0, "axis": "y", "origin": [8, 8, 13.65005]},
			"faces": {
				"east": {"uv": [8, 1.075, 16, 1], "rotation": 270, "texture": "#1", "cullface": "east"},
				"west": {"uv": [0, 1.075, 8, 1], "rotation": 90, "texture": "#1", "cullface": "west"},
				"down": {"uv": [0, 1.075, 16, 1], "texture": "#1", "cullface": "down"}
			}
		},
		{
			"from": [0, 0, 15.925],
			"to": [1, 16, 16],
			"rotation": {"angle": 0, "axis": "y", "origin": [8, 8, 13.65005]},
			"faces": {
				"east": {"uv": [0, 1.075, 16, 1], "rotation": 270, "texture": "#1"},
				"south": {"uv": [1, 0, 0, 16], "rotation": 180, "texture": "#1"},
				"west": {"uv": [0, 1.075, 16, 1], "rotation": 90, "texture": "#1", "cullface": "west"}
			}
		},
		{
			"from": [0, 15, 15.925],
			"to": [16, 16, 16],
			"rotation": {"angle": 0, "axis": "y", "origin": [8, 8, 13.65005]},
			"faces": {
				"south": {"uv": [16, 15, 0, 16], "rotation": 180, "texture": "#1"},
				"up": {"uv": [0, 1.075, 16, 1], "rotation": 180, "texture": "#1", "cullface": "up"},
				"down": {"uv": [0, 1.075, 16, 1], "texture": "#1"}
			}
		},
		{
			"from": [0, 0, 15.925],
			"to": [16, 1, 16],
			"rotation": {"angle": 0, "axis": "y", "origin": [8, 8, 13.65005]},
			"faces": {
				"south": {"uv": [16, 0, 0, 1], "rotation": 180, "texture": "#1"},
				"up": {"uv": [0, 1.075, 16, 1], "rotation": 180, "texture": "#1"},
				"down": {"uv": [0, 1.075, 16, 1], "texture": "#1", "cullface": "down"}
			}
		},
		{
			"from": [15, 0, 15.925],
			"to": [16, 16, 16],
			"rotation": {"angle": 0, "axis": "y", "origin": [8, 8, 13.65005]},
			"faces": {
				"east": {"uv": [0, 1.075, 16, 1], "rotation": 270, "texture": "#1", "cullface": "east"},
				"south": {"uv": [16, 0, 15, 16], "rotation": 180, "texture": "#1"},
				"west": {"uv": [0, 1.075, 16, 1], "rotation": 90, "texture": "#1"}
			}
		},
		{
			"from": [0, 0, 13.3334],
			"to": [16, 16, 15.925],
			"rotation": {"angle": 0, "axis": "y", "origin": [8, 8, 13.65005]},
			"faces": {
				"north": {"uv": [16, 0, 0, 16], "texture": "#0"},
				"east": {"uv": [0, 2.5916, 16, 0], "rotation": 270, "texture": "#0", "cullface": "east"},
				"west": {"uv": [0, 2.5916, 16, 0], "rotation": 90, "texture": "#0", "cullface": "west"},
				"up": {"uv": [0, 2.5916, 16, 0], "rotation": 180, "texture": "#0", "cullface": "up"},
				"down": {"uv": [0, 2.5916, 16, 0], "texture": "#0", "cullface": "down"}
			}
		},
		{
			"from": [0, 0, 10.6668],
			"to": [16, 8, 13.2584],
			"rotation": {"angle": 0, "axis": "y", "origin": [8, 8, 13.65005]},
			"faces": {
				"north": {"uv": [16, 0, 0, 8], "texture": "#0"},
				"east": {"uv": [8, 2.5916, 16, 0], "rotation": 270, "texture": "#0", "cullface": "east"},
				"west": {"uv": [0, 2.5916, 8, 0], "rotation": 90, "texture": "#0", "cullface": "west"},
				"down": {"uv": [0, 2.5916, 16, 0], "texture": "#0", "cullface": "down"}
			}
		},
		{
			"from": [0, 8, 10.6668],
			"to": [16, 9.75, 13.3334],
			"rotation": {"angle": 0, "axis": "y", "origin": [8, 8, 13.65005]},
			"faces": {
				"north": {"uv": [16, 14, 0, 15.75], "texture": "#1"},
				"east": {"uv": [0, 2.6666, 1.75, 0], "rotation": 270, "texture": "#1", "cullface": "east"},
				"west": {"uv": [14, 2.6666, 15.75, 0], "rotation": 90, "texture": "#1", "cullface": "west"},
				"up": {"uv": [0, 2.6666, 16, 0], "rotation": 180, "texture": "#1"}
			}
		},
		{
			"from": [0, 11.125, 10.6668],
			"to": [16, 12.875, 12.0084],
			"rotation": {"angle": 0, "axis": "y", "origin": [8, 8, 13.65005]},
			"faces": {
				"north": {"uv": [16, 1, 0, 2.75], "texture": "#1"},
				"east": {"uv": [1, 1.3416, 2.75, 0], "rotation": 270, "texture": "#1", "cullface": "east"},
				"west": {"uv": [1, 1.3416, 2.75, 0], "rotation": 90, "texture": "#1", "cullface": "west"},
				"up": {"uv": [0, 1.3416, 16, 0], "rotation": 180, "texture": "#1"},
				"down": {"uv": [0, 1.3416, 16, 0], "texture": "#1"}
			}
		},
		{
			"from": [0, 14.25, 10.6668],
			"to": [16, 16, 13.3334],
			"rotation": {"angle": 0, "axis": "y", "origin": [8, 8, 13.65005]},
			"faces": {
				"north": {"uv": [16, 0, 0, 1.75], "texture": "#1"},
				"east": {"uv": [14, 2.6666, 15.75, 0], "rotation": 270, "texture": "#1", "cullface": "east"},
				"west": {"uv": [0, 2.6666, 1.75, 0], "rotation": 90, "texture": "#1", "cullface": "west"},
				"up": {"uv": [0, 2.6666, 16, 0], "rotation": 180, "texture": "#1", "cullface": "up"},
				"down": {"uv": [0, 2.6666, 16, 0], "texture": "#1"}
			}
		},
		{
			"from": [0, 9.75, 12.0084],
			"to": [1.5, 14.25, 13.3334],
			"rotation": {"angle": 0, "axis": "y", "origin": [8, 8, 13.65005]},
			"faces": {
				"north": {"uv": [1.5, 1, 0, 5.5], "texture": "#1"},
				"east": {"uv": [1, 1.325, 5.5, 0], "rotation": 270, "texture": "#1"},
				"west": {"uv": [1, 2.325, 5.5, 1], "rotation": 90, "texture": "#1", "cullface": "west"}
			}
		},
		{
			"from": [14.25, 9.75, 12.0084],
			"to": [16, 14.25, 13.3334],
			"rotation": {"angle": 0, "axis": "y", "origin": [8, 8, 13.65005]},
			"faces": {
				"north": {"uv": [15.75, 1, 14, 5.5], "texture": "#1"},
				"east": {"uv": [1, 2.325, 5.5, 1], "rotation": 270, "texture": "#1", "cullface": "east"},
				"west": {"uv": [1, 1.325, 5.5, 0], "rotation": 90, "texture": "#1"}
			}
		},
		{
			"from": [15, 15, 15.925],
			"to": [1, 1, 13.8334],
			"rotation": {"angle": 0, "axis": "y", "origin": [8, 8, 13.65005]},
			"faces": {
				"east": {"uv": [1, 2.5916, 15, 0], "rotation": 270, "texture": "#0"},
				"south": {"uv": [15, 1, 1, 15], "rotation": 180, "texture": "#0"},
				"west": {"uv": [1, 2.5916, 15, 0], "rotation": 90, "texture": "#0"},
				"up": {"uv": [1, 2.5916, 15, 0], "rotation": 180, "texture": "#0"},
				"down": {"uv": [1, 2.5916, 15, 0], "texture": "#0"}
			}
		},
		{
			"from": [7.30381, 10.5, 13.75],
			"to": [8.69619, 11.5, 15.925],
			"rotation": {"angle": -22.5, "axis": "z", "origin": [8, 8, 13.65005]},
			"faces": {
				"south": {"uv": [2.39238, 1, 1, 2], "rotation": 180, "texture": "#0"},
				"up": {"uv": [1, 0, 2.39238, 2.175], "rotation": 180, "texture": "#0"},
				"down": {"uv": [1, 0, 2.39238, 2.175], "texture": "#0"}
			}
		},
		{
			"from": [7.30381, 10.5, 13.75],
			"to": [8.69619, 11.5, 15.925],
			"rotation": {"angle": 0, "axis": "y", "origin": [8, 8, 13.65005]},
			"faces": {
				"south": {"uv": [2.39238, 1, 1, 2], "rotation": 180, "texture": "#0"},
				"up": {"uv": [1, 0, 2.39238, 2.175], "rotation": 180, "texture": "#0"},
				"down": {"uv": [1, 0, 2.39238, 2.175], "texture": "#0"}
			}
		},
		{
			"from": [7.30381, 10.5, 13.75],
			"to": [8.69619, 11.5, 15.925],
			"rotation": {"angle": 22.5, "axis": "z", "origin": [8, 8, 13.65005]},
			"faces": {
				"south": {"uv": [2.39238, 1, 1, 2], "rotation": 180, "texture": "#0"},
				"up": {"uv": [1, 0, 2.39238, 2.175], "rotation": 180, "texture": "#0"},
				"down": {"uv": [1, 0, 2.39238, 2.175], "texture": "#0"}
			}
		},
		{
			"from": [7.30381, 10.5, 13.75],
			"to": [8.69619, 11.5, 15.925],
			"rotation": {"angle": 45, "axis": "z", "origin": [8, 8, 13.65005]},
			"faces": {
				"south": {"uv": [2.39238, 1, 1, 2], "rotation": 180, "texture": "#0"},
				"up": {"uv": [1, 0, 2.39238, 2.175], "rotation": 180, "texture": "#0"},
				"down": {"uv": [1, 0, 2.39238, 2.175], "texture": "#0"}
			}
		},
		{
			"from": [7.30381, 4.5, 13.75],
			"to": [8.69619, 5.5, 15.925],
			"rotation": {"angle": -45, "axis": "z", "origin": [8, 8, 13.65005]},
			"faces": {
				"south": {"uv": [2.39238, 1, 1, 2], "rotation": 180, "texture": "#0"},
				"up": {"uv": [1, 0, 2.39238, 2.175], "rotation": 180, "texture": "#0"},
				"down": {"uv": [1, 0, 2.39238, 2.175], "texture": "#0"}
			}
		},
		{
			"from": [7.30381, 4.5, 13.75],
			"to": [8.69619, 5.5, 15.925],
			"rotation": {"angle": -22.5, "axis": "z", "origin": [8, 8, 13.65005]},
			"faces": {
				"south": {"uv": [2.39238, 1, 1, 2], "rotation": 180, "texture": "#0"},
				"up": {"uv": [1, 0, 2.39238, 2.175], "rotation": 180, "texture": "#0"},
				"down": {"uv": [1, 0, 2.39238, 2.175], "texture": "#0"}
			}
		},
		{
			"from": [7.30381, 4.5, 13.75],
			"to": [8.69619, 5.5, 15.925],
			"rotation": {"angle": 0, "axis": "y", "origin": [8, 8, 13.65005]},
			"faces": {
				"south": {"uv": [2.39238, 1, 1, 2], "rotation": 180, "texture": "#0"},
				"up": {"uv": [1, 0, 2.39238, 2.175], "rotation": 180, "texture": "#0"},
				"down": {"uv": [1, 0, 2.39238, 2.175], "texture": "#0"}
			}
		},
		{
			"from": [7.30381, 4.5, 13.75],
			"to": [8.69619, 5.5, 15.925],
			"rotation": {"angle": 22.5, "axis": "z", "origin": [8, 8, 13.65005]},
			"faces": {
				"south": {"uv": [2.39238, 1, 1, 2], "rotation": 180, "texture": "#0"},
				"up": {"uv": [1, 0, 2.39238, 2.175], "rotation": 180, "texture": "#0"},
				"down": {"uv": [1, 0, 2.39238, 2.175], "texture": "#0"}
			}
		},
		{
			"from": [7.30381, 4.5, 13.75],
			"to": [8.69619, 5.5, 15.925],
			"rotation": {"angle": 45, "axis": "z", "origin": [8, 8, 13.65005]},
			"faces": {
				"south": {"uv": [2.39238, 1, 1, 2], "rotation": 180, "texture": "#0"},
				"up": {"uv": [1, 0, 2.39238, 2.175], "rotation": 180, "texture": "#0"},
				"down": {"uv": [1, 0, 2.39238, 2.175], "texture": "#0"}
			}
		},
		{
			"from": [4.5, 7.30381, 13.75],
			"to": [5.5, 8.69619, 15.925],
			"rotation": {"angle": -22.5, "axis": "z", "origin": [8, 8, 13.65005]},
			"faces": {
				"east": {"uv": [1, 0, 2.39238, 2.175], "rotation": 270, "texture": "#0"},
				"south": {"uv": [2, 1, 1, 2.39238], "rotation": 180, "texture": "#0"},
				"west": {"uv": [1, 0, 2.39238, 2.175], "rotation": 90, "texture": "#0"}
			}
		},
		{
			"from": [4.5, 7.30381, 13.75],
			"to": [5.5, 8.69619, 15.925],
			"rotation": {"angle": 0, "axis": "y", "origin": [8, 8, 13.65005]},
			"faces": {
				"east": {"uv": [1, 0, 2.39238, 2.175], "rotation": 270, "texture": "#0"},
				"south": {"uv": [2, 1, 1, 2.39238], "rotation": 180, "texture": "#0"},
				"west": {"uv": [1, 0, 2.39238, 2.175], "rotation": 90, "texture": "#0"}
			}
		},
		{
			"from": [4.5, 7.30381, 13.75],
			"to": [5.5, 8.69619, 15.925],
			"rotation": {"angle": 22.5, "axis": "z", "origin": [8, 8, 13.65005]},
			"faces": {
				"east": {"uv": [1, 0, 2.39238, 2.175], "rotation": 270, "texture": "#0"},
				"south": {"uv": [2, 1, 1, 2.39238], "rotation": 180, "texture": "#0"},
				"west": {"uv": [1, 0, 2.39238, 2.175], "rotation": 90, "texture": "#0"}
			}
		},
		{
			"from": [10.5, 7.30381, 13.75],
			"to": [11.5, 8.69619, 15.925],
			"rotation": {"angle": -22.5, "axis": "z", "origin": [8, 8, 13.65005]},
			"faces": {
				"east": {"uv": [1, 0, 2.39238, 2.175], "rotation": 270, "texture": "#0"},
				"south": {"uv": [2, 1, 1, 2.39238], "rotation": 180, "texture": "#0"},
				"west": {"uv": [1, 0, 2.39238, 2.175], "rotation": 90, "texture": "#0"}
			}
		},
		{
			"from": [10.5, 7.30381, 13.75],
			"to": [11.5, 8.69619, 15.925],
			"rotation": {"angle": 0, "axis": "y", "origin": [8, 8, 13.65005]},
			"faces": {
				"east": {"uv": [1, 0, 2.39238, 2.175], "rotation": 270, "texture": "#0"},
				"south": {"uv": [2, 1, 1, 2.39238], "rotation": 180, "texture": "#0"},
				"west": {"uv": [1, 0, 2.39238, 2.175], "rotation": 90, "texture": "#0"}
			}
		},
		{
			"from": [10.5, 7.30381, 13.75],
			"to": [11.5, 8.69619, 15.925],
			"rotation": {"angle": 22.5, "axis": "z", "origin": [8, 8, 13.65005]},
			"faces": {
				"east": {"uv": [1, 0, 2.39238, 2.175], "rotation": 270, "texture": "#0"},
				"south": {"uv": [2, 1, 1, 2.39238], "rotation": 180, "texture": "#0"},
				"west": {"uv": [1, 0, 2.39238, 2.175], "rotation": 90, "texture": "#0"}
			}
		},
		{
			"from": [7.30381, 10.5, 13.75],
			"to": [8.69619, 11.5, 15.925],
			"rotation": {"angle": -45, "axis": "z", "origin": [8, 8, 13.65005]},
			"faces": {
				"south": {"uv": [2.39238, 1, 1, 2], "rotation": 180, "texture": "#0"},
				"up": {"uv": [1, 0, 2.39238, 2.175], "rotation": 180, "texture": "#0"},
				"down": {"uv": [1, 0, 2.39238, 2.175], "texture": "#0"}
			}
		},
		{
			"from": [7.50272, 11.15685, 12.0834],
			"to": [8.49728, 16.15685, 13.3334],
			"rotation": {"angle": -45, "axis": "z", "origin": [8, 8, 13.65005]},
			"faces": {
				"north": {"uv": [1.99456, 1, 1, 6], "texture": "#0"},
				"up": {"uv": [1, 1.25, 1.99456, 0], "rotation": 180, "texture": "#0"},
				"down": {"uv": [1, 1.25, 1.99456, 0], "texture": "#0"}
			}
		},
		{
			"from": [9.6675, 10.72625, 12.0834],
			"to": [10.66206, 15.72625, 13.3334],
			"rotation": {"angle": -22.5, "axis": "z", "origin": [8, 8, 13.65005]},
			"faces": {
				"north": {"uv": [1.99456, 1, 1, 6], "texture": "#0"},
				"up": {"uv": [1, 1.25, 1.99456, 0], "rotation": 180, "texture": "#0"},
				"down": {"uv": [1, 1.25, 1.99456, 0], "texture": "#0"}
			}
		},
		{
			"from": [11.50272, 9.5, 12.0834],
			"to": [12.49728, 14.5, 13.3334],
			"rotation": {"angle": 0, "axis": "y", "origin": [8, 8, 13.65005]},
			"faces": {
				"north": {"uv": [1.99456, 1, 1, 6], "texture": "#0"}
			}
		},
		{
			"from": [12.72897, 7.66478, 12.0834],
			"to": [13.72353, 12.66478, 13.3334],
			"rotation": {"angle": 22.5, "axis": "z", "origin": [8, 8, 13.65005]},
			"faces": {
				"north": {"uv": [1.99456, 1, 1, 6], "texture": "#0"},
				"up": {"uv": [1, 1.25, 1.99456, 0], "rotation": 180, "texture": "#0"},
				"down": {"uv": [1, 1.25, 1.99456, 0], "texture": "#0"}
			}
		},
		{
			"from": [13.15957, 5.5, 12.0834],
			"to": [14.15413, 10.5, 13.3334],
			"rotation": {"angle": 45, "axis": "z", "origin": [8, 8, 13.65005]},
			"faces": {
				"north": {"uv": [1.99456, 1, 1, 6], "texture": "#0"},
				"up": {"uv": [1, 1.25, 1.99456, 0], "rotation": 180, "texture": "#0"},
				"down": {"uv": [1, 1.25, 1.99456, 0], "texture": "#0"}
			}
		},
		{
			"from": [7.66478, 12.72897, 12.0834],
			"to": [12.66478, 13.72353, 13.3334],
			"rotation": {"angle": -22.5, "axis": "z", "origin": [8, 8, 13.65005]},
			"faces": {
				"north": {"uv": [6, 1, 1, 1.99456], "texture": "#0"},
				"east": {"uv": [1, 1.25, 1.99456, 0], "rotation": 270, "texture": "#0"},
				"west": {"uv": [1, 1.25, 1.99456, 0], "rotation": 90, "texture": "#0"}
			}
		},
		{
			"from": [9.5, 11.50272, 12.0834],
			"to": [14.5, 12.49728, 13.3334],
			"rotation": {"angle": 0, "axis": "y", "origin": [8, 8, 13.65005]},
			"faces": {
				"north": {"uv": [6, 1, 1, 1.99456], "texture": "#0"},
				"west": {"uv": [1, 1.25, 1.99456, 0], "rotation": 90, "texture": "#0"}
			}
		},
		{
			"from": [10.72625, 9.6675, 12.0834],
			"to": [15.72625, 10.66206, 13.3334],
			"rotation": {"angle": 22.5, "axis": "z", "origin": [8, 8, 13.65005]},
			"faces": {
				"north": {"uv": [6, 1, 1, 1.99456], "texture": "#0"},
				"east": {"uv": [1, 1.25, 1.99456, 0], "rotation": 270, "texture": "#0"},
				"west": {"uv": [1, 1.25, 1.99456, 0], "rotation": 90, "texture": "#0"}
			}
		},
		{
			"from": [7.50272, 11.15685, 12.0834],
			"to": [8.49728, 16.15685, 13.3334],
			"rotation": {"angle": 45, "axis": "z", "origin": [8, 8, 13.65005]},
			"faces": {
				"north": {"uv": [1.99456, 1, 1, 6], "texture": "#0"},
				"up": {"uv": [1, 1.25, 1.99456, 0], "rotation": 180, "texture": "#0"},
				"down": {"uv": [1, 1.25, 1.99456, 0], "texture": "#0"}
			}
		},
		{
			"from": [5.33794, 10.72625, 12.0834],
			"to": [6.3325, 15.72625, 13.3334],
			"rotation": {"angle": 22.5, "axis": "z", "origin": [8, 8, 13.65005]},
			"faces": {
				"north": {"uv": [1.99456, 1, 1, 6], "texture": "#0"},
				"up": {"uv": [1, 1.25, 1.99456, 0], "rotation": 180, "texture": "#0"},
				"down": {"uv": [1, 1.25, 1.99456, 0], "texture": "#0"}
			}
		},
		{
			"from": [3.50272, 9.5, 12.0834],
			"to": [4.49728, 14.5, 13.3334],
			"rotation": {"angle": 0, "axis": "y", "origin": [8, 8, 13.65005]},
			"faces": {
				"north": {"uv": [1.99456, 1, 1, 6], "texture": "#0"}
			}
		},
		{
			"from": [2.27647, 7.66478, 12.0834],
			"to": [3.27103, 12.66478, 13.3334],
			"rotation": {"angle": -22.5, "axis": "z", "origin": [8, 8, 13.65005]},
			"faces": {
				"north": {"uv": [1.99456, 1, 1, 6], "texture": "#0"},
				"up": {"uv": [1, 1.25, 1.99456, 0], "rotation": 180, "texture": "#0"},
				"down": {"uv": [1, 1.25, 1.99456, 0], "texture": "#0"}
			}
		},
		{
			"from": [1.84587, 5.5, 12.0834],
			"to": [2.84043, 10.5, 13.3334],
			"rotation": {"angle": -45, "axis": "z", "origin": [8, 8, 13.65005]},
			"faces": {
				"north": {"uv": [1.99456, 1, 1, 6], "texture": "#0"},
				"up": {"uv": [1, 1.25, 1.99456, 0], "rotation": 180, "texture": "#0"},
				"down": {"uv": [1, 1.25, 1.99456, 0], "texture": "#0"}
			}
		},
		{
			"from": [3.33522, 12.72897, 12.0834],
			"to": [8.33522, 13.72353, 13.3334],
			"rotation": {"angle": 22.5, "axis": "z", "origin": [8, 8, 13.65005]},
			"faces": {
				"north": {"uv": [6, 1, 1, 1.99456], "texture": "#0"},
				"east": {"uv": [1, 1.25, 1.99456, 0], "rotation": 270, "texture": "#0"},
				"west": {"uv": [1, 1.25, 1.99456, 0], "rotation": 90, "texture": "#0"}
			}
		},
		{
			"from": [1.5, 11.50272, 12.0834],
			"to": [6.5, 12.49728, 13.3334],
			"rotation": {"angle": 0, "axis": "y", "origin": [8, 8, 13.65005]},
			"faces": {
				"north": {"uv": [6, 1, 1, 1.99456], "texture": "#0"},
				"east": {"uv": [1, 1.25, 1.99456, 0], "rotation": 270, "texture": "#0"}
			}
		},
		{
			"from": [0.27375, 9.6675, 12.0834],
			"to": [5.27375, 10.66206, 13.3334],
			"rotation": {"angle": -22.5, "axis": "z", "origin": [8, 8, 13.65005]},
			"faces": {
				"north": {"uv": [6, 1, 1, 1.99456], "texture": "#0"},
				"east": {"uv": [1, 1.25, 1.99456, 0], "rotation": 270, "texture": "#0"},
				"west": {"uv": [1, 1.25, 1.99456, 0], "rotation": 90, "texture": "#0"}
			}
		}
	],
	"display": {
		"thirdperson_righthand": {
			"rotation": [75, 45, 0],
			"translation": [0, 2.5, 0],
			"scale": [0.375, 0.375, 0.375]
		},
		"thirdperson_lefthand": {
			"rotation": [75, 45, 0],
			"translation": [0, 2.5, 0],
			"scale": [-0.375, 0.375, 0.375]
		},
		"firstperson_righthand": {
			"rotation": [0, 45, 0],
			"scale": [0.4, 0.4, 0.4]
		},
		"firstperson_lefthand": {
			"rotation": [0, 225, 0],
			"scale": [0.4, 0.4, 0.4]
		},
		"ground": {
			"translation": [0, 3, 0],
			"scale": [0.25, 0.25, 0.25]
		},
		"gui": {
			"rotation": [30, 135, 0],
			"scale": [0.625, 0.625, 0.625]
		},
		"fixed": {
			"scale": [0.5, 0.5, 0.5]
		}
	},
	"groups": [
		0,
		1,
		2,
		3,
		4,
		5,
		6,
		7,
		8,
		9,
		10,
		11,
		12,
		{
			"name": "circle_bottom",
			"origin": [8, 8, 8],
			"color": 0,
			"children": [13, 14, 15, 16, 17, 18, 19, 20, 21, 22, 23, 24, 25, 26, 27, 28]
		},
		{
			"name": "studs",
			"origin": [8, 8, 8],
			"color": 0,
			"children": [
				{
					"name": "stud",
					"origin": [8, 8, 8],
					"color": 0,
					"children": [29, 30, 31, 32, 33, 34, 35, 36]
				},
				{
					"name": "stud",
					"origin": [8, 8, 8],
					"color": 0,
					"children": [37, 38, 39, 40, 41, 42, 43, 44]
				}
			]
		}
	]
}