{
	"credit": "AlexTestria | https://alex-bauerndistel.de",
	"textures": {
		"particle": "#0"
	},
	"elements": [
		{
			"from": [0, 13.3334, 8],
			"to": [16, 13.4084, 16],
			"rotation": {"angle": 0, "axis": "y", "origin": [0.5, 13.3709, 8]},
			"faces": {
				"east": {"uv": [8, 1, 16, 1.075], "texture": "#1", "cullface": "east"},
				"south": {"uv": [0, 1, 16, 1.075], "texture": "#1", "cullface": "south"},
				"west": {"uv": [0, 1, 8, 1.075], "texture": "#1", "cullface": "west"}
			}
		},
		{
			"from": [0, 10.6668, 0],
			"to": [1, 10.7418, 16],
			"rotation": {"angle": 0, "axis": "y", "origin": [0, 13.3334, 0]},
			"faces": {
				"east": {"uv": [0, 1, 16, 1.075], "texture": "#1"},
				"west": {"uv": [0, 1, 16, 1.075], "texture": "#1", "cullface": "west"},
				"down": {"uv": [0, 0, 1, 16], "texture": "#1"}
			}
		},
		{
			"from": [0, 10.6668, 0],
			"to": [16, 10.7418, 1],
			"rotation": {"angle": 0, "axis": "y", "origin": [0, 10.6668, 0]},
			"faces": {
				"north": {"uv": [0, 1, 16, 1.075], "texture": "#1", "cullface": "north"},
				"south": {"uv": [0, 1, 16, 1.075], "texture": "#1"},
				"down": {"uv": [0, 15, 16, 16], "texture": "#1"}
			}
		},
		{
			"from": [0, 10.6668, 15],
			"to": [16, 10.7418, 16],
			"rotation": {"angle": 0, "axis": "y", "origin": [0, 10.6668, 0]},
			"faces": {
				"north": {"uv": [0, 1, 16, 1.075], "texture": "#1"},
				"south": {"uv": [0, 1, 16, 1.075], "texture": "#1", "cullface": "south"},
				"down": {"uv": [0, 0, 16, 1], "texture": "#1"}
			}
		},
		{
			"from": [15, 10.6668, 0],
			"to": [16, 10.7418, 16],
			"rotation": {"angle": 0, "axis": "y", "origin": [0, 10.6668, 0]},
			"faces": {
				"east": {"uv": [0, 1, 16, 1.075], "texture": "#1", "cullface": "east"},
				"west": {"uv": [0, 1, 16, 1.075], "texture": "#1"},
				"down": {"uv": [15, 0, 16, 16], "texture": "#1"}
			}
		},
		{
			"from": [0, 10.7418, 0],
			"to": [16, 13.3334, 16],
			"rotation": {"angle": 0, "axis": "y", "origin": [16, 10.6668, 0]},
			"faces": {
				"north": {"uv": [0, 0, 16, 2.5916], "texture": "#0", "cullface": "north"},
				"east": {"uv": [0, 0, 16, 2.5916], "texture": "#0", "cullface": "east"},
				"south": {"uv": [0, 0, 16, 2.5916], "texture": "#0", "cullface": "south"},
				"west": {"uv": [0, 0, 16, 2.5916], "texture": "#0", "cullface": "west"},
				"up": {"uv": [0, 0, 16, 16], "texture": "#0"}
			}
		},
		{
			"from": [0, 13.4084, 8],
			"to": [16, 16, 16],
			"rotation": {"angle": 0, "axis": "y", "origin": [16, 13.3334, 0]},
			"faces": {
				"east": {"uv": [8, 0, 16, 2.5916], "texture": "#0", "cullface": "east"},
				"south": {"uv": [0, 0, 16, 2.5916], "texture": "#0", "cullface": "south"},
				"west": {"uv": [0, 0, 8, 2.5916], "texture": "#0", "cullface": "west"},
				"up": {"uv": [0, 0, 16, 8], "texture": "#0"}
			}
		},
		{
			"from": [0, 13.3334, 6.25],
			"to": [16, 16, 8],
			"rotation": {"angle": 0, "axis": "y", "origin": [16, 13.3334, 0]},
			"faces": {
				"north": {"uv": [0, 0, 16, 2.6666], "texture": "#1"},
				"east": {"uv": [0, 0, 1.75, 2.6666], "texture": "#1", "cullface": "east"},
				"south": {"uv": [0, 0, 0, 0], "texture": "#1"},
				"west": {"uv": [14, 0, 15.75, 2.6666], "texture": "#1", "cullface": "west"},
				"up": {"uv": [0, 14, 16, 15.75], "texture": "#1"}
			}
		},
		{
			"from": [0, 14.6584, 3.125],
			"to": [16, 16, 4.875],
			"rotation": {"angle": 0, "axis": "y", "origin": [16, 13.3334, 0]},
			"faces": {
				"north": {"uv": [0, 0, 16, 1.3416], "texture": "#1"},
				"east": {"uv": [1, 0, 2.75, 1.3416], "texture": "#1", "cullface": "east"},
				"south": {"uv": [0, 0, 16, 1.3416], "texture": "#1"},
				"west": {"uv": [1, 0, 2.75, 1.3416], "texture": "#1", "cullface": "west"},
				"up": {"uv": [0, 1, 16, 2.75], "texture": "#1"}
			}
		},
		{
			"from": [0, 13.3334, 0],
			"to": [16, 16, 1.75],
			"rotation": {"angle": 0, "axis": "y", "origin": [16, 13.3334, 0]},
			"faces": {
				"north": {"uv": [0, 0, 16, 2.6666], "texture": "#1", "cullface": "north"},
				"east": {"uv": [14, 0, 15.75, 2.6666], "texture": "#1", "cullface": "east"},
				"south": {"uv": [0, 0, 16, 2.6666], "texture": "#1"},
				"west": {"uv": [0, 0, 1.75, 2.6666], "texture": "#1", "cullface": "west"},
				"up": {"uv": [0, 0, 16, 1.75], "texture": "#1"}
			}
		},
		{
			"from": [0, 13.3334, 1.75],
			"to": [1.5, 14.6584, 6.25],
			"rotation": {"angle": 0, "axis": "y", "origin": [16, 13.4084, 0]},
			"faces": {
				"north": {"uv": [0, 0, 0, 0], "texture": "#1"},
				"east": {"uv": [1, 0, 5.5, 1.325], "texture": "#1"},
				"south": {"uv": [0, 0, 0, 0], "texture": "#1"},
				"west": {"uv": [1, 1, 5.5, 2.325], "texture": "#1", "cullface": "west"},
				"up": {"uv": [0, 1, 1.5, 5.5], "texture": "#1"}
			}
		},
		{
			"from": [14.25, 13.3334, 1.75],
			"to": [16, 14.6584, 6.25],
			"rotation": {"angle": 0, "axis": "y", "origin": [16, 13.4084, 0]},
			"faces": {
				"north": {"uv": [0, 0, 0, 0], "texture": "#1"},
				"east": {"uv": [1, 1, 5.5, 2.325], "texture": "#1", "cullface": "east"},
				"south": {"uv": [0, 0, 0, 0], "texture": "#1"},
				"west": {"uv": [1, 0, 5.5, 1.325], "texture": "#1"},
				"up": {"uv": [1.75, 1, 0, 5.5], "texture": "#1"}
			}
		},
		{
			"from": [15, 12.8334, 15],
			"to": [1, 10.7418, 1],
			"rotation": {"angle": 0, "axis": "y", "origin": [17, 11.6834, 1]},
			"faces": {
				"north": {"uv": [1, 0, 15, 2.5916], "texture": "#0"},
				"east": {"uv": [1, 0, 15, 2.5916], "texture": "#0"},
				"south": {"uv": [1, 0, 15, 2.5916], "texture": "#0"},
				"west": {"uv": [1, 0, 15, 2.5916], "texture": "#0"},
				"down": {"uv": [1, 1, 15, 15], "texture": "#0"}
			}
		},
		{
			"from": [7.30381, 10.7418, 4.5],
			"to": [8.69619, 12.9168, 5.5],
			"rotation": {"angle": -22.5, "axis": "y", "origin": [8, 18.6668, 8]},
			"faces": {
				"north": {"uv": [1, 2.175, 2.39238, 0], "texture": "#0"},
				"south": {"uv": [1, 2.175, 2.39238, 0], "texture": "#0"},
				"down": {"uv": [1, 1, 2.39238, 2], "texture": "#0"}
			}
		},
		{
			"from": [7.30381, 10.7418, 4.5],
			"to": [8.69619, 12.9168, 5.5],
			"rotation": {"angle": 0, "axis": "y", "origin": [8, 18.6668, 8]},
			"faces": {
				"north": {"uv": [1, 2.175, 2.39238, 0], "texture": "#0"},
				"south": {"uv": [1, 2.175, 2.39238, 0], "texture": "#0"},
				"down": {"uv": [1, 1, 2.39238, 2], "texture": "#0"}
			}
		},
		{
			"from": [7.30381, 10.7418, 4.5],
			"to": [8.69619, 12.9168, 5.5],
			"rotation": {"angle": 22.5, "axis": "y", "origin": [8, 18.6668, 8]},
			"faces": {
				"north": {"uv": [1, 2.175, 2.39238, 0], "texture": "#0"},
				"south": {"uv": [1, 2.175, 2.39238, 0], "texture": "#0"},
				"down": {"uv": [1, 1, 2.39238, 2], "texture": "#0"}
			}
		},
		{
			"from": [7.30381, 10.7418, 4.5],
			"to": [8.69619, 12.9168, 5.5],
			"rotation": {"angle": 45, "axis": "y", "origin": [8, 18.6668, 8]},
			"faces": {
				"north": {"uv": [1, 2.175, 2.39238, 0], "texture": "#0"},
				"south": {"uv": [1, 2.175, 2.39238, 0], "texture": "#0"},
				"down": {"uv": [1, 1, 2.39238, 2], "texture": "#0"}
			}
		},
		{
			"from": [7.30381, 10.7418, 10.5],
			"to": [8.69619, 12.9168, 11.5],
			"rotation": {"angle": -45, "axis": "y", "origin": [8, 18.6668, 8]},
			"faces": {
				"north": {"uv": [1, 2.175, 2.39238, 0], "texture": "#0"},
				"south": {"uv": [1, 2.175, 2.39238, 0], "texture": "#0"},
				"down": {"uv": [1, 1, 2.39238, 2], "texture": "#0"}
			}
		},
		{
			"from": [7.30381, 10.7418, 10.5],
			"to": [8.69619, 12.9168, 11.5],
			"rotation": {"angle": -22.5, "axis": "y", "origin": [8, 18.6668, 8]},
			"faces": {
				"north": {"uv": [1, 2.175, 2.39238, 0], "texture": "#0"},
				"south": {"uv": [1, 2.175, 2.39238, 0], "texture": "#0"},
				"down": {"uv": [1, 1, 2.39238, 2], "texture": "#0"}
			}
		},
		{
			"from": [7.30381, 10.7418, 10.5],
			"to": [8.69619, 12.9168, 11.5],
			"rotation": {"angle": 0, "axis": "y", "origin": [8, 18.6668, 8]},
			"faces": {
				"north": {"uv": [1, 2.175, 2.39238, 0], "texture": "#0"},
				"south": {"uv": [1, 2.175, 2.39238, 0], "texture": "#0"},
				"down": {"uv": [1, 1, 2.39238, 2], "texture": "#0"}
			}
		},
		{
			"from": [7.30381, 10.7418, 10.5],
			"to": [8.69619, 12.9168, 11.5],
			"rotation": {"angle": 22.5, "axis": "y", "origin": [8, 18.6668, 8]},
			"faces": {
				"north": {"uv": [1, 2.175, 2.39238, 0], "texture": "#0"},
				"south": {"uv": [1, 2.175, 2.39238, 0], "texture": "#0"},
				"down": {"uv": [1, 1, 2.39238, 2], "texture": "#0"}
			}
		},
		{
			"from": [7.30381, 10.7418, 10.5],
			"to": [8.69619, 12.9168, 11.5],
			"rotation": {"angle": 45, "axis": "y", "origin": [8, 18.6668, 8]},
			"faces": {
				"north": {"uv": [1, 2.175, 2.39238, 0], "texture": "#0"},
				"south": {"uv": [1, 2.175, 2.39238, 0], "texture": "#0"},
				"down": {"uv": [1, 1, 2.39238, 2], "texture": "#0"}
			}
		},
		{
			"from": [4.5, 10.7418, 7.30381],
			"to": [5.5, 12.9168, 8.69619],
			"rotation": {"angle": -22.5, "axis": "y", "origin": [8, 18.6668, 8]},
			"faces": {
				"east": {"uv": [1, 2.175, 2.39238, 0], "texture": "#0"},
				"west": {"uv": [1, 2.175, 2.39238, 0], "texture": "#0"},
				"down": {"uv": [1, 1, 2, 2.39238], "texture": "#0"}
			}
		},
		{
			"from": [4.5, 10.7418, 7.30381],
			"to": [5.5, 12.9168, 8.69619],
			"rotation": {"angle": 0, "axis": "y", "origin": [8, 18.6668, 8]},
			"faces": {
				"east": {"uv": [1, 2.175, 2.39238, 0], "texture": "#0"},
				"west": {"uv": [1, 2.175, 2.39238, 0], "texture": "#0"},
				"down": {"uv": [1, 1, 2, 2.39238], "texture": "#0"}
			}
		},
		{
			"from": [4.5, 10.7418, 7.30381],
			"to": [5.5, 12.9168, 8.69619],
			"rotation": {"angle": 22.5, "axis": "y", "origin": [8, 18.6668, 8]},
			"faces": {
				"east": {"uv": [1, 2.175, 2.39238, 0], "texture": "#0"},
				"west": {"uv": [1, 2.175, 2.39238, 0], "texture": "#0"},
				"down": {"uv": [1, 1, 2, 2.39238], "texture": "#0"}
			}
		},
		{
			"from": [10.5, 10.7418, 7.30381],
			"to": [11.5, 12.9168, 8.69619],
			"rotation": {"angle": -22.5, "axis": "y", "origin": [8, 18.6668, 8]},
			"faces": {
				"east": {"uv": [1, 2.175, 2.39238, 0], "texture": "#0"},
				"west": {"uv": [1, 2.175, 2.39238, 0], "texture": "#0"},
				"down": {"uv": [1, 1, 2, 2.39238], "texture": "#0"}
			}
		},
		{
			"from": [10.5, 10.7418, 7.30381],
			"to": [11.5, 12.9168, 8.69619],
			"rotation": {"angle": 0, "axis": "y", "origin": [8, 18.6668, 8]},
			"faces": {
				"east": {"uv": [1, 2.175, 2.39238, 0], "texture": "#0"},
				"west": {"uv": [1, 2.175, 2.39238, 0], "texture": "#0"},
				"down": {"uv": [1, 1, 2, 2.39238], "texture": "#0"}
			}
		},
		{
			"from": [10.5, 10.7418, 7.30381],
			"to": [11.5, 12.9168, 8.69619],
			"rotation": {"angle": 22.5, "axis": "y", "origin": [8, 18.6668, 8]},
			"faces": {
				"east": {"uv": [1, 2.175, 2.39238, 0], "texture": "#0"},
				"west": {"uv": [1, 2.175, 2.39238, 0], "texture": "#0"},
				"down": {"uv": [1, 1, 2, 2.39238], "texture": "#0"}
			}
		},
		{
			"from": [7.30381, 10.7418, 4.5],
			"to": [8.69619, 12.9168, 5.5],
			"rotation": {"angle": -45, "axis": "y", "origin": [8, 18.6668, 8]},
			"faces": {
				"north": {"uv": [1, 2.175, 2.39238, 0], "texture": "#0"},
				"south": {"uv": [1, 2.175, 2.39238, 0], "texture": "#0"},
				"down": {"uv": [1, 1, 2.39238, 2], "texture": "#0"}
			}
		},
		{
			"from": [11.50272, 13.3334, 1.5],
			"to": [12.49728, 14.5834, 6.5],
			"rotation": {"angle": -45, "axis": "y", "origin": [12, 13.8334, 4]},
			"faces": {
				"north": {"uv": [1, 0, 1.99456, 1.25], "texture": "#0"},
				"south": {"uv": [1, 0, 1.99456, 1.25], "texture": "#0"},
				"up": {"uv": [1, 1, 1.99456, 6], "texture": "#0"}
			}
		},
		{
			"from": [11.50272, 13.3334, 1.5],
			"to": [12.49728, 14.5834, 6.5],
			"rotation": {"angle": -22.5, "axis": "y", "origin": [12, 13.8334, 4]},
			"faces": {
				"north": {"uv": [1, 0, 1.99456, 1.25], "texture": "#0"},
				"south": {"uv": [1, 0, 1.99456, 1.25], "texture": "#0"},
				"up": {"uv": [1, 1, 1.99456, 6], "texture": "#0"}
			}
		},
		{
			"from": [11.50272, 13.3334, 1.5],
			"to": [12.49728, 14.5834, 6.5],
			"rotation": {"angle": 0, "axis": "y", "origin": [12, 13.8334, 4]},
			"faces": {
				"up": {"uv": [1, 1, 1.99456, 6], "texture": "#0"}
			}
		},
		{
			"from": [11.50272, 13.3334, 1.5],
			"to": [12.49728, 14.5834, 6.5],
			"rotation": {"angle": 22.5, "axis": "y", "origin": [12, 13.8334, 4]},
			"faces": {
				"north": {"uv": [1, 0, 1.99456, 1.25], "texture": "#0"},
				"south": {"uv": [1, 0, 1.99456, 1.25], "texture": "#0"},
				"up": {"uv": [1, 1, 1.99456, 6], "texture": "#0"}
			}
		},
		{
			"from": [11.50272, 13.3334, 1.5],
			"to": [12.49728, 14.5834, 6.5],
			"rotation": {"angle": 45, "axis": "y", "origin": [12, 13.8334, 4]},
			"faces": {
				"north": {"uv": [1, 0, 1.99456, 1.25], "texture": "#0"},
				"south": {"uv": [1, 0, 1.99456, 1.25], "texture": "#0"},
				"up": {"uv": [1, 1, 1.99456, 6], "texture": "#0"}
			}
		},
		{
			"from": [9.5, 13.3334, 3.50272],
			"to": [14.5, 14.5834, 4.49728],
			"rotation": {"angle": -22.5, "axis": "y", "origin": [12, 13.8334, 4]},
			"faces": {
				"east": {"uv": [1, 0, 1.99456, 1.25], "texture": "#0"},
				"west": {"uv": [1, 0, 1.99456, 1.25], "texture": "#0"},
				"up": {"uv": [1, 1, 6, 1.99456], "texture": "#0"}
			}
		},
		{
			"from": [9.5, 13.3334, 3.50272],
			"to": [14.5, 14.5834, 4.49728],
			"rotation": {"angle": 0, "axis": "y", "origin": [12, 13.8334, 4]},
			"faces": {
				"west": {"uv": [1, 0, 1.99456, 1.25], "texture": "#0"},
				"up": {"uv": [1, 1, 6, 1.99456], "texture": "#0"}
			}
		},
		{
			"from": [9.5, 13.3334, 3.50272],
			"to": [14.5, 14.5834, 4.49728],
			"rotation": {"angle": 22.5, "axis": "y", "origin": [12, 13.8334, 4]},
			"faces": {
				"east": {"uv": [1, 0, 1.99456, 1.25], "texture": "#0"},
				"west": {"uv": [1, 0, 1.99456, 1.25], "texture": "#0"},
				"up": {"uv": [1, 1, 6, 1.99456], "texture": "#0"}
			}
		},
		{
			"from": [3.50272, 13.3334, 1.5],
			"to": [4.49728, 14.5834, 6.5],
			"rotation": {"angle": 45, "axis": "y", "origin": [4, 13.8334, 4]},
			"faces": {
				"north": {"uv": [1, 0, 1.99456, 1.25], "texture": "#0"},
				"south": {"uv": [1, 0, 1.99456, 1.25], "texture": "#0"},
				"up": {"uv": [1, 1, 1.99456, 6], "texture": "#0"}
			}
		},
		{
			"from": [3.50272, 13.3334, 1.5],
			"to": [4.49728, 14.5834, 6.5],
			"rotation": {"angle": 22.5, "axis": "y", "origin": [4, 13.8334, 4]},
			"faces": {
				"north": {"uv": [1, 0, 1.99456, 1.25], "texture": "#0"},
				"south": {"uv": [1, 0, 1.99456, 1.25], "texture": "#0"},
				"up": {"uv": [1, 1, 1.99456, 6], "texture": "#0"}
			}
		},
		{
			"from": [3.50272, 13.3334, 1.5],
			"to": [4.49728, 14.5834, 6.5],
			"rotation": {"angle": 0, "axis": "y", "origin": [4, 13.8334, 4]},
			"faces": {
				"up": {"uv": [1, 1, 1.99456, 6], "texture": "#0"}
			}
		},
		{
			"from": [3.50272, 13.3334, 1.5],
			"to": [4.49728, 14.5834, 6.5],
			"rotation": {"angle": -22.5, "axis": "y", "origin": [4, 13.8334, 4]},
			"faces": {
				"north": {"uv": [1, 0, 1.99456, 1.25], "texture": "#0"},
				"south": {"uv": [1, 0, 1.99456, 1.25], "texture": "#0"},
				"up": {"uv": [1, 1, 1.99456, 6], "texture": "#0"}
			}
		},
		{
			"from": [3.50272, 13.3334, 1.5],
			"to": [4.49728, 14.5834, 6.5],
			"rotation": {"angle": -45, "axis": "y", "origin": [4, 13.8334, 4]},
			"faces": {
				"north": {"uv": [1, 0, 1.99456, 1.25], "texture": "#0"},
				"south": {"uv": [1, 0, 1.99456, 1.25], "texture": "#0"},
				"up": {"uv": [1, 1, 1.99456, 6], "texture": "#0"}
			}
		},
		{
			"from": [1.5, 13.3334, 3.50272],
			"to": [6.5, 14.5834, 4.49728],
			"rotation": {"angle": 22.5, "axis": "y", "origin": [4, 13.8334, 4]},
			"faces": {
				"east": {"uv": [1, 0, 1.99456, 1.25], "texture": "#0"},
				"west": {"uv": [1, 0, 1.99456, 1.25], "texture": "#0"},
				"up": {"uv": [1, 1, 6, 1.99456], "texture": "#0"}
			}
		},
		{
			"from": [1.5, 13.3334, 3.50272],
			"to": [6.5, 14.5834, 4.49728],
			"rotation": {"angle": 0, "axis": "y", "origin": [4, 13.8334, 4]},
			"faces": {
				"east": {"uv": [1, 0, 1.99456, 1.25], "texture": "#0"},
				"up": {"uv": [1, 1, 6, 1.99456], "texture": "#0"}
			}
		},
		{
			"from": [1.5, 13.3334, 3.50272],
			"to": [6.5, 14.5834, 4.49728],
			"rotation": {"angle": -22.5, "axis": "y", "origin": [4, 13.8334, 4]},
			"faces": {
				"east": {"uv": [1, 0, 1.99456, 1.25], "texture": "#0"},
				"west": {"uv": [1, 0, 1.99456, 1.25], "texture": "#0"},
				"up": {"uv": [1, 1, 6, 1.99456], "texture": "#0"}
			}
		}
	],
	"display": {
		"thirdperson_righthand": {
			"rotation": [75, 45, 0],
			"translation": [0, 2.5, 0],
			"scale": [0.375, 0.375, 0.375]
		},
		"thirdperson_lefthand": {
			"rotation": [75, 45, 0],
			"translation": [0, 2.5, 0],
			"scale": [-0.375, 0.375, 0.375]
		},
		"firstperson_righthand": {
			"rotation": [0, 45, 0],
			"scale": [0.4, 0.4, 0.4]
		},
		"firstperson_lefthand": {
			"rotation": [0, 225, 0],
			"scale": [0.4, 0.4, 0.4]
		},
		"ground": {
			"translation": [0, 3, 0],
			"scale": [0.25, 0.25, 0.25]
		},
		"gui": {
			"rotation": [30, 135, 0],
			"scale": [0.625, 0.625, 0.625]
		},
		"fixed": {
			"scale": [0.5, 0.5, 0.5]
		}
	},
	"groups": [0, 1, 2, 3, 4, 5, 6, 7, 8, 9, 10, 11, 12,
		{
			"name": "circle_bottom",
			"origin": [8, 8, 8],
			"color": 0,
			"children": [13, 14, 15, 16, 17, 18, 19, 20, 21, 22, 23, 24, 25, 26, 27, 28]
		},
		{
			"name": "studs",
			"origin": [8, 8, 8],
			"color": 0,
			"children": [
				{
					"name": "stud",
					"origin": [8, 8, 8],
					"color": 0,
					"children": [29, 30, 31, 32, 33, 34, 35, 36]
				},
				{
					"name": "stud",
					"origin": [8, 8, 8],
					"color": 0,
					"children": [37, 38, 39, 40, 41, 42, 43, 44]
				}
			]
		}
	]
}