{
	"credit": "AlexTestria | https://alex-bauerndistel.de",
	"textures": {
		"particle": "#0"
	},
	"elements": [
		{
			"from": [8.2416, 0, -4],
			"to": [10.9082, 16, -3],
			"rotation": {"angle": 0, "axis": "y", "origin": [8.31158, 8, 0]},
			"faces": {
				"north": {"uv": [2.6666, 0, 0, 16], "texture": "#0"},
				"east": {"uv": [15, 0, 16, 16], "texture": "#0"},
				"south": {"uv": [0, 0, 2.6666, 16], "texture": "#0"}
			}
		},
		{
			"from": [5.5, 0, -4],
			"to": [8.1666, 16, 4],
			"rotation": {"angle": 0, "axis": "y", "origin": [5.56998, 8, 0]},
			"faces": {
				"north": {"uv": [2.6666, 0, 0, 16], "texture": "#0"},
				"east": {"uv": [0, 15, 16, 16], "rotation": 270, "texture": "#0"},
				"south": {"uv": [0, 0, 2.6666, 16], "texture": "#0"},
				"west": {"uv": [1, 0, 9, 16], "texture": "#0"},
				"up": {"uv": [0, 1, 2.6666, 9], "texture": "#0"},
				"down": {"uv": [0, 1, 2.6666, 9], "texture": "#0"}
			}
		},
		{
			"from": [8.1666, 0, -4],
			"to": [8.2416, 16, 4],
			"rotation": {"angle": 0, "axis": "y", "origin": [8.23658, 8, 0]},
			"faces": {
				"north": {"uv": [1, 0, 1.075, 16], "texture": "#1"},
				"south": {"uv": [1, 0, 1.075, 16], "texture": "#1"},
				"up": {"uv": [1, 1, 1.075, 9], "texture": "#1"},
				"down": {"uv": [1, 1, 1.075, 9], "texture": "#1"}
			}
		},
		{
			"from": [8.2416, 0, 3],
			"to": [10.9082, 16, 4],
			"rotation": {"angle": 0, "axis": "y", "origin": [8.31158, 8, 0]},
			"faces": {
				"north": {"uv": [2.6666, 0, 0, 16], "texture": "#0"},
				"east": {"uv": [0, 0, 1, 16], "texture": "#0"},
				"south": {"uv": [0, 0, 2.6666, 16], "texture": "#0"}
			}
		},
		{
			"from": [8.2416, 15, -4],
			"to": [10.9082, 16, 4],
			"rotation": {"angle": 0, "axis": "y", "origin": [8.31158, 8, 0]},
			"faces": {
				"east": {"uv": [1, 0, 9, 1], "texture": "#0"},
				"up": {"uv": [0, 1, 2.6666, 9], "texture": "#0"},
				"down": {"uv": [0, 1, 2.6666, 9], "texture": "#0", "cullface": "west"}
			}
		},
		{
			"from": [8.2416, 0, -4],
			"to": [8.7416, 16, 4],
			"rotation": {"angle": 0, "axis": "y", "origin": [8.31158, 8, 0]},
			"faces": {
				"east": {"uv": [1, 0, 9, 16], "texture": "#0"}
			}
		},
		{
			"from": [8.2416, 0, -4],
			"to": [10.9082, 1, 4],
			"rotation": {"angle": 0, "axis": "y", "origin": [8.31158, 8, 0]},
			"faces": {
				"east": {"uv": [1, 15, 9, 16], "texture": "#0"},
				"up": {"uv": [0, 1, 2.6666, 9], "texture": "#0"},
				"down": {"uv": [0, 1, 2.6666, 9], "texture": "#0"}
			}
		},
		{
			"from": [8.6582, 7.37868, -1.5],
			"to": [10.9082, 8.62132, 1.5],
			"rotation": {"angle": -22.5, "axis": "x", "origin": [8.31158, 8, 0]},
			"faces": {
				"north": {"uv": [1, 1, 2.24264, 3.25], "rotation": 90, "texture": "#0"},
				"east": {"uv": [1, 1, 2.24264, 4], "rotation": 270, "texture": "#0"},
				"south": {"uv": [1, 1, 2.24264, 3.25], "rotation": 270, "texture": "#0"}
			}
		},
		{
			"from": [8.6582, 7.37868, -1.5],
			"to": [10.9082, 8.62132, 1.5],
			"rotation": {"angle": 22.5, "axis": "x", "origin": [8.31158, 8, 0]},
			"faces": {
				"north": {"uv": [1, 1, 2.24264, 3.25], "rotation": 90, "texture": "#0"},
				"east": {"uv": [1, 1, 2.24264, 4], "rotation": 270, "texture": "#0"},
				"south": {"uv": [1, 1, 2.24264, 3.25], "rotation": 270, "texture": "#0"}
			}
		},
		{
			"from": [8.6582, 6.5, -0.62132],
			"to": [10.9082, 9.5, 0.62132],
			"rotation": {"angle": -22.5, "axis": "x", "origin": [8.31158, 8, 0]},
			"faces": {
				"east": {"uv": [1, 1, 4, 2.24264], "rotation": 270, "texture": "#0"},
				"up": {"uv": [1, 1, 2.24264, 3.25], "rotation": 270, "texture": "#0"},
				"down": {"uv": [1, 1, 2.24264, 3.25], "rotation": 270, "texture": "#0"}
			}
		},
		{
			"from": [8.6582, 6.5, -0.62132],
			"to": [10.9082, 9.5, 0.62132],
			"rotation": {"angle": 22.5, "axis": "x", "origin": [8.31158, 8, 0]},
			"faces": {
				"east": {"uv": [1, 1, 4, 2.24264], "rotation": 270, "texture": "#0"},
				"up": {"uv": [1, 1, 2.24264, 3.25], "rotation": 270, "texture": "#0"},
				"down": {"uv": [1, 1, 2.24264, 3.25], "rotation": 270, "texture": "#0"}
			}
		},
		{
			"from": [4.25, 10.96447, -2.5],
			"to": [5.5, 13.03553, 2.5],
			"rotation": {"angle": -22.5, "axis": "x", "origin": [4.875, 12, 0]},
			"faces": {
				"north": {"uv": [1, 0, 3.07106, 1.25], "rotation": 90, "texture": "#0"},
				"south": {"uv": [1, 0, 3.07106, 1.25], "rotation": 270, "texture": "#0"},
				"west": {"uv": [1, 1, 3.07106, 6], "rotation": 270, "texture": "#0"}
			}
		},
		{
			"from": [4.25, 10.96447, -2.5],
			"to": [5.5, 13.03553, 2.5],
			"rotation": {"angle": 22.5, "axis": "x", "origin": [4.875, 12, 0]},
			"faces": {
				"north": {"uv": [1, 0, 3.07106, 1.25], "rotation": 90, "texture": "#0"},
				"south": {"uv": [1, 0, 3.07106, 1.25], "rotation": 270, "texture": "#0"},
				"west": {"uv": [1, 1, 3.07106, 6], "rotation": 270, "texture": "#0"}
			}
		},
		{
			"from": [4.25, 9.5, -1.03553],
			"to": [5.5, 14.5, 1.03553],
			"rotation": {"angle": -22.5, "axis": "x", "origin": [4.875, 12, 0]},
			"faces": {
				"west": {"uv": [1, 1, 6, 3.07106], "rotation": 270, "texture": "#0"},
				"up": {"uv": [1, 0, 3.07106, 1.25], "rotation": 270, "texture": "#0"},
				"down": {"uv": [1, 0, 3.07106, 1.25], "rotation": 270, "texture": "#0"}
			}
		},
		{
			"from": [4.25, 9.5, -1.03553],
			"to": [5.5, 14.5, 1.03553],
			"rotation": {"angle": 22.5, "axis": "x", "origin": [4.875, 12, 0]},
			"faces": {
				"west": {"uv": [1, 1, 6, 3.07106], "rotation": 270, "texture": "#0"},
				"up": {"uv": [1, 0, 3.07106, 1.25], "rotation": 270, "texture": "#0"},
				"down": {"uv": [1, 0, 3.07106, 1.25], "rotation": 270, "texture": "#0"}
			}
		},
		{
			"from": [4.25, 2.96447, -2.5],
			"to": [5.5, 5.03553, 2.5],
			"rotation": {"angle": -22.5, "axis": "x", "origin": [4.875, 4, 0]},
			"faces": {
				"north": {"uv": [1, 0, 3.07106, 1.25], "rotation": 90, "texture": "#0"},
				"south": {"uv": [1, 0, 3.07106, 1.25], "rotation": 270, "texture": "#0"},
				"west": {"uv": [1, 1, 3.07106, 6], "rotation": 270, "texture": "#0"}
			}
		},
		{
			"from": [4.25, 2.96447, -2.5],
			"to": [5.5, 5.03553, 2.5],
			"rotation": {"angle": 22.5, "axis": "x", "origin": [4.875, 4, 0]},
			"faces": {
				"north": {"uv": [1, 0, 3.07106, 1.25], "rotation": 90, "texture": "#0"},
				"south": {"uv": [1, 0, 3.07106, 1.25], "rotation": 270, "texture": "#0"},
				"west": {"uv": [1, 1, 3.07106, 6], "rotation": 270, "texture": "#0"}
			}
		},
		{
			"from": [4.25, 1.5, -1.03553],
			"to": [5.5, 6.5, 1.03553],
			"rotation": {"angle": -22.5, "axis": "x", "origin": [4.875, 4, 0]},
			"faces": {
				"south": {"uv": [1, 0, 3.07106, 1.25], "rotation": 270, "texture": "#0"},
				"west": {"uv": [1, 1, 6, 3.07106], "rotation": 270, "texture": "#0"},
				"up": {"uv": [1, 0, 3.07106, 1.25], "rotation": 270, "texture": "#0"},
				"down": {"uv": [1, 0, 3.07106, 1.25], "rotation": 270, "texture": "#0"}
			}
		},
		{
			"from": [4.25, 1.5, -1.03553],
			"to": [5.5, 6.5, 1.03553],
			"rotation": {"angle": 22.5, "axis": "x", "origin": [4.875, 4, 0]},
			"faces": {
				"west": {"uv": [1, 1, 6, 3.07106], "rotation": 270, "texture": "#0"},
				"up": {"uv": [1, 0, 3.07106, 1.25], "rotation": 270, "texture": "#0"},
				"down": {"uv": [1, 0, 3.07106, 1.25], "rotation": 270, "texture": "#0"}
			}
		}
	],
	"display": {
		"thirdperson_righthand": {
			"rotation": [75, 45, 0],
			"translation": [0, 2.5, 0],
			"scale": [0.375, 0.375, 0.375]
		},
		"thirdperson_lefthand": {
			"rotation": [75, 45, 0],
			"translation": [0, 2.5, 0],
			"scale": [-0.375, 0.375, 0.375]
		},
		"firstperson_righthand": {
			"rotation": [0, 45, 0],
			"scale": [0.4, 0.4, 0.4]
		},
		"firstperson_lefthand": {
			"rotation": [0, 225, 0],
			"scale": [0.4, 0.4, 0.4]
		},
		"ground": {
			"translation": [0, 3, 0],
			"scale": [0.25, 0.25, 0.25]
		},
		"gui": {
			"rotation": [30, 135, 0],
			"scale": [0.625, 0.625, 0.625]
		},
		"head": {
			"translation": [0, 14.5, 0]
		},
		"fixed": {
			"scale": [0.5, 0.5, 0.5]
		}
	},
	"groups": [
		{
			"name": "small_brick1x2",
			"origin": [8, 8, 8],
			"color": 0,
			"children": [0, 1, 2, 3, 4, 5, 6,
				{
					"name": "bottom",
					"origin": [8, 8, 8],
					"color": 0,
					"children": [7, 8, 9, 10]
				},
				{
					"name": ".studs",
					"origin": [8, 8, 8],
					"color": 0,
					"children": [
						{
							"name": "stud",
							"origin": [8, 8, 8],
							"color": 0,
							"children": [11, 12, 13, 14]
						},
						{
							"name": "stud",
							"origin": [8, 8, 8],
							"color": 0,
							"children": [15, 16, 17, 18]
						}
					]
				}
			]
		}
	]
}