{
	"credit": "AlexTestria | https://alex-bauerndistel.de",
	"textures": {
		"particle": "#0"
	},
	"elements": [
		{
			"from": [4, 2.741, 4],
			"to": [12, 13.334, 12],
			"faces": {
				"north": {"uv": [4, 0, 12, 10.593], "texture": "#0"},
				"east": {"uv": [4, 0, 12, 10.593], "texture": "#0"},
				"south": {"uv": [4, 0, 12, 10.593], "texture": "#0"},
				"west": {"uv": [4, 0, 12, 10.593], "texture": "#0"}
			}
		},
		{
			"from": [4, 2.666, 4],
			"to": [12, 2.741, 12],
			"faces": {
				"north": {"uv": [4, 1, 12, 1.075], "texture": "#3"},
				"east": {"uv": [4, 1, 12, 1.075], "texture": "#3"},
				"south": {"uv": [4, 1, 12, 1.075], "texture": "#3"},
				"west": {"uv": [4, 1, 12, 1.075], "texture": "#3"}
			}
		},
		{
			"from": [4, 13.334, 4],
			"to": [12, 13.409, 12],
			"rotation": {"angle": 0, "axis": "y", "origin": [0, 10.668, 0]},
			"faces": {
				"north": {"uv": [4, 1, 12, 1.075], "texture": "#5"},
				"east": {"uv": [4, 1, 12, 1.075], "texture": "#5"},
				"south": {"uv": [4, 1, 12, 1.075], "texture": "#5"},
				"west": {"uv": [4, 1, 12, 1.075], "texture": "#5"}
			}
		},
		{
			"from": [4, 0, 4],
			"to": [12, 0.075, 12],
			"rotation": {"angle": 0, "axis": "y", "origin": [0, -2.666, 0]},
			"faces": {
				"north": {"uv": [4, 1, 12, 1.075], "texture": "#4"},
				"east": {"uv": [4, 1, 12, 1.075], "texture": "#4"},
				"south": {"uv": [4, 1, 12, 1.075], "texture": "#4"},
				"west": {"uv": [4, 1, 12, 1.075], "texture": "#4"},
				"down": {"uv": [4, 4, 12, 12], "texture": "#4", "cullface": "down"}
			}
		},
		{
			"from": [4, 0.075, 4],
			"to": [12, 2.666, 12],
			"faces": {
				"north": {"uv": [4, 0, 12, 2.591], "texture": "#1"},
				"east": {"uv": [4, 0, 12, 2.591], "texture": "#1"},
				"south": {"uv": [4, 0, 12, 2.591], "texture": "#1"},
				"west": {"uv": [4, 0, 12, 2.591], "texture": "#1"}
			}
		},
		{
			"from": [4, 13.409, 4],
			"to": [12, 16, 12],
			"rotation": {"angle": 0, "axis": "y", "origin": [0, 0.334, 0]},
			"faces": {
				"north": {"uv": [4, 0, 12, 2.591], "texture": "#2"},
				"east": {"uv": [4, 0, 12, 2.591], "texture": "#2"},
				"south": {"uv": [4, 0, 12, 2.591], "texture": "#2"},
				"west": {"uv": [4, 0, 12, 2.591], "texture": "#2"},
				"up": {"uv": [4, 4, 12, 12], "texture": "#2", "cullface": "up"}
			}
		},
		{
			"from": [6.96447, 16, 5.5],
			"to": [9.03553, 17.25, 10.5],
			"rotation": {"angle": 22.5, "axis": "y", "origin": [8, 16.625, 8]},
			"faces": {
				"north": {"uv": [1, 0, 3.07106, 1.25], "texture": "#2", "cullface": "up"},
				"south": {"uv": [1, 0, 3.07106, 1.25], "texture": "#2", "cullface": "up"},
				"up": {"uv": [1, 1, 3.07106, 6], "texture": "#2", "cullface": "up"}
			}
		},
		{
			"from": [6.96447, 16, 5.5],
			"to": [9.03553, 17.25, 10.5],
			"rotation": {"angle": -22.5, "axis": "y", "origin": [8, 16.625, 8]},
			"faces": {
				"north": {"uv": [1, 0, 3.07106, 1.25], "texture": "#2", "cullface": "up"},
				"south": {"uv": [1, 0, 3.07106, 1.25], "texture": "#2", "cullface": "up"},
				"up": {"uv": [1, 1, 3.07106, 6], "texture": "#2", "cullface": "up"}
			}
		},
		{
			"from": [5.5, 16, 6.96447],
			"to": [10.5, 17.25, 9.03553],
			"rotation": {"angle": 22.5, "axis": "y", "origin": [8, 16.625, 8]},
			"faces": {
				"east": {"uv": [1, 0, 3.07106, 1.25], "texture": "#2", "cullface": "up"},
				"west": {"uv": [1, 0, 3.07106, 1.25], "texture": "#2", "cullface": "up"},
				"up": {"uv": [1, 1, 6, 3.07106], "texture": "#2", "cullface": "up"}
			}
		},
		{
			"from": [5.5, 16, 6.96447],
			"to": [10.5, 17.25, 9.03553],
			"rotation": {"angle": -22.5, "axis": "y", "origin": [8, 16.625, 8]},
			"faces": {
				"east": {"uv": [1, 0, 3.07106, 1.25], "texture": "#2", "cullface": "up"},
				"west": {"uv": [1, 0, 3.07106, 1.25], "texture": "#2", "cullface": "up"},
				"up": {"uv": [1, 1, 6, 3.07106], "texture": "#2", "cullface": "up"}
			}
		}
	],
	"display": {
		"thirdperson_righthand": {
			"rotation": [75, 45, 0],
			"translation": [0, 2.5, 0],
			"scale": [0.375, 0.375, 0.375]
		},
		"thirdperson_lefthand": {
			"rotation": [75, 45, 0],
			"translation": [0, 2.5, 0],
			"scale": [-0.375, 0.375, 0.375]
		},
		"firstperson_righthand": {
			"rotation": [0, 45, 0],
			"scale": [0.4, 0.4, 0.4]
		},
		"firstperson_lefthand": {
			"rotation": [0, 225, 0],
			"scale": [0.4, 0.4, 0.4]
		},
		"ground": {
			"translation": [0, 3, 0],
			"scale": [0.25, 0.25, 0.25]
		},
		"gui": {
			"rotation": [30, 135, 0],
			"scale": [0.625, 0.625, 0.625]
		},
		"head": {
			"translation": [0, 14.5, 0]
		},
		"fixed": {
			"scale": [0.5, 0.5, 0.5]
		}
	},
	"groups": [0, 1, 2, 3, 4, 5,
		{
			"name": "stud",
			"origin": [8, 8, 8],
			"color": 0,
			"children": [6, 7, 8, 9]
		}
	]
}