{
  "variants": {
    "": [
      {
        "model": "minecraft:block/andesite",
		"y": 90
      },
	  {
        "model": "minecraft:block/andesite",
		"y": 180
      },
	  {
        "model": "minecraft:block/andesite",
		"y": 270
      },
	  {
        "model": "minecraft:block/andesite"
      },
	  {
        "model": "minecraft:block/andesite_alternative",
		"y": 90
      },
	  {
        "model": "minecraft:block/andesite_alternative",
		"y": 180
      },
	  {
        "model": "minecraft:block/andesite_alternative",
		"y": 270
      },
	  {
        "model": "minecraft:block/andesite_alternative"
      }
    ]
  }
}
