{
  "multipart": [
    {
      "apply": {
        "model": "minecraft:block/andesite_wall_post"
      },
      "when": {
        "up": "true"
      }
    },
    {
      "apply": {
        "model": "minecraft:block/andesite_wall_post"
      },
      "when": {
        "up": "false"
      }
    },
    {
      "apply": {
        "model": "minecraft:block/andesite_wall_side",
        "uvlock": true
      },
      "when": {
        "north": "low"
      }
    },
    {
      "apply": {
        "model": "minecraft:block/andesite_wall_side",
        "uvlock": true,
        "y": 90
      },
      "when": {
        "east": "low"
      }
    },
    {
      "apply": {
        "model": "minecraft:block/andesite_wall_side_mirrored",
        "uvlock": true
      },
      "when": {
        "south": "low"
      }
    },
    {
      "apply": {
        "model": "minecraft:block/andesite_wall_side_mirrored",
        "uvlock": true,
        "y": 90
      },
      "when": {
        "west": "low"
      }
    },
    {
      "apply": {
        "model": "minecraft:block/andesite_wall_side",
        "uvlock": true
      },
      "when": {
        "north": "tall"
      }
    },
    {
      "apply": {
        "model": "minecraft:block/andesite_wall_side",
        "uvlock": true,
        "y": 90
      },
      "when": {
        "east": "tall"
      }
    },
    {
      "apply": {
        "model": "minecraft:block/andesite_wall_side_mirrored",
        "uvlock": true
      },
      "when": {
        "south": "tall"
      }
    },
    {
      "apply": {
        "model": "minecraft:block/andesite_wall_side_mirrored",
        "uvlock": true,
        "y": 90
      },
      "when": {
        "west": "tall"
      }
    }
  ]
}
