{
  "multipart": [
    {
      "when": {
            "down": "true"
      },
      "apply": {
        "model": "minecraft:block/chorus_plant_down"
      }
    },
    {
      "when": {
            "up": "true"
      },
      "apply": {
        "model": "minecraft:block/chorus_plant_top"
      }
    },
    {
      "when": {
            "north": "false",
            "down": "true"
      },
      "apply": {
        "model": "minecraft:block/chorus_plant_side_empty"
      }
    },
    {
      "when": {
            "south": "false",
            "down": "true"
      },
      "apply": {
        "model": "minecraft:block/chorus_plant_side_empty",
        "y": 180,
        "uvlock": true
      }
    },
    {
      "when": {
            "east": "false",
            "down": "true"
      },
      "apply": {
        "model": "minecraft:block/chorus_plant_side_empty",
        "y": 90,
        "uvlock": true
      }
    },
    {
      "when": {
            "west": "false",
            "down": "true"
      },
      "apply": {
        "model": "minecraft:block/chorus_plant_side_empty",
        "y": 270,
        "uvlock": true
      }
    },
    {
      "when": {
            "north": "true",
            "down": "true"
      },
      "apply": {
        "model": "minecraft:block/chorus_plant_side"
      }
    },
    {
      "when": {
            "south": "true",
            "down": "true"
      },
      "apply": {
        "model": "minecraft:block/chorus_plant_side",
        "y": 180,
        "uvlock": true
      }
    },
    {
      "when": {
            "east": "true",
            "down": "true"
      },
      "apply": {
        "model": "minecraft:block/chorus_plant_side",
        "y": 90,
        "uvlock": true
      }
    },
    {
      "when": {
            "west": "true",
            "down": "true"
      },
      "apply": {
        "model": "minecraft:block/chorus_plant_side",
        "y": 270,
        "uvlock": true
      }
    }
  ]
}
