{
  "variants": {
    "": [
      {
        "model": "minecraft:block/cobblestone",
		"y": 90
      },
	  {
        "model": "minecraft:block/cobblestone",
		"y": 180
      },
	  {
        "model": "minecraft:block/cobblestone",
		"y": 270
      },
	  {
        "model": "minecraft:block/cobblestone"
      },
	  {
        "model": "minecraft:block/cobblestone_alternative",
		"y": 90
      },
	  {
        "model": "minecraft:block/cobblestone_alternative",
		"y": 180
      },
	  {
        "model": "minecraft:block/cobblestone_alternative",
		"y": 270
      },
	  {
        "model": "minecraft:block/cobblestone_alternative"
      }
    ]
  }
}
