{
  "variants": {
    "": [
      {
        "model": "minecraft:block/cobbled_deepslate",
		"y": 90
      },
	  {
        "model": "minecraft:block/cobbled_deepslate",
		"y": 180
      },
	  {
        "model": "minecraft:block/cobbled_deepslate",
		"y": 270
      },
	  {
        "model": "minecraft:block/cobbled_deepslate"
      },
	  {
        "model": "minecraft:block/cobbled_deepslate_alternative",
		"y": 90
      },
	  {
        "model": "minecraft:block/cobbled_deepslate_alternative",
		"y": 180
      },
	  {
        "model": "minecraft:block/cobbled_deepslate_alternative",
		"y": 270
      },
	  {
        "model": "minecraft:block/cobbled_deepslate_alternative"
      }
    ]
  }
}
