{
  "variants": {
    "": [
      {
        "model": "minecraft:block/cobweb"
      },
      {
        "model": "minecraft:block/cobweb",
        "y": 90,
        "uvlock": true
      },
      {
        "model": "minecraft:block/cobweb",
        "y": 90,
        "x": 90,
        "uvlock": true
      },
      {
        "model": "minecraft:block/cobweb",
        "x": 90,
        "uvlock": true
      },
      {
        "model": "minecraft:block/cobweb_alternative"
      },
      {
        "model": "minecraft:block/cobweb_alternative",
        "y": 90,
        "uvlock": true
      },
      {
        "model": "minecraft:block/cobweb_alternative",
        "y": 90,
        "x": 90,
        "uvlock": true
      },
      {
        "model": "minecraft:block/cobweb_alternative",
        "x": 90,
        "uvlock": true
      }
    ]
  }
}
