{
  "variants": {
    "facing=east,in_wall=false,open=false": { "uvlock": true, "y": 270, "model": "minecraft:block/dark_oak_fence_gate" },
    "facing=east,in_wall=false,open=true": { "uvlock": true, "y": 270, "model": "minecraft:block/dark_oak_fence_gate_open" },
    "facing=east,in_wall=true,open=false": { "uvlock": true, "y": 270, "model": "minecraft:block/dark_oak_fence_gate" },
    "facing=east,in_wall=true,open=true": { "uvlock": true, "y": 270, "model": "minecraft:block/dark_oak_fence_gate_open" },
    "facing=north,in_wall=false,open=false": { "uvlock": true, "y": 180, "model": "minecraft:block/dark_oak_fence_gate" },
    "facing=north,in_wall=false,open=true": { "uvlock": true, "y": 180, "model": "minecraft:block/dark_oak_fence_gate_open" },
    "facing=north,in_wall=true,open=false": { "uvlock": true, "y": 180, "model": "minecraft:block/dark_oak_fence_gate" },
    "facing=north,in_wall=true,open=true": { "uvlock": true, "y": 180, "model": "minecraft:block/dark_oak_fence_gate_open" },
    "facing=south,in_wall=false,open=false": { "uvlock": true, "model": "minecraft:block/dark_oak_fence_gate" },
    "facing=south,in_wall=false,open=true": { "uvlock": true, "model": "minecraft:block/dark_oak_fence_gate_open" },
    "facing=south,in_wall=true,open=false": { "uvlock": true, "model": "minecraft:block/dark_oak_fence_gate" },
    "facing=south,in_wall=true,open=true": { "uvlock": true, "model": "minecraft:block/dark_oak_fence_gate_open" },
    "facing=west,in_wall=false,open=false": { "uvlock": true, "y": 90, "model": "minecraft:block/dark_oak_fence_gate" },
    "facing=west,in_wall=false,open=true": { "uvlock": true, "y": 90, "model": "minecraft:block/dark_oak_fence_gate_open" },
    "facing=west,in_wall=true,open=false": { "uvlock": true, "y": 90, "model": "minecraft:block/dark_oak_fence_gate" },
    "facing=west,in_wall=true,open=true": { "uvlock": true, "y": 90, "model": "minecraft:block/dark_oak_fence_gate_open" }
  }
}
