{
    "variants": {
        "north=false,south=false,east=false,west=false": { "model": "block/dark_oak_fence_post", "uvlock": true },

        "north=true,south=false,east=false,west=false": { "model": "block/dark_oak_fence_straight", "y": 90, "uvlock": true },
        "north=false,south=true,east=false,west=false": { "model": "block/dark_oak_fence_straight", "y": 90, "uvlock": true },
        "north=false,south=false,east=true,west=false": { "model": "block/dark_oak_fence_straight", "uvlock": true },
        "north=false,south=false,east=false,west=true": { "model": "block/dark_oak_fence_straight", "uvlock": true },

        "north=true,south=true,east=false,west=false": { "model": "block/dark_oak_fence_straight", "y": 90, "uvlock": true },
        "north=false,south=false,east=true,west=true": { "model": "block/dark_oak_fence_straight", "uvlock": true },

        "north=true,south=false,east=true,west=false": { "model": "block/dark_oak_fence_corner", "uvlock": true },
        "north=true,south=false,east=false,west=true": { "model": "block/dark_oak_fence_corner", "y": 270, "uvlock": true },
        "north=false,south=true,east=false,west=true": { "model": "block/dark_oak_fence_corner", "y": 180, "uvlock": true },
        "north=false,south=true,east=true,west=false": { "model": "block/dark_oak_fence_corner", "y": 90, "uvlock": true },

        "north=true,south=false,east=true,west=true": { "model": "block/dark_oak_fence_triple", "y": 270, "uvlock": true },
        "north=true,south=true,east=false,west=true": { "model": "block/dark_oak_fence_triple", "y": 180, "uvlock": true },
        "north=false,south=true,east=true,west=true": { "model": "block/dark_oak_fence_triple", "y": 90, "uvlock": true },
        "north=true,south=true,east=true,west=false": { "model": "block/dark_oak_fence_triple", "uvlock": true },

        "north=true,south=true,east=true,west=true": { "model": "block/dark_oak_fence_quadruple", "uvlock": true }
    }
}
