{
  "variants": {
    "": [
      {
        "model": "minecraft:block/dead_tube_coral",
		"y": 90
      },
	  {
        "model": "minecraft:block/dead_tube_coral",
		"y": 180
      },
	  {
        "model": "minecraft:block/dead_tube_coral",
		"y": 270
      },
	  {
        "model": "minecraft:block/dead_tube_coral"
      },
	  {
        "model": "minecraft:block/dead_tube_coral_alternative",
		"y": 90
      },
	  {
        "model": "minecraft:block/dead_tube_coral_alternative",
		"y": 180
      },
	  {
        "model": "minecraft:block/dead_tube_coral_alternative",
		"y": 270
      },
	  {
        "model": "minecraft:block/dead_tube_coral_alternative"
      }
    ]
  }
}
