{
  "variants": {
    "": [
      {
        "model": "minecraft:block/deepslate",
		"y": 90,
    "uvlock": true
      },
	  {
        "model": "minecraft:block/deepslate",
		"y": 180,
    "uvlock": true
      },
	  {
        "model": "minecraft:block/deepslate",
		"y": 270,
    "uvlock": true
      },
	  {
        "model": "minecraft:block/deepslate",
        "uvlock": true
      },
	  {
        "model": "minecraft:block/deepslate_alternative",
		"y": 90,
    "uvlock": true
      },
	  {
        "model": "minecraft:block/deepslate_alternative",
		"y": 180,
    "uvlock": true
      },
	  {
        "model": "minecraft:block/deepslate_alternative",
		"y": 270,
    "uvlock": true
      },
	  {
        "model": "minecraft:block/deepslate_alternative",
        "uvlock": true
      }
    ]
  }
}
