{
  "variants": {
    "": [
      {
        "model": "minecraft:block/deepslate_diamond_ore",
		"y": 90
      },
	  {
        "model": "minecraft:block/deepslate_diamond_ore",
		"y": 180
      },
	  {
        "model": "minecraft:block/deepslate_diamond_ore",
		"y": 270
      },
	  {
        "model": "minecraft:block/deepslate_diamond_ore"
      },
	  {
        "model": "minecraft:block/deepslate_diamond_ore_alternative",
		"y": 90
      },
	  {
        "model": "minecraft:block/deepslate_diamond_ore_alternative",
		"y": 180
      },
	  {
        "model": "minecraft:block/deepslate_diamond_ore_alternative",
		"y": 270
      },
	  {
        "model": "minecraft:block/deepslate_diamond_ore_alternative"
      }
    ]
  }
}
