{
  "variants": {
    "": [
      {
        "model": "minecraft:block/diorite",
		"y": 90
      },
	  {
        "model": "minecraft:block/diorite",
		"y": 180
      },
	  {
        "model": "minecraft:block/diorite",
		"y": 270
      },
	  {
        "model": "minecraft:block/diorite"
      },
	  {
        "model": "minecraft:block/diorite_alternative",
		"y": 90
      },
	  {
        "model": "minecraft:block/diorite_alternative",
		"y": 180
      },
	  {
        "model": "minecraft:block/diorite_alternative",
		"y": 270
      },
	  {
        "model": "minecraft:block/diorite_alternative"
      }
    ]
  }
}
