{
  "multipart": [
    {
      "apply": {
        "model": "minecraft:block/gray_stained_glass_pane_post"
      },
      "when": {
        "north": false,
        "east": false,
        "south": false,
        "west": false
      }
    },
    {
      "apply": {
        "model": "minecraft:block/gray_stained_glass_pane_side"
      },
      "when": {
        "north": "true"
      }
    },
    {
      "apply": {
        "model": "minecraft:block/gray_stained_glass_pane_side",
        "y": 90
      },
      "when": {
        "east": "true"
      }
    },
    {
      "apply": {
        "model": "minecraft:block/gray_stained_glass_pane_side",
        "y": 180
      },
      "when": {
        "south": "true"
      }
    },
    {
      "apply": {
        "model": "minecraft:block/gray_stained_glass_pane_side",
        "y": 270
      },
      "when": {
        "west": "true"
      }
    }
  ]
}
