{
  "variants": {
    "has_record=false": [ {
        "model": "minecraft:block/jukebox"
      },
      {
        "model": "minecraft:block/jukebox",
        "y": 90
      },
      {
        "model": "minecraft:block/jukebox",
        "y": 180
      },
      {
        "model": "minecraft:block/jukebox",
        "y": 270
      }
    ],
    "has_record=true": [ {
        "model": "minecraft:block/jukebox_record"
      },
      {
        "model": "minecraft:block/jukebox_record",
        "y": 90
      },
      {
        "model": "minecraft:block/jukebox_record",
        "y": 180
      },
      {
        "model": "minecraft:block/jukebox_record",
        "y": 270
      }
    ]
  }
}
