{
  "variants": {
    "": [
      {
        "model": "minecraft:block/lapis_ore",
		"y": 90
      },
	  {
        "model": "minecraft:block/lapis_ore",
		"y": 180
      },
	  {
        "model": "minecraft:block/lapis_ore",
		"y": 270
      },
	  {
        "model": "minecraft:block/lapis_ore"
      },
	  {
        "model": "minecraft:block/lapis_ore_alternative",
		"y": 90
      },
	  {
        "model": "minecraft:block/lapis_ore_alternative",
		"y": 180
      },
	  {
        "model": "minecraft:block/lapis_ore_alternative",
		"y": 270
      },
	  {
        "model": "minecraft:block/lapis_ore_alternative"
      }
    ]
  }
}
