{
  "variants": {
    "half=lower": [{
      "model": "minecraft:block/lilac_bottom"
    },
    {
      "model": "minecraft:block/lilac_bottom",
      "y": 90
    },
    {
      "model": "minecraft:block/lilac_bottom",
      "y": 180
    },
    {
      "model": "minecraft:block/lilac_bottom",
      "y": 270
    }],
    "half=upper": [{
      "model": "minecraft:block/lilac_top"
    },
    {
      "model": "minecraft:block/lilac_top",
      "y": 90
    },
    {
      "model": "minecraft:block/lilac_top",
      "y": 180
    },
    {
      "model": "minecraft:block/lilac_top",
      "y": 270
    }]
  }
}
