{
  "variants": {
    "": [
      {
        "model": "minecraft:block/orange_concrete_powder",
		"y": 90
      },
	  {
        "model": "minecraft:block/orange_concrete_powder",
		"y": 180
      },
	  {
        "model": "minecraft:block/orange_concrete_powder",
		"y": 270
      },
	  {
        "model": "minecraft:block/orange_concrete_powder"
      },
	  {
        "model": "minecraft:block/orange_concrete_powder_alternative",
		"y": 90
      },
	  {
        "model": "minecraft:block/orange_concrete_powder_alternative",
		"y": 180
      },
	  {
        "model": "minecraft:block/orange_concrete_powder_alternative",
		"y": 270
      },
	  {
        "model": "minecraft:block/orange_concrete_powder_alternative"
      }
    ]
  }
}
