{
  "variants": {
    "thickness=base,vertical_direction=down": {
      "model": "minecraft:block/pointed_dripstone_base",
      "x": 180
    },
    "thickness=base,vertical_direction=up": {
      "model": "minecraft:block/pointed_dripstone_base"
    },
    "thickness=frustum,vertical_direction=down": {
      "model": "minecraft:block/pointed_dripstone_middle",
      "x": 180
    },
    "thickness=frustum,vertical_direction=up": {
      "model": "minecraft:block/pointed_dripstone_middle"
    },
    "thickness=middle,vertical_direction=down": {
      "model": "minecraft:block/pointed_dripstone_base",
      "x": 180
    },
    "thickness=middle,vertical_direction=up": {
      "model": "minecraft:block/pointed_dripstone_base"
    },
    "thickness=tip,vertical_direction=down": {
      "model": "minecraft:block/pointed_dripstone_tip",
      "x": 180
    },
    "thickness=tip,vertical_direction=up": {
      "model": "minecraft:block/pointed_dripstone_tip"
    },
    "thickness=tip_merge,vertical_direction=down": {
      "model": "minecraft:block/pointed_dripstone_middle",
      "x": 180
    },
    "thickness=tip_merge,vertical_direction=up": {
      "model": "minecraft:block/pointed_dripstone_middle"
    }
  }
}
