{
  "multipart": [
    {
      "when": {
            "south": "none",
            "north": "none",
            "west": "none",
            "east": "none"
      },
      "apply": {
        "model": "minecraft:block/redstone_dust_dot"
      }
    },
    {
      "when": {
            "south": "side|up",
            "north": "side|up",
            "west": "side|up",
            "east": "side|up"
      },
      "apply": {
        "model": "minecraft:block/redstone_dust_quadruple"
      }
    },
    {
      "when": {
        "OR": [
          {
            "south": "side|up",
            "north": "none",
            "west": "none",
            "east": "none"
          },
          {
            "south": "none",
            "north": "side|up",
            "west": "none",
            "east": "none"
          },
          {
            "south": "side|up",
            "north": "side|up",
            "west": "none",
            "east": "none"
          }
        ]
      },
      "apply": {
        "model": "minecraft:block/redstone_dust_straight",
        "y": 90,
        "uvlock": true
      }
    },
    {
      "when": {
        "OR": [
          {
            "south": "none",
            "north": "none",
            "west": "side|up",
            "east": "none"
          },
          {
            "south": "none",
            "north": "none",
            "west": "none",
            "east": "side|up"
          },
          {
            "south": "none",
            "north": "none",
            "west": "side|up",
            "east": "side|up"
          }
        ]
      },
      "apply": {
        "model": "minecraft:block/redstone_dust_straight",
        "uvlock": true
      }
    },
    {
      "when": {
        "north": "side|up",
        "south": "none",
        "west": "side|up",
        "east": "none"
      },
      "apply": {
        "model": "minecraft:block/redstone_dust_corner"
      }
    },
    {
      "when": {
        "north": "side|up",
        "south": "none",
        "west": "none",
        "east": "side|up"
      },
      "apply": {
        "model": "minecraft:block/redstone_dust_corner",
        "y": 90,
        "uvlock": true
      }
    },
    {
      "when": {
        "north": "none",
        "south": "side|up",
        "west": "side|up",
        "east": "none"
      },
      "apply": {
        "model": "minecraft:block/redstone_dust_corner",
        "y": 270,
        "uvlock": true
      }
    },
    {
      "when": {
        "north": "none",
        "south": "side|up",
        "west": "none",
        "east": "side|up"
      },
      "apply": {
        "model": "minecraft:block/redstone_dust_corner",
        "y": 180,
        "uvlock": true
      }
    },
    {
      "when": {
        "north": "side|up",
        "south": "side|up",
        "west": "side|up",
        "east": "none"
      },
      "apply": {
        "model": "minecraft:block/redstone_dust_triple",
        "y": 270
      }
    },
    {
      "when": {
        "north": "side|up",
        "south": "side|up",
        "west": "none",
        "east": "side|up"
      },
      "apply": {
        "model": "minecraft:block/redstone_dust_triple",
        "y": 90,
        "uvlock": true
      }
    },
    {
      "when": {
        "north": "none",
        "south": "side|up",
        "west": "side|up",
        "east": "side|up"
      },
      "apply": {
        "model": "minecraft:block/redstone_dust_triple",
        "y": 180,
        "uvlock": true
      }
    },
    {
      "when": {
        "north": "side|up",
        "south": "none",
        "west": "side|up",
        "east": "side|up"
      },
      "apply": {
        "model": "minecraft:block/redstone_dust_triple",
        "uvlock": true
      }
    },
    {
      "when": {
        "north": "up"
      },
      "apply": {
        "model": "minecraft:block/redstone_dust_up"
      }
    },
    {
      "when": {
        "east": "up"
      },
      "apply": {
        "model": "minecraft:block/redstone_dust_up",
        "y": 90
      }
    },
    {
      "when": {
        "south": "up"
      },
      "apply": {
        "model": "minecraft:block/redstone_dust_up",
        "y": 180
      }
    },
    {
      "when": {
        "west": "up"
      },
      "apply": {
        "model": "minecraft:block/redstone_dust_up",
        "y": 270
      }
    }
  ]
}
