{
  "variants": {
    "pickles=1,waterlogged=false": [
      {
        "model": "minecraft:block/sea_pickle_dead"
      },
      {
        "model": "minecraft:block/sea_pickle_dead",
        "y": 90
      },
      {
        "model": "minecraft:block/sea_pickle_dead",
        "y": 180
      },
      {
        "model": "minecraft:block/sea_pickle_dead",
        "y": 270
      }
    ],
    "pickles=1,waterlogged=true": [
      {
        "model": "minecraft:block/sea_pickle"
      },
      {
        "model": "minecraft:block/sea_pickle",
        "y": 90
      },
      {
        "model": "minecraft:block/sea_pickle",
        "y": 180
      },
      {
        "model": "minecraft:block/sea_pickle",
        "y": 270
      }
    ],
    "pickles=2,waterlogged=false": [
      {
        "model": "minecraft:block/sea_pickle_two_dead"
      },
      {
        "model": "minecraft:block/sea_pickle_two_dead",
        "y": 90
      },
      {
        "model": "minecraft:block/sea_pickle_two_dead",
        "y": 180
      },
      {
        "model": "minecraft:block/sea_pickle_two_dead",
        "y": 270
      }
    ],
    "pickles=2,waterlogged=true": [
      {
        "model": "minecraft:block/sea_pickle_two"
      },
      {
        "model": "minecraft:block/sea_pickle_two",
        "y": 90
      },
      {
        "model": "minecraft:block/sea_pickle_two",
        "y": 180
      },
      {
        "model": "minecraft:block/sea_pickle_two",
        "y": 270
      }
    ],
    "pickles=3,waterlogged=false": [
      {
        "model": "minecraft:block/sea_pickle_three_dead"
      },
      {
        "model": "minecraft:block/sea_pickle_three_dead",
        "y": 90
      },
      {
        "model": "minecraft:block/sea_pickle_three_dead",
        "y": 180
      },
      {
        "model": "minecraft:block/sea_pickle_three_dead",
        "y": 270
      }
    ],
    "pickles=3,waterlogged=true": [
      {
        "model": "minecraft:block/sea_pickle_three"
      },
      {
        "model": "minecraft:block/sea_pickle_three",
        "y": 90
      },
      {
        "model": "minecraft:block/sea_pickle_three",
        "y": 180
      },
      {
        "model": "minecraft:block/sea_pickle_three",
        "y": 270
      }
    ],
    "pickles=4,waterlogged=false": [
      {
        "model": "minecraft:block/sea_pickle_four_dead"
      },
      {
        "model": "minecraft:block/sea_pickle_four_dead",
        "y": 90
      },
      {
        "model": "minecraft:block/sea_pickle_four_dead",
        "y": 180
      },
      {
        "model": "minecraft:block/sea_pickle_four_dead",
        "y": 270
      }
    ],
    "pickles=4,waterlogged=true": [
      {
        "model": "minecraft:block/sea_pickle_four"
      },
      {
        "model": "minecraft:block/sea_pickle_four",
        "y": 90
      },
      {
        "model": "minecraft:block/sea_pickle_four",
        "y": 180
      },
      {
        "model": "minecraft:block/sea_pickle_four",
        "y": 270
      }
    ]
  }
}
