{
  "variants": {
    "layers=1": [
      {
        "model": "minecraft:block/snow_01",
        "uvlock": true
      },
      {
        "model": "minecraft:block/snow_01",
        "y": 90,
        "uvlock": true
      },
      {
        "model": "minecraft:block/snow_01",
        "y": 180,
        "uvlock": true
      },
      {
        "model": "minecraft:block/snow_01",
        "y": 270,
        "uvlock": true
      }
    ],
    "layers=2": [ {
      "model": "minecraft:block/snow_02",
      "uvlock": true
    } ],
    "layers=3": [ {
      "model": "minecraft:block/snow_03",
      "uvlock": true
    } ],
    "layers=4": [
      {
        "model": "minecraft:block/snow_04",
        "uvlock": true
      },
      {
        "model": "minecraft:block/snow_04",
        "y": 90,
        "uvlock": true
      },
      {
        "model": "minecraft:block/snow_04",
        "y": 180,
        "uvlock": true
      },
      {
        "model": "minecraft:block/snow_04",
        "y": 270,
        "uvlock": true
      }
    ],
    "layers=5": [
      {
        "model": "minecraft:block/snow_05",
        "uvlock": true
      },
      {
        "model": "minecraft:block/snow_05",
        "y": 90,
        "uvlock": true
      }
    ],
    "layers=6": [
      {
        "model": "minecraft:block/snow_06",
        "uvlock": true
      },
      {
        "model": "minecraft:block/snow_06",
        "y": 90,
        "uvlock": true
      }
    ],
    "layers=7": [
      {
        "model": "minecraft:block/snow_07",
        "uvlock": true
      },
      {
        "model": "minecraft:block/snow_07",
        "y": 90,
        "uvlock": true
      },
      {
        "model": "minecraft:block/snow_07",
        "y": 180,
        "uvlock": true
      },
      {
        "model": "minecraft:block/snow_07",
        "y": 270,
        "uvlock": true
      }
    ],
    "layers=8": [
      {
      "model": "minecraft:block/snow_block",
      "uvlock": true
      }
    ]
  }
}
