{
    "providers": [
        {
               "type": "bitmap",
               "file": "font/icons/levels.png",
               "ascent": 13,
               "height": 20,
               "chars": [ "\uEE00\uEE01\uEE02\uEE03\uEE04\uEE05\uEE06\uEE07\uEE08\uEE09",
                          "\uEE10\uEE11\uEE12\uEE13\uEE14\uEE15\uEE16\uEE17\uEE18\uEE19",
                          "\uEE20\uEE21\uEE22\uEE23\uEE24\uEE25\uEE26\uEE27\uEE28\uEE29",
                          "\uEE30\uEE31\uEE32\uEE33\uEE34\uEE35\uEE36\uEE37\uEE38\uEE39",
                          "\uEE40\uEE41\uEE42\uEE43\uEE44\uEE45\uEE46\uEE47\uEE48\uEE49",
                          "\uEE50\uEE51\uEE52\uEE53\uEE54\uEE55\uEE56\uEE57\uEE58\uEE59",
                          "\uEE60\uEE61\uEE62\uEE63\uEE64\uEE65\uEE66\uEE67\uEE68\uEE69",
                          "\uEE70\uEE71\uEE72\uEE73\uEE74\uEE75\uEE76\uEE77\uEE78\uEE79",
                          "\uEE80\uEE81\uEE82\uEE83\uEE84\uEE85\uEE86\uEE87\uEE88\uEE89",
                          "\uEE90\uEE91\uEE92\uEE93\uEE94\uEE95\uEE96\uEE97\uEE98\uEE99" ]
        },
        {
              "type":"bitmap",
              "file":"font/brickcraft_logo.png",
              "ascent":25,
              "height":100,
              "chars":  [ "\uEF00\uEF01" ]
        },
        {
            "type": "bitmap",
            "file": "minecraft:font/ui/discord_anim.png",
            "ascent": -15,
            "height": 40,
            "chars": [ "\uEF10",
                       "\uEF11" ]
        },
        {
            "type": "bitmap",
            "file": "minecraft:font/ui/discord.png",
            "ascent": -15,
            "height": 40,
            "chars": [ "\uEF12" ]
        },
        {
            "type": "bitmap",
            "file": "minecraft:font/ui/discord_message.png",
            "ascent": -15,
            "height": 41,
            "chars": [ "\uEF20\uEF21\uEF22" ]
        },
        {
            "type": "bitmap",
            "file": "minecraft:font/ui/leave.png",
            "ascent": 9,
            "height": 14,
            "chars": [ "\uEF50" ]
        },
        {
            "type": "bitmap",
            "file": "font/space_nosplit.png",
            "ascent": -32768,
            "height": -3,
            "chars": [
                "\uF001"
            ]
        },
        {
            "type": "bitmap",
            "file": "font/space_nosplit.png",
            "ascent": -32768,
            "height": -4,
            "chars": [
                "\uF002"
            ]
        },
        {
            "type": "bitmap",
            "file": "font/space_nosplit.png",
            "ascent": -32768,
            "height": -5,
            "chars": [
                "\uF003"
            ]
        },
        {
            "type": "bitmap",
            "file": "font/space_nosplit.png",
            "ascent": -32768,
            "height": -6,
            "chars": [
                "\uF004"
            ]
        },
        {
            "type": "bitmap",
            "file": "font/space_nosplit.png",
            "ascent": -32768,
            "height": -7,
            "chars": [
                "\uF005"
            ]
        },
        {
            "type": "bitmap",
            "file": "font/space_nosplit.png",
            "ascent": -32768,
            "height": -8,
            "chars": [
                "\uF006"
            ]
        },
        {
            "type": "bitmap",
            "file": "font/space_nosplit.png",
            "ascent": -32768,
            "height": -9,
            "chars": [
                "\uF007"
            ]
        },
        {
            "type": "bitmap",
            "file": "font/space_nosplit.png",
            "ascent": -32768,
            "height": -10,
            "chars": [
                "\uF008"
            ]
        },
        {
            "type": "bitmap",
            "file": "font/space_nosplit.png",
            "ascent": -32768,
            "height": -11,
            "chars": [
                "\uF009"
            ]
        },
        {
            "type": "bitmap",
            "file": "font/space_nosplit.png",
            "ascent": -32768,
            "height": -12,
            "chars": [
                "\uF010"
            ]
        },
        {
            "type": "bitmap",
            "file": "font/space_nosplit.png",
            "ascent": -32768,
            "height": -13,
            "chars": [
                "\uF011"
            ]
        },
        {
            "type": "bitmap",
            "file": "font/space_nosplit.png",
            "ascent": -32768,
            "height": -14,
            "chars": [
                "\uF012"
            ]
        },
        {
            "type": "bitmap",
            "file": "font/space_nosplit.png",
            "ascent": -32768,
            "height": -15,
            "chars": [
                "\uF013"
            ]
        },
        {
            "type": "bitmap",
            "file": "font/space_nosplit.png",
            "ascent": -32768,
            "height": -16,
            "chars": [
                "\uF014"
            ]
        },
        {
            "type": "bitmap",
            "file": "font/space_nosplit.png",
            "ascent": -32768,
            "height": -17,
            "chars": [
                "\uF015"
            ]
        },
        {
            "type": "bitmap",
            "file": "font/space_nosplit.png",
            "ascent": -32768,
            "height": -18,
            "chars": [
                "\uF016"
            ]
        },
        {
            "type": "bitmap",
            "file": "font/space_nosplit.png",
            "ascent": -32768,
            "height": -34,
            "chars": [
                "\uF032"
            ]
        },
        {
            "type": "bitmap",
            "file": "font/space_nosplit.png",
            "ascent": -32768,
            "height": -41,
            "chars": [
                "\uF039"
            ]
        },
        {
            "type": "bitmap",
            "file": "font/space_nosplit.png",
            "ascent": -32768,
            "height": -53,
            "chars": [
                "\uF050"
            ]
        },
        {
            "type": "bitmap",
            "file": "font/space_nosplit.png",
            "ascent": -32768,
            "height": -66,
            "chars": [
                "\uF064"
            ]
        },
        {
            "type": "bitmap",
            "file": "font/space_nosplit.png",
            "ascent": -32768,
            "height": -130,
            "chars": [
                "\uF128"
            ]
        },
        {
            "type": "bitmap",
            "file": "font/space_nosplit.png",
            "ascent": -32768,
            "height": -258,
            "chars": [
                "\uF256"
            ]
        },
        {
            "type": "bitmap",
            "file": "font/space_nosplit.png",
            "ascent": -32768,
            "height": -514,
            "chars": [
                "\uF512"
            ]
        },
        {
            "type": "bitmap",
            "file": "font/space_nosplit.png",
            "ascent": -32768,
            "height": -1026,
            "chars": [
                "\uFA24"
            ]
        },
        {
            "type": "bitmap",
            "file": "font/space_nosplit.png",
            "ascent": -65536,
            "height": -32770,
            "chars": [
                "\uFA99"
            ]
        },
        {
            "type": "bitmap",
            "file": "font/space_nosplit.png",
            "ascent": -32768,
            "height": 0,
            "chars": [
                "\uF831"
            ]
        },
        {
            "type": "bitmap",
            "file": "font/space_nosplit.png",
            "ascent": -32768,
            "height": 1,
            "chars": [
                "\uF832"
            ]
        },
        {
            "type": "bitmap",
            "file": "font/space_nosplit.png",
            "ascent": -32768,
            "height": 2,
            "chars": [
                "\uF833"
            ]
        },
        {
            "type": "bitmap",
            "file": "font/space_nosplit.png",
            "ascent": -32768,
            "height": 3,
            "chars": [
                "\uF834"
            ]
        },
        {
            "type": "bitmap",
            "file": "font/space_nosplit.png",
            "ascent": -32768,
            "height": 4,
            "chars": [
                "\uF835"
            ]
        },
        {
            "type": "bitmap",
            "file": "font/space_nosplit.png",
            "ascent": -32768,
            "height": 5,
            "chars": [
                "\uF836"
            ]
        },
        {
            "type": "bitmap",
            "file": "font/space_nosplit.png",
            "ascent": -32768,
            "height": 6,
            "chars": [
                "\uF837"
            ]
        },
        {
            "type": "bitmap",
            "file": "font/space_nosplit.png",
            "ascent": -32768,
            "height": 7,
            "chars": [
                "\uF838"
            ]
        },
        {
            "type": "bitmap",
            "file": "font/space_nosplit.png",
            "ascent": -32768,
            "height": 15,
            "chars": [
                "\uF839"
            ]
        },
        {
            "type": "bitmap",
            "file": "font/space_nosplit.png",
            "ascent": -32768,
            "height": 31,
            "chars": [
                "\uF83A"
            ]
        },
        {
            "type": "bitmap",
            "file": "font/space_nosplit.png",
            "ascent": -32768,
            "height": 63,
            "chars": [
                "\uF83B"
            ]
        },
        {
            "type": "bitmap",
            "file": "font/space_nosplit.png",
            "ascent": -32768,
            "height": 127,
            "chars": [
                "\uF83C"
            ]
        },
        {
            "type": "bitmap",
            "file": "font/space_nosplit.png",
            "ascent": -32768,
            "height": 255,
            "chars": [
                "\uF83D"
            ]
        },
        {
            "type": "bitmap",
            "file": "font/space_nosplit.png",
            "ascent": -32768,
            "height": 511,
            "chars": [
                "\uF83E"
            ]
        },
        {
            "type": "bitmap",
            "file": "font/space_nosplit.png",
            "ascent": -32768,
            "height": 1023,
            "chars": [
                "\uF83F"
            ]
        },
        {
            "type": "bitmap",
            "file": "font/space_nosplit.png",
            "ascent": -65536,
            "height": 32767,
            "chars": [
                "\uF830"
            ]
        },
        {
            "type": "ttf",
            "file": "minecraft:font.ttf",
			"shift": [0, 0.5],
			"size": 11.0,
			"oversample": 6.0,
			"skip": ""
    }
	]
}
