{
	"credit": "AlexTestria | https://alex-bauerndistel.de",
	"textures": {
		"0": "brickcraft/material/plastics/shader_support/plastic70",
		"2": "brickcraft/material/plastics/shader_support/plastic61",
		"3": "brickcraft/material/plastics/shader_support/plastic28",
		"5": "brickcraft/material/plastics/shader_support/plastic71",
		"particle": "brickcraft/material/plastics/shader_support/plastic70"
	},
	"elements": [
		{
			"name": "hexadecagon",
			"from": [7.50272, 1.75, 5.5],
			"to": [8.49728, 3, 10.5],
			"rotation": {"angle": 45, "axis": "y", "origin": [8, 2.25, 8]},
			"faces": {
				"north": {"uv": [1, 1, 1.99456, 2.25], "texture": "#2"},
				"south": {"uv": [1, 1, 1.99456, 2.25], "texture": "#2"}
			}
		},
		{
			"name": "hexadecagon",
			"from": [7.50272, 1.75, 5.5],
			"to": [8.49728, 3, 10.5],
			"rotation": {"angle": 22.5, "axis": "y", "origin": [8, 2.25, 8]},
			"faces": {
				"north": {"uv": [1, 1, 1.99456, 2.25], "texture": "#2"},
				"south": {"uv": [1, 1, 1.99456, 2.25], "texture": "#2"}
			}
		},
		{
			"name": "hexadecagon",
			"from": [7.50272, 1.75, 5.5],
			"to": [8.49728, 3, 10.5],
			"rotation": {"angle": 0, "axis": "y", "origin": [8, 2.25, 8]},
			"faces": {
				"north": {"uv": [1, 1, 1.99456, 2.25], "texture": "#2"},
				"south": {"uv": [1, 1, 1.99456, 2.25], "texture": "#2"}
			}
		},
		{
			"name": "hexadecagon",
			"from": [7.50272, 1.75, 5.5],
			"to": [8.49728, 3, 10.5],
			"rotation": {"angle": -22.5, "axis": "y", "origin": [8, 2.25, 8]},
			"faces": {
				"north": {"uv": [1, 1, 1.99456, 2.25], "texture": "#2"},
				"south": {"uv": [1, 1, 1.99456, 2.25], "texture": "#2"}
			}
		},
		{
			"name": "hexadecagon",
			"from": [7.50272, 1.75, 5.5],
			"to": [8.49728, 3, 10.5],
			"rotation": {"angle": -45, "axis": "y", "origin": [8, 2.25, 8]},
			"faces": {
				"north": {"uv": [1, 1, 1.99456, 2.25], "texture": "#2"},
				"south": {"uv": [1, 1, 1.99456, 2.25], "texture": "#2"}
			}
		},
		{
			"name": "hexadecagon",
			"from": [5.5, 1.75, 7.50272],
			"to": [10.5, 3, 8.49728],
			"rotation": {"angle": 22.5, "axis": "y", "origin": [8, 2.25, 8]},
			"faces": {
				"east": {"uv": [1, 1, 1.99456, 2.25], "texture": "#2"},
				"west": {"uv": [1, 1, 1.99456, 2.25], "texture": "#2"}
			}
		},
		{
			"name": "hexadecagon",
			"from": [5.5, 1.75, 7.50272],
			"to": [10.5, 3, 8.49728],
			"rotation": {"angle": 0, "axis": "y", "origin": [8, 2.25, 8]},
			"faces": {
				"east": {"uv": [1, 1, 1.99456, 2.25], "texture": "#2"},
				"west": {"uv": [1, 1, 1.99456, 2.25], "texture": "#2"}
			}
		},
		{
			"name": "hexadecagon",
			"from": [5.5, 1.75, 7.50272],
			"to": [10.5, 3, 8.49728],
			"rotation": {"angle": -22.5, "axis": "y", "origin": [8, 2.25, 8]},
			"faces": {
				"east": {"uv": [1, 1, 1.99456, 2.25], "texture": "#2"},
				"west": {"uv": [1, 1, 1.99456, 2.25], "texture": "#2"}
			}
		},
		{
			"name": "hexadecagon",
			"from": [7.35353, 0, 4.75],
			"to": [8.64647, 1.25, 11.25],
			"rotation": {"angle": -45, "axis": "y", "origin": [8, 0.25, 8]},
			"faces": {
				"north": {"uv": [1, 1, 2.29294, 2.25], "texture": "#2"},
				"south": {"uv": [1, 1, 2.29294, 2.25], "texture": "#2"},
				"down": {"uv": [1, 1, 2.29294, 7.5], "texture": "#2", "cullface": "down"}
			}
		},
		{
			"name": "hexadecagon",
			"from": [7.35353, 0, 4.75],
			"to": [8.64647, 1.25, 11.25],
			"rotation": {"angle": -22.5, "axis": "y", "origin": [8, 0.25, 8]},
			"faces": {
				"north": {"uv": [1, 1, 2.29294, 2.25], "texture": "#2"},
				"south": {"uv": [1, 1, 2.29294, 2.25], "texture": "#2"},
				"down": {"uv": [1, 1, 2.29294, 7.5], "texture": "#2", "cullface": "down"}
			}
		},
		{
			"name": "hexadecagon",
			"from": [7.35353, 0, 4.75],
			"to": [8.64647, 1.25, 11.25],
			"rotation": {"angle": 0, "axis": "y", "origin": [8, 0.25, 8]},
			"faces": {
				"north": {"uv": [1, 1, 2.29294, 2.25], "texture": "#2"},
				"south": {"uv": [1, 1, 2.29294, 2.25], "texture": "#2"},
				"down": {"uv": [1, 1, 2.29294, 7.5], "texture": "#2", "cullface": "down"}
			}
		},
		{
			"name": "hexadecagon",
			"from": [7.35353, 0, 4.75],
			"to": [8.64647, 1.25, 11.25],
			"rotation": {"angle": 22.5, "axis": "y", "origin": [8, 0.25, 8]},
			"faces": {
				"north": {"uv": [1, 1, 2.29294, 2.25], "texture": "#2"},
				"south": {"uv": [1, 1, 2.29294, 2.25], "texture": "#2"},
				"down": {"uv": [1, 1, 2.29294, 7.5], "texture": "#2", "cullface": "down"}
			}
		},
		{
			"name": "hexadecagon",
			"from": [7.35353, 0, 4.75],
			"to": [8.64647, 1.25, 11.25],
			"rotation": {"angle": 45, "axis": "y", "origin": [8, 0.25, 8]},
			"faces": {
				"north": {"uv": [1, 1, 2.29294, 2.25], "texture": "#2"},
				"south": {"uv": [1, 1, 2.29294, 2.25], "texture": "#2"},
				"down": {"uv": [1, 1, 2.29294, 7.5], "texture": "#2", "cullface": "down"}
			}
		},
		{
			"name": "hexadecagon",
			"from": [4.75, 0, 7.35353],
			"to": [11.25, 1.25, 8.64647],
			"rotation": {"angle": -22.5, "axis": "y", "origin": [8, 0.25, 8]},
			"faces": {
				"east": {"uv": [1, 1, 2.29294, 2.25], "texture": "#2"},
				"west": {"uv": [1, 1, 2.29294, 2.25], "texture": "#2"},
				"down": {"uv": [1, 1, 7.5, 2.29294], "texture": "#2", "cullface": "down"}
			}
		},
		{
			"name": "hexadecagon",
			"from": [4.75, 0, 7.35353],
			"to": [11.25, 1.25, 8.64647],
			"rotation": {"angle": 0, "axis": "y", "origin": [8, 0.25, 8]},
			"faces": {
				"east": {"uv": [1, 1, 2.29294, 2.25], "texture": "#2"},
				"west": {"uv": [1, 1, 2.29294, 2.25], "texture": "#2"},
				"down": {"uv": [1, 1, 7.5, 2.29294], "texture": "#2", "cullface": "down"}
			}
		},
		{
			"name": "hexadecagon",
			"from": [4.75, 0, 7.35353],
			"to": [11.25, 1.25, 8.64647],
			"rotation": {"angle": 22.5, "axis": "y", "origin": [8, 0.25, 8]},
			"faces": {
				"east": {"uv": [1, 1, 2.29294, 2.25], "texture": "#2"},
				"west": {"uv": [1, 1, 2.29294, 2.25], "texture": "#2"},
				"down": {"uv": [1, 1, 7.5, 2.29294], "texture": "#2", "cullface": "down"}
			}
		},
		{
			"name": "hexadecagon",
			"from": [7.25408, 1.25, 4.25],
			"to": [8.74592, 1.75, 11.75],
			"rotation": {"angle": -45, "axis": "y", "origin": [8, 1.75, 8]},
			"faces": {
				"north": {"uv": [1, 1, 2.49184, 1.5], "texture": "#2"},
				"south": {"uv": [1, 1, 2.49184, 1.5], "texture": "#2"},
				"up": {"uv": [1, 1, 2.49184, 8.5], "texture": "#2"},
				"down": {"uv": [1, 1, 2.49184, 8.5], "texture": "#2"}
			}
		},
		{
			"name": "hexadecagon",
			"from": [7.25408, 1.25, 4.25],
			"to": [8.74592, 1.75, 11.75],
			"rotation": {"angle": -22.5, "axis": "y", "origin": [8, 1.75, 8]},
			"faces": {
				"north": {"uv": [1, 1, 2.49184, 1.5], "texture": "#2"},
				"south": {"uv": [1, 1, 2.49184, 1.5], "texture": "#2"},
				"up": {"uv": [1, 1, 2.49184, 8.5], "texture": "#2"},
				"down": {"uv": [1, 1, 2.49184, 8.5], "texture": "#2"}
			}
		},
		{
			"name": "hexadecagon",
			"from": [7.25408, 1.25, 4.25],
			"to": [8.74592, 1.75, 11.75],
			"rotation": {"angle": 0, "axis": "y", "origin": [8, 1.75, 8]},
			"faces": {
				"north": {"uv": [1, 1, 2.49184, 1.5], "texture": "#2"},
				"south": {"uv": [1, 1, 2.49184, 1.5], "texture": "#2"},
				"up": {"uv": [1, 1, 2.49184, 8.5], "texture": "#2"},
				"down": {"uv": [1, 1, 2.49184, 8.5], "texture": "#2"}
			}
		},
		{
			"name": "hexadecagon",
			"from": [7.25408, 1.25, 4.25],
			"to": [8.74592, 1.75, 11.75],
			"rotation": {"angle": 22.5, "axis": "y", "origin": [8, 1.75, 8]},
			"faces": {
				"north": {"uv": [1, 1, 2.49184, 1.5], "texture": "#2"},
				"south": {"uv": [1, 1, 2.49184, 1.5], "texture": "#2"},
				"up": {"uv": [1, 1, 2.49184, 8.5], "texture": "#2"},
				"down": {"uv": [1, 1, 2.49184, 8.5], "texture": "#2"}
			}
		},
		{
			"name": "hexadecagon",
			"from": [7.25408, 1.25, 4.25],
			"to": [8.74592, 1.75, 11.75],
			"rotation": {"angle": 45, "axis": "y", "origin": [8, 1.75, 8]},
			"faces": {
				"north": {"uv": [1, 1, 2.49184, 1.5], "texture": "#2"},
				"south": {"uv": [1, 1, 2.49184, 1.5], "texture": "#2"},
				"up": {"uv": [1, 1, 2.49184, 8.5], "texture": "#2"},
				"down": {"uv": [1, 1, 2.49184, 8.5], "texture": "#2"}
			}
		},
		{
			"name": "hexadecagon",
			"from": [4.25, 1.25, 7.25408],
			"to": [11.75, 1.75, 8.74592],
			"rotation": {"angle": -22.5, "axis": "y", "origin": [8, 1.75, 8]},
			"faces": {
				"east": {"uv": [1, 1, 2.49184, 1.5], "texture": "#2"},
				"west": {"uv": [1, 1, 2.49184, 1.5], "texture": "#2"},
				"up": {"uv": [1, 1, 8.5, 2.49184], "texture": "#2"},
				"down": {"uv": [1, 1, 8.5, 2.49184], "texture": "#2"}
			}
		},
		{
			"name": "hexadecagon",
			"from": [4.25, 1.25, 7.25408],
			"to": [11.75, 1.75, 8.74592],
			"rotation": {"angle": 0, "axis": "y", "origin": [8, 1.75, 8]},
			"faces": {
				"east": {"uv": [1, 1, 2.49184, 1.5], "texture": "#2"},
				"west": {"uv": [1, 1, 2.49184, 1.5], "texture": "#2"},
				"up": {"uv": [1, 1, 8.5, 2.49184], "texture": "#2"},
				"down": {"uv": [1, 1, 8.5, 2.49184], "texture": "#2"}
			}
		},
		{
			"name": "hexadecagon",
			"from": [4.25, 1.25, 7.25408],
			"to": [11.75, 1.75, 8.74592],
			"rotation": {"angle": 22.5, "axis": "y", "origin": [8, 1.75, 8]},
			"faces": {
				"east": {"uv": [1, 1, 2.49184, 1.5], "texture": "#2"},
				"west": {"uv": [1, 1, 2.49184, 1.5], "texture": "#2"},
				"up": {"uv": [1, 1, 8.5, 2.49184], "texture": "#2"},
				"down": {"uv": [1, 1, 8.5, 2.49184], "texture": "#2"}
			}
		},
		{
			"name": "hexadecagon",
			"from": [7.50272, 6.25, 5.5],
			"to": [8.49728, 7.5, 10.5],
			"rotation": {"angle": 45, "axis": "y", "origin": [8, 6.75, 8]},
			"faces": {
				"north": {"uv": [1, 1, 1.99456, 2.25], "texture": "#2"},
				"south": {"uv": [1, 1, 1.99456, 2.25], "texture": "#2"},
				"up": {"uv": [1, 1, 1.99456, 6], "texture": "#2"}
			}
		},
		{
			"name": "hexadecagon",
			"from": [7.50272, 6.25, 5.5],
			"to": [8.49728, 7.5, 10.5],
			"rotation": {"angle": 22.5, "axis": "y", "origin": [8, 6.75, 8]},
			"faces": {
				"north": {"uv": [1, 1, 1.99456, 2.25], "texture": "#2"},
				"south": {"uv": [1, 1, 1.99456, 2.25], "texture": "#2"},
				"up": {"uv": [1, 1, 1.99456, 6], "texture": "#2"}
			}
		},
		{
			"name": "hexadecagon",
			"from": [7.50272, 6.25, 5.5],
			"to": [8.49728, 7.5, 10.5],
			"rotation": {"angle": 0, "axis": "y", "origin": [8, 6.75, 8]},
			"faces": {
				"north": {"uv": [1, 1, 1.99456, 2.25], "texture": "#2"},
				"south": {"uv": [1, 1, 1.99456, 2.25], "texture": "#2"},
				"up": {"uv": [1, 1, 1.99456, 6], "texture": "#2"}
			}
		},
		{
			"name": "hexadecagon",
			"from": [7.50272, 6.25, 5.5],
			"to": [8.49728, 7.5, 10.5],
			"rotation": {"angle": -22.5, "axis": "y", "origin": [8, 6.75, 8]},
			"faces": {
				"north": {"uv": [1, 1, 1.99456, 2.25], "texture": "#2"},
				"south": {"uv": [1, 1, 1.99456, 2.25], "texture": "#2"},
				"up": {"uv": [1, 1, 1.99456, 6], "texture": "#2"}
			}
		},
		{
			"name": "hexadecagon",
			"from": [7.50272, 6.25, 5.5],
			"to": [8.49728, 7.5, 10.5],
			"rotation": {"angle": -45, "axis": "y", "origin": [8, 6.75, 8]},
			"faces": {
				"north": {"uv": [1, 1, 1.99456, 2.25], "texture": "#2"},
				"south": {"uv": [1, 1, 1.99456, 2.25], "texture": "#2"},
				"up": {"uv": [1, 1, 1.99456, 6], "texture": "#2"}
			}
		},
		{
			"name": "hexadecagon",
			"from": [5.5, 6.25, 7.50272],
			"to": [10.5, 7.5, 8.49728],
			"rotation": {"angle": 22.5, "axis": "y", "origin": [8, 6.75, 8]},
			"faces": {
				"east": {"uv": [1, 1, 1.99456, 2.25], "texture": "#2"},
				"west": {"uv": [1, 1, 1.99456, 2.25], "texture": "#2"},
				"up": {"uv": [1, 1, 6, 1.99456], "texture": "#2"}
			}
		},
		{
			"name": "hexadecagon",
			"from": [5.5, 6.25, 7.50272],
			"to": [10.5, 7.5, 8.49728],
			"rotation": {"angle": 0, "axis": "y", "origin": [8, 6.75, 8]},
			"faces": {
				"east": {"uv": [1, 1, 1.99456, 2.25], "texture": "#2"},
				"west": {"uv": [1, 1, 1.99456, 2.25], "texture": "#2"},
				"up": {"uv": [1, 1, 6, 1.99456], "texture": "#2"}
			}
		},
		{
			"name": "hexadecagon",
			"from": [5.5, 6.25, 7.50272],
			"to": [10.5, 7.5, 8.49728],
			"rotation": {"angle": -22.5, "axis": "y", "origin": [8, 6.75, 8]},
			"faces": {
				"east": {"uv": [1, 1, 1.99456, 2.25], "texture": "#2"},
				"west": {"uv": [1, 1, 1.99456, 2.25], "texture": "#2"},
				"up": {"uv": [1, 1, 6, 1.99456], "texture": "#2"}
			}
		},
		{
			"name": "hexadecagon",
			"from": [7.35353, 4.5, 4.75],
			"to": [8.64647, 5.75, 11.25],
			"rotation": {"angle": -45, "axis": "y", "origin": [8, 4.75, 8]},
			"faces": {
				"north": {"uv": [1, 1, 2.29294, 2.25], "texture": "#2"},
				"south": {"uv": [1, 1, 2.29294, 2.25], "texture": "#2"},
				"down": {"uv": [1, 1, 2.29294, 7.5], "texture": "#2"}
			}
		},
		{
			"name": "hexadecagon",
			"from": [7.35353, 4.5, 4.75],
			"to": [8.64647, 5.75, 11.25],
			"rotation": {"angle": -22.5, "axis": "y", "origin": [8, 4.75, 8]},
			"faces": {
				"north": {"uv": [1, 1, 2.29294, 2.25], "texture": "#2"},
				"south": {"uv": [1, 1, 2.29294, 2.25], "texture": "#2"},
				"down": {"uv": [1, 1, 2.29294, 7.5], "texture": "#2"}
			}
		},
		{
			"name": "hexadecagon",
			"from": [7.35353, 4.5, 4.75],
			"to": [8.64647, 5.75, 11.25],
			"rotation": {"angle": 0, "axis": "y", "origin": [8, 4.75, 8]},
			"faces": {
				"north": {"uv": [1, 1, 2.29294, 2.25], "texture": "#2"},
				"south": {"uv": [1, 1, 2.29294, 2.25], "texture": "#2"},
				"down": {"uv": [1, 1, 2.29294, 7.5], "texture": "#2"}
			}
		},
		{
			"name": "hexadecagon",
			"from": [7.35353, 4.5, 4.75],
			"to": [8.64647, 5.75, 11.25],
			"rotation": {"angle": 22.5, "axis": "y", "origin": [8, 4.75, 8]},
			"faces": {
				"north": {"uv": [1, 1, 2.29294, 2.25], "texture": "#2"},
				"south": {"uv": [1, 1, 2.29294, 2.25], "texture": "#2"},
				"down": {"uv": [1, 1, 2.29294, 7.5], "texture": "#2"}
			}
		},
		{
			"name": "hexadecagon",
			"from": [7.35353, 4.5, 4.75],
			"to": [8.64647, 5.75, 11.25],
			"rotation": {"angle": 45, "axis": "y", "origin": [8, 4.75, 8]},
			"faces": {
				"north": {"uv": [1, 1, 2.29294, 2.25], "texture": "#2"},
				"south": {"uv": [1, 1, 2.29294, 2.25], "texture": "#2"},
				"down": {"uv": [1, 1, 2.29294, 7.5], "texture": "#2"}
			}
		},
		{
			"name": "hexadecagon",
			"from": [4.75, 4.5, 7.35353],
			"to": [11.25, 5.75, 8.64647],
			"rotation": {"angle": -22.5, "axis": "y", "origin": [8, 4.75, 8]},
			"faces": {
				"east": {"uv": [1, 1, 2.29294, 2.25], "texture": "#2"},
				"west": {"uv": [1, 1, 2.29294, 2.25], "texture": "#2"},
				"down": {"uv": [1, 1, 7.5, 2.29294], "texture": "#2"}
			}
		},
		{
			"name": "hexadecagon",
			"from": [4.75, 4.5, 7.35353],
			"to": [11.25, 5.75, 8.64647],
			"rotation": {"angle": 0, "axis": "y", "origin": [8, 4.75, 8]},
			"faces": {
				"east": {"uv": [1, 1, 2.29294, 2.25], "texture": "#2"},
				"west": {"uv": [1, 1, 2.29294, 2.25], "texture": "#2"},
				"down": {"uv": [1, 1, 7.5, 2.29294], "texture": "#2"}
			}
		},
		{
			"name": "hexadecagon",
			"from": [4.75, 4.5, 7.35353],
			"to": [11.25, 5.75, 8.64647],
			"rotation": {"angle": 22.5, "axis": "y", "origin": [8, 4.75, 8]},
			"faces": {
				"east": {"uv": [1, 1, 2.29294, 2.25], "texture": "#2"},
				"west": {"uv": [1, 1, 2.29294, 2.25], "texture": "#2"},
				"down": {"uv": [1, 1, 7.5, 2.29294], "texture": "#2"}
			}
		},
		{
			"name": "hexadecagon",
			"from": [7.25408, 5.75, 4.25],
			"to": [8.74592, 6.25, 11.75],
			"rotation": {"angle": -45, "axis": "y", "origin": [8, 6.25, 8]},
			"faces": {
				"north": {"uv": [1, 1, 2.49184, 1.5], "texture": "#2"},
				"south": {"uv": [1, 1, 2.49184, 1.5], "texture": "#2"},
				"up": {"uv": [1, 1, 2.49184, 8.5], "texture": "#2"},
				"down": {"uv": [1, 1, 2.49184, 8.5], "texture": "#2"}
			}
		},
		{
			"name": "hexadecagon",
			"from": [7.25408, 5.75, 4.25],
			"to": [8.74592, 6.25, 11.75],
			"rotation": {"angle": -22.5, "axis": "y", "origin": [8, 6.25, 8]},
			"faces": {
				"north": {"uv": [1, 1, 2.49184, 1.5], "texture": "#2"},
				"south": {"uv": [1, 1, 2.49184, 1.5], "texture": "#2"},
				"up": {"uv": [1, 1, 2.49184, 8.5], "texture": "#2"},
				"down": {"uv": [1, 1, 2.49184, 8.5], "texture": "#2"}
			}
		},
		{
			"name": "hexadecagon",
			"from": [7.25408, 5.75, 4.25],
			"to": [8.74592, 6.25, 11.75],
			"rotation": {"angle": 0, "axis": "y", "origin": [8, 6.25, 8]},
			"faces": {
				"north": {"uv": [1, 1, 2.49184, 1.5], "texture": "#2"},
				"south": {"uv": [1, 1, 2.49184, 1.5], "texture": "#2"},
				"up": {"uv": [1, 1, 2.49184, 8.5], "texture": "#2"},
				"down": {"uv": [1, 1, 2.49184, 8.5], "texture": "#2"}
			}
		},
		{
			"name": "hexadecagon",
			"from": [7.25408, 5.75, 4.25],
			"to": [8.74592, 6.25, 11.75],
			"rotation": {"angle": 22.5, "axis": "y", "origin": [8, 6.25, 8]},
			"faces": {
				"north": {"uv": [1, 1, 2.49184, 1.5], "texture": "#2"},
				"south": {"uv": [1, 1, 2.49184, 1.5], "texture": "#2"},
				"up": {"uv": [1, 1, 2.49184, 8.5], "texture": "#2"},
				"down": {"uv": [1, 1, 2.49184, 8.5], "texture": "#2"}
			}
		},
		{
			"name": "hexadecagon",
			"from": [7.25408, 5.75, 4.25],
			"to": [8.74592, 6.25, 11.75],
			"rotation": {"angle": 45, "axis": "y", "origin": [8, 6.25, 8]},
			"faces": {
				"north": {"uv": [1, 1, 2.49184, 1.5], "texture": "#2"},
				"south": {"uv": [1, 1, 2.49184, 1.5], "texture": "#2"},
				"up": {"uv": [1, 1, 2.49184, 8.5], "texture": "#2"},
				"down": {"uv": [1, 1, 2.49184, 8.5], "texture": "#2"}
			}
		},
		{
			"name": "hexadecagon",
			"from": [4.25, 5.75, 7.25408],
			"to": [11.75, 6.25, 8.74592],
			"rotation": {"angle": -22.5, "axis": "y", "origin": [8, 6.25, 8]},
			"faces": {
				"east": {"uv": [1, 1, 2.49184, 1.5], "texture": "#2"},
				"west": {"uv": [1, 1, 2.49184, 1.5], "texture": "#2"},
				"up": {"uv": [1, 1, 8.5, 2.49184], "texture": "#2"},
				"down": {"uv": [1, 1, 8.5, 2.49184], "texture": "#2"}
			}
		},
		{
			"name": "hexadecagon",
			"from": [4.25, 5.75, 7.25408],
			"to": [11.75, 6.25, 8.74592],
			"rotation": {"angle": 0, "axis": "y", "origin": [8, 6.25, 8]},
			"faces": {
				"east": {"uv": [1, 1, 2.49184, 1.5], "texture": "#2"},
				"west": {"uv": [1, 1, 2.49184, 1.5], "texture": "#2"},
				"up": {"uv": [1, 1, 8.5, 2.49184], "texture": "#2"},
				"down": {"uv": [1, 1, 8.5, 2.49184], "texture": "#2"}
			}
		},
		{
			"name": "hexadecagon",
			"from": [4.25, 5.75, 7.25408],
			"to": [11.75, 6.25, 8.74592],
			"rotation": {"angle": 22.5, "axis": "y", "origin": [8, 6.25, 8]},
			"faces": {
				"east": {"uv": [1, 1, 2.49184, 1.5], "texture": "#2"},
				"west": {"uv": [1, 1, 2.49184, 1.5], "texture": "#2"},
				"up": {"uv": [1, 1, 8.5, 2.49184], "texture": "#2"},
				"down": {"uv": [1, 1, 8.5, 2.49184], "texture": "#2"}
			}
		},
		{
			"name": "hexadecagon",
			"from": [10.56244, 9.25, 11.73195],
			"to": [14.56244, 10.5, 12.5276],
			"rotation": {"angle": -45, "axis": "y", "origin": [7.95, 9.47916, 7.675]},
			"faces": {
				"east": {"uv": [0, 0, 0.99456, 1.25], "texture": "#0"},
				"west": {"uv": [0, 0, 0.99456, 1.25], "texture": "#0"},
				"up": {"uv": [0, 0, 0.99456, 5], "rotation": 90, "texture": "#0"}
			}
		},
		{
			"name": "hexadecagon",
			"from": [8.50657, 9.25, 13.15795],
			"to": [12.50657, 10.5, 13.9536],
			"rotation": {"angle": -22.5, "axis": "y", "origin": [7.95, 9.47916, 7.675]},
			"faces": {
				"east": {"uv": [0, 0, 0.99456, 1.25], "texture": "#0"},
				"west": {"uv": [0, 0, 0.99456, 1.25], "texture": "#0"},
				"up": {"uv": [0, 0, 0.99456, 5], "rotation": 90, "texture": "#0"}
			}
		},
		{
			"name": "hexadecagon",
			"from": [6.06149, 9.25, 13.68866],
			"to": [10.06149, 10.5, 14.48431],
			"rotation": {"angle": 0, "axis": "y", "origin": [7.95, 9.47916, 7.675]},
			"faces": {
				"east": {"uv": [0, 0, 0.99456, 1.25], "texture": "#0"},
				"west": {"uv": [0, 0, 0.99456, 1.25], "texture": "#0"},
				"up": {"uv": [0, 0, 0.99456, 5], "rotation": 90, "texture": "#0"}
			}
		},
		{
			"name": "hexadecagon",
			"from": [3.59943, 9.25, 13.24328],
			"to": [7.59943, 10.5, 14.03893],
			"rotation": {"angle": 22.5, "axis": "y", "origin": [7.95, 9.47916, 7.675]},
			"faces": {
				"east": {"uv": [0, 0, 0.99456, 1.25], "texture": "#0"},
				"west": {"uv": [0, 0, 0.99456, 1.25], "texture": "#0"},
				"up": {"uv": [0, 0, 0.99456, 5], "rotation": 90, "texture": "#0"}
			}
		},
		{
			"name": "hexadecagon",
			"from": [12.16461, 9.25, 10.12977],
			"to": [12.96026, 10.5, 14.12977],
			"rotation": {"angle": -45, "axis": "y", "origin": [7.95, 9.47916, 7.675]},
			"faces": {
				"north": {"uv": [0, 0, 0.99456, 1.25], "texture": "#0"},
				"south": {"uv": [0, 0, 0.99456, 1.25], "texture": "#0"},
				"up": {"uv": [0, 0, 0.99456, 5], "texture": "#0"}
			}
		},
		{
			"name": "hexadecagon",
			"from": [10.10874, 9.25, 11.55578],
			"to": [10.90439, 10.5, 15.55578],
			"rotation": {"angle": -22.5, "axis": "y", "origin": [7.95, 9.47916, 7.675]},
			"faces": {
				"north": {"uv": [0, 0, 0.99456, 1.25], "texture": "#0"},
				"south": {"uv": [0, 0, 0.99456, 1.25], "texture": "#0"},
				"up": {"uv": [0, 0, 5, 0.99456], "rotation": 90, "texture": "#0"}
			}
		},
		{
			"name": "hexadecagon",
			"from": [7.66366, 9.25, 12.08649],
			"to": [8.45931, 10.5, 16.08649],
			"rotation": {"angle": 0, "axis": "y", "origin": [7.95, 9.47916, 7.675]},
			"faces": {
				"north": {"uv": [0, 0, 0.99456, 1.25], "texture": "#0"},
				"south": {"uv": [0, 0, 0.99456, 1.25], "texture": "#0"},
				"up": {"uv": [0, 0, 5, 0.99456], "rotation": 90, "texture": "#0"}
			}
		},
		{
			"name": "hexadecagon",
			"from": [5.20161, 9.25, 11.6411],
			"to": [5.99725, 10.5, 15.6411],
			"rotation": {"angle": 22.5, "axis": "y", "origin": [7.95, 9.47916, 7.675]},
			"faces": {
				"north": {"uv": [0, 0, 0.99456, 1.25], "texture": "#0"},
				"south": {"uv": [0, 0, 0.99456, 1.25], "texture": "#0"},
				"up": {"uv": [0, 0, 5, 0.99456], "rotation": 90, "texture": "#0"}
			}
		},
		{
			"name": "hexadecagon",
			"from": [7.63913, 9.25, 5.60429],
			"to": [8.43478, 10.5, 9.60429],
			"rotation": {"angle": -45, "axis": "y", "origin": [7.95, 9.47916, 7.675]},
			"faces": {
				"north": {"uv": [0, 0, 0.99456, 1.25], "texture": "#0"},
				"south": {"uv": [0, 0, 0.99456, 1.25], "texture": "#0"}
			}
		},
		{
			"name": "hexadecagon",
			"from": [6.0486, 9.25, 7.33045],
			"to": [10.0486, 10.5, 8.1261],
			"rotation": {"angle": 22.5, "axis": "y", "origin": [7.95, 9.47916, 7.675]},
			"faces": {
				"east": {"uv": [0, 0, 0.99456, 1.25], "texture": "#0"},
				"west": {"uv": [0, 0, 0.99456, 1.25], "texture": "#0"}
			}
		},
		{
			"name": "hexadecagon",
			"from": [6.06149, 9.25, 7.28866],
			"to": [10.06149, 10.5, 8.08431],
			"rotation": {"angle": 0, "axis": "y", "origin": [7.95, 9.47916, 7.675]},
			"faces": {
				"east": {"uv": [0, 0, 0.99456, 1.25], "texture": "#0"},
				"west": {"uv": [0, 0, 0.99456, 1.25], "texture": "#0"}
			}
		},
		{
			"name": "hexadecagon",
			"from": [6.05739, 9.25, 7.24512],
			"to": [10.05739, 10.5, 8.04077],
			"rotation": {"angle": -22.5, "axis": "y", "origin": [7.95, 9.47916, 7.675]},
			"faces": {
				"east": {"uv": [0, 0, 0.99456, 1.25], "texture": "#0"},
				"west": {"uv": [0, 0, 0.99456, 1.25], "texture": "#0"}
			}
		},
		{
			"name": "hexadecagon",
			"from": [6.03695, 9.25, 7.20647],
			"to": [10.03695, 10.5, 8.00211],
			"rotation": {"angle": -45, "axis": "y", "origin": [7.95, 9.47916, 7.675]},
			"faces": {
				"east": {"uv": [0, 0, 0.99456, 1.25], "texture": "#0"},
				"west": {"uv": [0, 0, 0.99456, 1.25], "texture": "#0"}
			}
		},
		{
			"name": "hexadecagon",
			"from": [7.65078, 9.25, 5.72827],
			"to": [8.44643, 10.5, 9.72827],
			"rotation": {"angle": 22.5, "axis": "y", "origin": [7.95, 9.47916, 7.675]},
			"faces": {
				"north": {"uv": [0, 0, 0.99456, 1.25], "texture": "#0"},
				"south": {"uv": [0, 0, 0.99456, 1.25], "texture": "#0"}
			}
		},
		{
			"name": "hexadecagon",
			"from": [7.66366, 9.25, 5.68649],
			"to": [8.45931, 10.5, 9.68649],
			"rotation": {"angle": 0, "axis": "y", "origin": [7.95, 9.47916, 7.675]},
			"faces": {
				"north": {"uv": [0, 0, 0.99456, 1.25], "texture": "#0"},
				"south": {"uv": [0, 0, 0.99456, 1.25], "texture": "#0"}
			}
		},
		{
			"name": "hexadecagon",
			"from": [7.65957, 9.25, 5.64295],
			"to": [8.45522, 10.5, 9.64295],
			"rotation": {"angle": -22.5, "axis": "y", "origin": [7.95, 9.47916, 7.675]},
			"faces": {
				"north": {"uv": [0, 0, 0.99456, 1.25], "texture": "#0"},
				"south": {"uv": [0, 0, 0.99456, 1.25], "texture": "#0"}
			}
		},
		{
			"name": "hexadecagon",
			"from": [10.56244, 9.25, 2.68098],
			"to": [14.56244, 10.5, 3.47663],
			"rotation": {"angle": -45, "axis": "y", "origin": [7.95, 9.47916, 7.675]},
			"faces": {
				"east": {"uv": [0, 0, 0.99456, 1.25], "texture": "#0"},
				"west": {"uv": [0, 0, 0.99456, 1.25], "texture": "#0"},
				"up": {"uv": [0, 0, 0.99456, 5], "rotation": 90, "texture": "#0"}
			}
		},
		{
			"name": "hexadecagon",
			"from": [11.97022, 9.25, 4.79595],
			"to": [15.97022, 10.5, 5.5916],
			"rotation": {"angle": -22.5, "axis": "y", "origin": [7.95, 9.47916, 7.675]},
			"faces": {
				"east": {"uv": [0, 0, 0.99456, 1.25], "texture": "#0"},
				"west": {"uv": [0, 0, 0.99456, 1.25], "texture": "#0"},
				"up": {"uv": [0, 0, 0.99456, 5], "rotation": 90, "texture": "#0"}
			}
		},
		{
			"name": "hexadecagon",
			"from": [12.46149, 9.25, 7.28866],
			"to": [16.46149, 10.5, 8.08431],
			"rotation": {"angle": 0, "axis": "y", "origin": [7.95, 9.47916, 7.675]},
			"faces": {
				"east": {"uv": [0, 0, 0.99456, 1.25], "texture": "#0"},
				"west": {"uv": [0, 0, 0.99456, 1.25], "texture": "#0"},
				"up": {"uv": [0, 0, 0.99456, 5], "rotation": 90, "texture": "#0"}
			}
		},
		{
			"name": "hexadecagon",
			"from": [11.96143, 9.25, 9.77962],
			"to": [15.96143, 10.5, 10.57527],
			"rotation": {"angle": 22.5, "axis": "y", "origin": [7.95, 9.47916, 7.675]},
			"faces": {
				"east": {"uv": [0, 0, 0.99456, 1.25], "texture": "#0"},
				"west": {"uv": [0, 0, 0.99456, 1.25], "texture": "#0"},
				"up": {"uv": [0, 0, 0.99456, 5], "rotation": 90, "texture": "#0"}
			}
		},
		{
			"name": "hexadecagon",
			"from": [12.16461, 9.25, 1.07881],
			"to": [12.96026, 10.5, 5.07881],
			"rotation": {"angle": -45, "axis": "y", "origin": [7.95, 9.47916, 7.675]},
			"faces": {
				"north": {"uv": [0, 0, 0.99456, 1.25], "texture": "#0"},
				"south": {"uv": [0, 0, 0.99456, 1.25], "texture": "#0"},
				"up": {"uv": [0, 0, 0.99456, 5], "texture": "#0"}
			}
		},
		{
			"name": "hexadecagon",
			"from": [13.5724, 9.25, 3.19377],
			"to": [14.36805, 10.5, 7.19377],
			"rotation": {"angle": -22.5, "axis": "y", "origin": [7.95, 9.47916, 7.675]},
			"faces": {
				"north": {"uv": [0, 0, 0.99456, 1.25], "texture": "#0"},
				"south": {"uv": [0, 0, 0.99456, 1.25], "texture": "#0"},
				"up": {"uv": [0, 0, 5, 0.99456], "rotation": 90, "texture": "#0"}
			}
		},
		{
			"name": "hexadecagon",
			"from": [14.06366, 9.25, 5.68649],
			"to": [14.85931, 10.5, 9.68649],
			"rotation": {"angle": 0, "axis": "y", "origin": [7.95, 9.47916, 7.675]},
			"faces": {
				"north": {"uv": [0, 0, 0.99456, 1.25], "texture": "#0"},
				"south": {"uv": [0, 0, 0.99456, 1.25], "texture": "#0"},
				"up": {"uv": [0, 0, 5, 0.99456], "rotation": 90, "texture": "#0"}
			}
		},
		{
			"name": "hexadecagon",
			"from": [13.56361, 9.25, 8.17745],
			"to": [14.35926, 10.5, 12.17745],
			"rotation": {"angle": 22.5, "axis": "y", "origin": [7.95, 9.47916, 7.675]},
			"faces": {
				"north": {"uv": [0, 0, 0.99456, 1.25], "texture": "#0"},
				"south": {"uv": [0, 0, 0.99456, 1.25], "texture": "#0"},
				"up": {"uv": [0, 0, 5, 0.99456], "rotation": 90, "texture": "#0"}
			}
		},
		{
			"from": [16.86149, 6.75, 4.48649],
			"to": [17.66149, 9.4166, 10.08649],
			"rotation": {"angle": 0, "axis": "y", "origin": [7.95, 9.47916, 7.675]},
			"faces": {
				"north": {"uv": [0, 0, 1, 2.6666], "texture": "#0"},
				"east": {"uv": [0, 0, 7, 2.6666], "texture": "#0"},
				"west": {"uv": [0, 0, 7, 2.6666], "texture": "#0"},
				"down": {"uv": [0, 0, 1, 7], "texture": "#0"}
			}
		},
		{
			"from": [5.66149, 6.75, 16.48649],
			"to": [10.46149, 9.4166, 17.28649],
			"rotation": {"angle": 0, "axis": "y", "origin": [7.95, 9.47916, 7.675]},
			"faces": {
				"north": {"uv": [0, 0, 6, 2.6666], "texture": "#0"},
				"south": {"uv": [0, 0, 6, 2.6666], "texture": "#0"},
				"down": {"uv": [0, 0, 6, 1], "texture": "#0"}
			}
		},
		{
			"from": [5.66149, 6.75, 4.48649],
			"to": [16.86149, 9.4166, 5.28649],
			"rotation": {"angle": 0, "axis": "y", "origin": [7.95, 9.47916, 7.675]},
			"faces": {
				"north": {"uv": [0, 0, 14, 2.6666], "texture": "#0"},
				"south": {"uv": [0, 0, 14, 2.6666], "texture": "#0"},
				"down": {"uv": [0, 0, 14, 1], "texture": "#0"}
			}
		},
		{
			"from": [4.86149, 6.75, 4.48649],
			"to": [5.66149, 9.4166, 17.28649],
			"rotation": {"angle": 0, "axis": "y", "origin": [7.95, 9.47916, 7.675]},
			"faces": {
				"north": {"uv": [0, 0, 1, 2.6666], "texture": "#0"},
				"east": {"uv": [0, 0, 16, 2.6666], "texture": "#0"},
				"south": {"uv": [0, 0, 1, 2.6666], "texture": "#0"},
				"west": {"uv": [0, 0, 16, 2.6666], "texture": "#0"},
				"down": {"uv": [0, 0, 1, 16], "texture": "#0"}
			}
		},
		{
			"from": [10.46149, 6.75, 10.88649],
			"to": [11.26149, 9.4166, 17.28649],
			"rotation": {"angle": 0, "axis": "y", "origin": [7.95, 9.47916, 7.675]},
			"faces": {
				"east": {"uv": [0, 0, 8, 2.6666], "texture": "#0"},
				"south": {"uv": [0, 0, 1, 2.6666], "texture": "#0"},
				"west": {"uv": [0, 0, 8, 2.6666], "texture": "#0"},
				"down": {"uv": [0, 0, 1, 8], "texture": "#0"}
			}
		},
		{
			"from": [10.46149, 6.75, 10.08649],
			"to": [17.66149, 9.4166, 10.88649],
			"rotation": {"angle": 0, "axis": "y", "origin": [7.95, 9.47916, 7.675]},
			"faces": {
				"north": {"uv": [0, 0, 9, 2.6666], "texture": "#0"},
				"east": {"uv": [0, 0, 1, 2.6666], "texture": "#0"},
				"south": {"uv": [0, 0, 9, 2.6666], "texture": "#0"},
				"west": {"uv": [0, 0, 1, 2.6666], "texture": "#0"},
				"down": {"uv": [0, 0, 9, 1], "texture": "#0"}
			}
		},
		{
			"from": [4.86149, 8.4166, 4.48649],
			"to": [17.66149, 9.4166, 10.88649],
			"rotation": {"angle": 0, "axis": "y", "origin": [7.95, 9.47916, 7.675]},
			"faces": {
				"up": {"uv": [0, 0, 16, 8], "texture": "#0"},
				"down": {"uv": [0, 0, 16, 8], "texture": "#0"}
			}
		},
		{
			"from": [4.86149, 8.4166, 10.88649],
			"to": [11.26149, 9.4166, 17.28649],
			"rotation": {"angle": 0, "axis": "y", "origin": [7.95, 9.47916, 7.675]},
			"faces": {
				"up": {"uv": [0, 0, 8, 8], "texture": "#0"},
				"down": {"uv": [0, 0, 8, 8], "texture": "#0"}
			}
		},
		{
			"name": "hexadecagon",
			"from": [1.33756, 12.25, 2.8224],
			"to": [5.33756, 13.5, 3.61805],
			"rotation": {"angle": -22.5, "axis": "y", "origin": [7.95, 12.47916, 7.675]},
			"faces": {
				"east": {"uv": [0, 0, 0.99456, 1.25], "texture": "#5"},
				"south": {"uv": [0, 0, 0, 0], "texture": "#5"},
				"west": {"uv": [0, 0, 0.99456, 1.25], "texture": "#5"},
				"up": {"uv": [0, 0, 0.99456, 5], "rotation": 270, "texture": "#5"},
				"down": {"uv": [0, 0, 0, 0], "texture": "#5"}
			}
		},
		{
			"name": "hexadecagon",
			"from": [3.39343, 12.25, 1.3964],
			"to": [7.39343, 13.5, 2.19205],
			"rotation": {"angle": 0, "axis": "y", "origin": [7.95, 12.47916, 7.675]},
			"faces": {
				"east": {"uv": [0, 0, 0.99456, 1.25], "texture": "#5"},
				"west": {"uv": [0, 0, 0.99456, 1.25], "texture": "#5"},
				"up": {"uv": [0, 0, 0.99456, 5], "rotation": 270, "texture": "#5"},
				"down": {"uv": [0, 0, 0, 0], "texture": "#5"}
			}
		},
		{
			"name": "hexadecagon",
			"from": [5.83851, 12.25, 0.86569],
			"to": [9.83851, 13.5, 1.66134],
			"rotation": {"angle": 22.5, "axis": "y", "origin": [7.95, 12.47916, 7.675]},
			"faces": {
				"east": {"uv": [0, 0, 0.99456, 1.25], "texture": "#5"},
				"west": {"uv": [0, 0, 0.99456, 1.25], "texture": "#5"},
				"up": {"uv": [0, 0, 0.99456, 5], "rotation": 270, "texture": "#5"}
			}
		},
		{
			"name": "hexadecagon",
			"from": [1.58607, 12.25, 3.32443],
			"to": [2.38172, 13.5, 7.32443],
			"rotation": {"angle": -45, "axis": "y", "origin": [7.95, 12.47916, 7.675]},
			"faces": {
				"north": {"uv": [0, 0, 0.99456, 1.25], "texture": "#5"},
				"south": {"uv": [0, 0, 0.99456, 1.25], "texture": "#5"},
				"up": {"uv": [0, 0, 0.99456, 5], "rotation": 180, "texture": "#5"},
				"down": {"uv": [0, 0, 0, 0], "texture": "#5"}
			}
		},
		{
			"name": "hexadecagon",
			"from": [2.93974, 12.25, 1.22023],
			"to": [3.73539, 13.5, 5.22023],
			"rotation": {"angle": -22.5, "axis": "y", "origin": [7.95, 12.47916, 7.675]},
			"faces": {
				"north": {"uv": [0, 0, 0.99456, 1.25], "texture": "#5"},
				"south": {"uv": [0, 0, 0.99456, 1.25], "texture": "#5"},
				"up": {"uv": [0, 0, 0.99456, 5], "rotation": 180, "texture": "#5"},
				"down": {"uv": [0, 0, 0, 0], "texture": "#5"}
			}
		},
		{
			"name": "hexadecagon",
			"from": [4.99561, 12.25, -0.20578],
			"to": [5.79126, 13.5, 3.79422],
			"rotation": {"angle": 0, "axis": "y", "origin": [7.95, 12.47916, 7.675]},
			"faces": {
				"north": {"uv": [0, 0, 0.99456, 1.25], "texture": "#5"},
				"south": {"uv": [0, 0, 0.99456, 1.25], "texture": "#5"},
				"up": {"uv": [0, 0, 5, 0.99456], "rotation": 270, "texture": "#5"},
				"down": {"uv": [0, 0, 0, 0], "texture": "#5"}
			}
		},
		{
			"name": "hexadecagon",
			"from": [7.44069, 12.25, -0.73649],
			"to": [8.23634, 13.5, 3.26351],
			"rotation": {"angle": 22.5, "axis": "y", "origin": [7.95, 12.47916, 7.675]},
			"faces": {
				"north": {"uv": [0, 0, 0.99456, 1.25], "texture": "#5"},
				"east": {"uv": [0, 0, 0, 0], "texture": "#5"},
				"south": {"uv": [0, 0, 0.99456, 1.25], "texture": "#5"},
				"west": {"uv": [0, 0, 0, 0], "texture": "#5"},
				"up": {"uv": [0, 0, 5, 0.99456], "rotation": 270, "texture": "#5"}
			}
		},
		{
			"name": "hexadecagon",
			"from": [-0.0161, 12.25, 4.92661],
			"to": [3.9839, 13.5, 5.72225],
			"rotation": {"angle": -45, "axis": "y", "origin": [7.95, 12.47916, 7.675]},
			"faces": {
				"north": {"uv": [0, 0, 0, 0], "texture": "#5"},
				"east": {"uv": [0, 0, 0.99456, 1.25], "texture": "#5"},
				"south": {"uv": [0, 0, 0, 0], "texture": "#5"},
				"west": {"uv": [0, 0, 0.99456, 1.25], "texture": "#5"},
				"up": {"uv": [0, 0, 5, 0.99456], "rotation": 180, "texture": "#5"},
				"down": {"uv": [0, 0, 0, 0], "texture": "#5"}
			}
		},
		{
			"name": "hexadecagon",
			"from": [7.46522, 12.25, 5.74571],
			"to": [8.26087, 13.5, 9.74571],
			"rotation": {"angle": -22.5, "axis": "y", "origin": [7.95, 12.47916, 7.675]},
			"faces": {
				"north": {"uv": [0, 0, 0.99456, 1.25], "texture": "#5"},
				"south": {"uv": [0, 0, 0.99456, 1.25], "texture": "#5"},
				"up": {"uv": [0, 0, 0, 0], "texture": "#5"},
				"down": {"uv": [0, 0, 0, 0], "texture": "#5"}
			}
		},
		{
			"name": "hexadecagon",
			"from": [7.4989, 12.25, 5.7736],
			"to": [8.29455, 13.5, 9.7736],
			"rotation": {"angle": -45, "axis": "y", "origin": [7.95, 12.47916, 7.675]},
			"faces": {
				"north": {"uv": [0, 0, 0.99456, 1.25], "texture": "#5"},
				"south": {"uv": [0, 0, 0.99456, 1.25], "texture": "#5"},
				"up": {"uv": [0, 0, 0, 0], "texture": "#5"},
				"down": {"uv": [0, 0, 0, 0], "texture": "#5"}
			}
		},
		{
			"name": "hexadecagon",
			"from": [5.83851, 12.25, 7.26569],
			"to": [9.83851, 13.5, 8.06134],
			"rotation": {"angle": 22.5, "axis": "y", "origin": [7.95, 12.47916, 7.675]},
			"faces": {
				"east": {"uv": [0, 0, 0.99456, 1.25], "texture": "#5"},
				"west": {"uv": [0, 0, 0.99456, 1.25], "texture": "#5"},
				"up": {"uv": [0, 0, 0, 0], "texture": "#5"}
			}
		},
		{
			"name": "hexadecagon",
			"from": [5.84261, 12.25, 7.30923],
			"to": [9.84261, 13.5, 8.10488],
			"rotation": {"angle": 0, "axis": "y", "origin": [7.95, 12.47916, 7.675]},
			"faces": {
				"north": {"uv": [0, 0, 0, 0], "texture": "#5"},
				"east": {"uv": [0, 0, 0.99456, 1.25], "texture": "#5"},
				"west": {"uv": [0, 0, 0.99456, 1.25], "texture": "#5"},
				"up": {"uv": [0, 0, 0, 0], "texture": "#5"},
				"down": {"uv": [0, 0, 0, 0], "texture": "#5"}
			}
		},
		{
			"name": "hexadecagon",
			"from": [5.86305, 12.25, 7.34789],
			"to": [9.86305, 13.5, 8.14353],
			"rotation": {"angle": -22.5, "axis": "y", "origin": [7.95, 12.47916, 7.675]},
			"faces": {
				"east": {"uv": [0, 0, 0.99456, 1.25], "texture": "#5"},
				"south": {"uv": [0, 0, 0, 0], "texture": "#5"},
				"west": {"uv": [0, 0, 0.99456, 1.25], "texture": "#5"},
				"up": {"uv": [0, 0, 0, 0], "texture": "#5"},
				"down": {"uv": [0, 0, 0, 0], "texture": "#5"}
			}
		},
		{
			"name": "hexadecagon",
			"from": [5.89673, 12.25, 7.37578],
			"to": [9.89673, 13.5, 8.17143],
			"rotation": {"angle": -45, "axis": "y", "origin": [7.95, 12.47916, 7.675]},
			"faces": {
				"north": {"uv": [0, 0, 0, 0], "texture": "#5"},
				"east": {"uv": [0, 0, 0.99456, 1.25], "texture": "#5"},
				"south": {"uv": [0, 0, 0, 0], "texture": "#5"},
				"west": {"uv": [0, 0, 0.99456, 1.25], "texture": "#5"},
				"up": {"uv": [0, 0, 0, 0], "texture": "#5"},
				"down": {"uv": [0, 0, 0, 0], "texture": "#5"}
			}
		},
		{
			"name": "hexadecagon",
			"from": [7.44069, 12.25, 5.66351],
			"to": [8.23634, 13.5, 9.66351],
			"rotation": {"angle": 22.5, "axis": "y", "origin": [7.95, 12.47916, 7.675]},
			"faces": {
				"north": {"uv": [0, 0, 0.99456, 1.25], "texture": "#5"},
				"south": {"uv": [0, 0, 0.99456, 1.25], "texture": "#5"},
				"up": {"uv": [0, 0, 0, 0], "texture": "#5"}
			}
		},
		{
			"name": "hexadecagon",
			"from": [7.44478, 12.25, 5.70705],
			"to": [8.24043, 13.5, 9.70705],
			"rotation": {"angle": 0, "axis": "y", "origin": [7.95, 12.47916, 7.675]},
			"faces": {
				"north": {"uv": [0, 0, 0.99456, 1.25], "texture": "#5"},
				"south": {"uv": [0, 0, 0.99456, 1.25], "texture": "#5"},
				"up": {"uv": [0, 0, 0, 0], "texture": "#5"},
				"down": {"uv": [0, 0, 0, 0], "texture": "#5"}
			}
		},
		{
			"name": "hexadecagon",
			"from": [1.33756, 12.25, 11.87337],
			"to": [5.33756, 13.5, 12.66902],
			"rotation": {"angle": -22.5, "axis": "y", "origin": [7.95, 12.47916, 7.675]},
			"faces": {
				"east": {"uv": [0, 0, 0.99456, 1.25], "texture": "#5"},
				"west": {"uv": [0, 0, 0.99456, 1.25], "texture": "#5"},
				"up": {"uv": [0, 0, 0.99456, 5], "rotation": 270, "texture": "#5"},
				"down": {"uv": [0, 0, 0, 0], "texture": "#5"}
			}
		},
		{
			"name": "hexadecagon",
			"from": [-0.07022, 12.25, 9.7584],
			"to": [3.92978, 13.5, 10.55405],
			"rotation": {"angle": 0, "axis": "y", "origin": [7.95, 12.47916, 7.675]},
			"faces": {
				"east": {"uv": [0, 0, 0.99456, 1.25], "texture": "#5"},
				"west": {"uv": [0, 0, 0.99456, 1.25], "texture": "#5"},
				"up": {"uv": [0, 0, 0.99456, 5], "rotation": 270, "texture": "#5"},
				"down": {"uv": [0, 0, 0, 0], "texture": "#5"}
			}
		},
		{
			"name": "hexadecagon",
			"from": [-0.56149, 12.25, 7.26569],
			"to": [3.43851, 13.5, 8.06134],
			"rotation": {"angle": 22.5, "axis": "y", "origin": [7.95, 12.47916, 7.675]},
			"faces": {
				"east": {"uv": [0, 0, 0.99456, 1.25], "texture": "#5"},
				"south": {"uv": [0, 0, 0, 0], "texture": "#5"},
				"west": {"uv": [0, 0, 0.99456, 1.25], "texture": "#5"},
				"up": {"uv": [0, 0, 0.99456, 5], "rotation": 270, "texture": "#5"}
			}
		},
		{
			"name": "hexadecagon",
			"from": [5.04973, 12.25, 11.68643],
			"to": [5.84538, 13.5, 15.68643],
			"rotation": {"angle": -45, "axis": "y", "origin": [7.95, 12.47916, 7.675]},
			"faces": {
				"north": {"uv": [0, 0, 0.99456, 1.25], "texture": "#5"},
				"south": {"uv": [0, 0, 0.99456, 1.25], "texture": "#5"},
				"up": {"uv": [0, 0, 0.99456, 5], "rotation": 180, "texture": "#5"},
				"down": {"uv": [0, 0, 0, 0], "texture": "#5"}
			}
		},
		{
			"name": "hexadecagon",
			"from": [2.93974, 12.25, 10.27119],
			"to": [3.73539, 13.5, 14.27119],
			"rotation": {"angle": -22.5, "axis": "y", "origin": [7.95, 12.47916, 7.675]},
			"faces": {
				"north": {"uv": [0, 0, 0.99456, 1.25], "texture": "#5"},
				"south": {"uv": [0, 0, 0.99456, 1.25], "texture": "#5"},
				"west": {"uv": [0, 0, 0, 0], "texture": "#5"},
				"up": {"uv": [0, 0, 0.99456, 5], "rotation": 180, "texture": "#5"},
				"down": {"uv": [0, 0, 0, 0], "texture": "#5"}
			}
		},
		{
			"name": "hexadecagon",
			"from": [1.53195, 12.25, 8.15623],
			"to": [2.3276, 13.5, 12.15623],
			"rotation": {"angle": 0, "axis": "y", "origin": [7.95, 12.47916, 7.675]},
			"faces": {
				"north": {"uv": [0, 0, 0.99456, 1.25], "texture": "#5"},
				"south": {"uv": [0, 0, 0.99456, 1.25], "texture": "#5"},
				"up": {"uv": [0, 0, 5, 0.99456], "rotation": 270, "texture": "#5"},
				"down": {"uv": [0, 0, 0, 0], "texture": "#5"}
			}
		},
		{
			"name": "hexadecagon",
			"from": [1.04069, 12.25, 5.66351],
			"to": [1.83634, 13.5, 9.66351],
			"rotation": {"angle": 22.5, "axis": "y", "origin": [7.95, 12.47916, 7.675]},
			"faces": {
				"north": {"uv": [0, 0, 0.99456, 1.25], "texture": "#5"},
				"south": {"uv": [0, 0, 0.99456, 1.25], "texture": "#5"},
				"up": {"uv": [0, 0, 5, 0.99456], "rotation": 270, "texture": "#5"}
			}
		},
		{
			"name": "hexadecagon",
			"from": [3.44755, 12.25, 13.28861],
			"to": [7.44755, 13.5, 14.08426],
			"rotation": {"angle": -45, "axis": "y", "origin": [7.95, 12.47916, 7.675]},
			"faces": {
				"east": {"uv": [0, 0, 0.99456, 1.25], "texture": "#5"},
				"west": {"uv": [0, 0, 0.99456, 1.25], "texture": "#5"},
				"up": {"uv": [0, 0, 5, 0.99456], "rotation": 180, "texture": "#5"},
				"down": {"uv": [0, 0, 0, 0], "texture": "#5"}
			}
		},
		{
			"from": [-1.76149, 9.75, 5.26351],
			"to": [-0.96149, 12.4166, 10.86351],
			"rotation": {"angle": 22.5, "axis": "y", "origin": [7.95, 12.47916, 7.675]},
			"faces": {
				"east": {"uv": [0, 0, 7, 2.6666], "texture": "#5"},
				"south": {"uv": [0, 0, 1, 2.6666], "texture": "#5"},
				"west": {"uv": [0, 0, 7, 2.6666], "texture": "#5"},
				"down": {"uv": [0, 0, 1, 7], "rotation": 180, "texture": "#5"}
			}
		},
		{
			"from": [5.43851, 9.75, -1.93649],
			"to": [10.23851, 12.4166, -1.13649],
			"rotation": {"angle": 22.5, "axis": "y", "origin": [7.95, 12.47916, 7.675]},
			"faces": {
				"north": {"uv": [0, 0, 6, 2.6666], "texture": "#5"},
				"south": {"uv": [0, 0, 6, 2.6666], "texture": "#5"},
				"down": {"uv": [0, 0, 6, 1], "rotation": 180, "texture": "#5"}
			}
		},
		{
			"from": [-0.96149, 9.75, 10.06351],
			"to": [10.23851, 12.4166, 10.86351],
			"rotation": {"angle": 22.5, "axis": "y", "origin": [7.95, 12.47916, 7.675]},
			"faces": {
				"north": {"uv": [0, 0, 14, 2.6666], "texture": "#5"},
				"south": {"uv": [0, 0, 14, 2.6666], "texture": "#5"},
				"down": {"uv": [0, 0, 14, 1], "rotation": 180, "texture": "#5"}
			}
		},
		{
			"from": [10.23851, 9.75, -1.93649],
			"to": [11.03851, 12.4166, 10.86351],
			"rotation": {"angle": 22.5, "axis": "y", "origin": [7.95, 12.47916, 7.675]},
			"faces": {
				"north": {"uv": [0, 0, 1, 2.6666], "texture": "#5"},
				"east": {"uv": [0, 0, 16, 2.6666], "texture": "#5"},
				"south": {"uv": [0, 0, 1, 2.6666], "texture": "#5"},
				"west": {"uv": [0, 0, 16, 2.6666], "texture": "#5"},
				"down": {"uv": [0, 0, 1, 16], "rotation": 180, "texture": "#5"}
			}
		},
		{
			"from": [4.63851, 9.75, -1.93649],
			"to": [5.43851, 12.4166, 4.46351],
			"rotation": {"angle": 22.5, "axis": "y", "origin": [7.95, 12.47916, 7.675]},
			"faces": {
				"north": {"uv": [0, 0, 1, 2.6666], "texture": "#5"},
				"east": {"uv": [0, 0, 8, 2.6666], "texture": "#5"},
				"west": {"uv": [0, 0, 8, 2.6666], "texture": "#5"},
				"down": {"uv": [0, 0, 1, 8], "rotation": 180, "texture": "#5"}
			}
		},
		{
			"from": [-1.76149, 9.75, 4.46351],
			"to": [5.43851, 12.4166, 5.26351],
			"rotation": {"angle": 22.5, "axis": "y", "origin": [7.95, 12.47916, 7.675]},
			"faces": {
				"north": {"uv": [0, 0, 9, 2.6666], "texture": "#5"},
				"east": {"uv": [0, 0, 1, 2.6666], "texture": "#5"},
				"south": {"uv": [0, 0, 9, 2.6666], "texture": "#5"},
				"west": {"uv": [0, 0, 1, 2.6666], "texture": "#5"},
				"down": {"uv": [0, 0, 9, 1], "rotation": 180, "texture": "#5"}
			}
		},
		{
			"from": [-1.76149, 11.4166, 4.46351],
			"to": [11.03851, 12.4166, 10.86351],
			"rotation": {"angle": 22.5, "axis": "y", "origin": [7.95, 12.47916, 7.675]},
			"faces": {
				"up": {"uv": [0, 0, 16, 8], "rotation": 180, "texture": "#5"},
				"down": {"uv": [0, 0, 16, 8], "rotation": 180, "texture": "#5"}
			}
		},
		{
			"from": [4.63851, 11.4166, -1.93649],
			"to": [11.03851, 12.4166, 4.46351],
			"rotation": {"angle": 22.5, "axis": "y", "origin": [7.95, 12.47916, 7.675]},
			"faces": {
				"up": {"uv": [0, 0, 8, 8], "rotation": 180, "texture": "#5"},
				"down": {"uv": [0, 0, 8, 8], "rotation": 180, "texture": "#5"}
			}
		},
		{
			"name": "hexadecagon",
			"from": [10.56244, 15.25, 11.73195],
			"to": [14.56244, 16.5, 12.5276],
			"rotation": {"angle": 0, "axis": "y", "origin": [7.95, 15.47916, 7.675]},
			"faces": {
				"east": {"uv": [0, 0, 0.99456, 1.25], "texture": "#0"},
				"west": {"uv": [0, 0, 0.99456, 1.25], "texture": "#0"},
				"up": {"uv": [0, 0, 0.99456, 5], "rotation": 90, "texture": "#0"}
			}
		},
		{
			"name": "hexadecagon",
			"from": [8.50657, 15.25, 13.15795],
			"to": [12.50657, 16.5, 13.9536],
			"rotation": {"angle": 22.5, "axis": "y", "origin": [7.95, 15.47916, 7.675]},
			"faces": {
				"east": {"uv": [0, 0, 0.99456, 1.25], "texture": "#0"},
				"west": {"uv": [0, 0, 0.99456, 1.25], "texture": "#0"},
				"up": {"uv": [0, 0, 0.99456, 5], "rotation": 90, "texture": "#0"}
			}
		},
		{
			"name": "hexadecagon",
			"from": [6.06149, 15.25, 13.68866],
			"to": [10.06149, 16.5, 14.48431],
			"rotation": {"angle": 45, "axis": "y", "origin": [7.95, 15.47916, 7.675]},
			"faces": {
				"east": {"uv": [0, 0, 0.99456, 1.25], "texture": "#0"},
				"west": {"uv": [0, 0, 0.99456, 1.25], "texture": "#0"},
				"up": {"uv": [0, 0, 0.99456, 5], "rotation": 90, "texture": "#0"}
			}
		},
		{
			"name": "hexadecagon",
			"from": [13.51828, 15.25, 8.02557],
			"to": [14.31393, 16.5, 12.02557],
			"rotation": {"angle": -22.5, "axis": "y", "origin": [7.95, 15.47916, 7.675]},
			"faces": {
				"north": {"uv": [0, 0, 0.99456, 1.25], "texture": "#0"},
				"south": {"uv": [0, 0, 0.99456, 1.25], "texture": "#0"},
				"up": {"uv": [0, 0, 0.99456, 5], "texture": "#0"}
			}
		},
		{
			"name": "hexadecagon",
			"from": [12.16461, 15.25, 10.12977],
			"to": [12.96026, 16.5, 14.12977],
			"rotation": {"angle": 0, "axis": "y", "origin": [7.95, 15.47916, 7.675]},
			"faces": {
				"north": {"uv": [0, 0, 0.99456, 1.25], "texture": "#0"},
				"south": {"uv": [0, 0, 0.99456, 1.25], "texture": "#0"},
				"up": {"uv": [0, 0, 0.99456, 5], "texture": "#0"}
			}
		},
		{
			"name": "hexadecagon",
			"from": [10.10874, 15.25, 11.55578],
			"to": [10.90439, 16.5, 15.55578],
			"rotation": {"angle": 22.5, "axis": "y", "origin": [7.95, 15.47916, 7.675]},
			"faces": {
				"north": {"uv": [0, 0, 0.99456, 1.25], "texture": "#0"},
				"south": {"uv": [0, 0, 0.99456, 1.25], "texture": "#0"},
				"up": {"uv": [0, 0, 5, 0.99456], "rotation": 90, "texture": "#0"}
			}
		},
		{
			"name": "hexadecagon",
			"from": [7.66366, 15.25, 12.08649],
			"to": [8.45931, 16.5, 16.08649],
			"rotation": {"angle": 45, "axis": "y", "origin": [7.95, 15.47916, 7.675]},
			"faces": {
				"north": {"uv": [0, 0, 0.99456, 1.25], "texture": "#0"},
				"south": {"uv": [0, 0, 0.99456, 1.25], "texture": "#0"},
				"up": {"uv": [0, 0, 5, 0.99456], "rotation": 90, "texture": "#0"}
			}
		},
		{
			"name": "hexadecagon",
			"from": [11.9161, 15.25, 9.62775],
			"to": [15.9161, 16.5, 10.42339],
			"rotation": {"angle": -22.5, "axis": "y", "origin": [7.95, 15.47916, 7.675]},
			"faces": {
				"east": {"uv": [0, 0, 0.99456, 1.25], "texture": "#0"},
				"west": {"uv": [0, 0, 0.99456, 1.25], "texture": "#0"},
				"up": {"uv": [0, 0, 5, 0.99456], "texture": "#0"}
			}
		},
		{
			"name": "hexadecagon",
			"from": [7.63913, 15.25, 5.60429],
			"to": [8.43478, 16.5, 9.60429],
			"rotation": {"angle": 0, "axis": "y", "origin": [7.95, 15.47916, 7.675]},
			"faces": {
				"north": {"uv": [0, 0, 0.99456, 1.25], "texture": "#0"},
				"south": {"uv": [0, 0, 0.99456, 1.25], "texture": "#0"}
			}
		},
		{
			"name": "hexadecagon",
			"from": [7.60545, 15.25, 5.5764],
			"to": [8.4011, 16.5, 9.5764],
			"rotation": {"angle": -22.5, "axis": "y", "origin": [7.95, 15.47916, 7.675]},
			"faces": {
				"north": {"uv": [0, 0, 0.99456, 1.25], "texture": "#0"},
				"south": {"uv": [0, 0, 0.99456, 1.25], "texture": "#0"}
			}
		},
		{
			"name": "hexadecagon",
			"from": [6.06149, 15.25, 7.28866],
			"to": [10.06149, 16.5, 8.08431],
			"rotation": {"angle": 45, "axis": "y", "origin": [7.95, 15.47916, 7.675]},
			"faces": {
				"east": {"uv": [0, 0, 0.99456, 1.25], "texture": "#0"},
				"west": {"uv": [0, 0, 0.99456, 1.25], "texture": "#0"},
				"up": {"uv": [0, 0, 0.99456, 5], "rotation": 90, "texture": "#0"}
			}
		},
		{
			"name": "hexadecagon",
			"from": [6.05739, 15.25, 7.24512],
			"to": [10.05739, 16.5, 8.04077],
			"rotation": {"angle": 22.5, "axis": "y", "origin": [7.95, 15.47916, 7.675]},
			"faces": {
				"east": {"uv": [0, 0, 0.99456, 1.25], "texture": "#0"},
				"west": {"uv": [0, 0, 0.99456, 1.25], "texture": "#0"},
				"up": {"uv": [0, 0, 0.99456, 5], "rotation": 90, "texture": "#0"}
			}
		},
		{
			"name": "hexadecagon",
			"from": [6.03695, 15.25, 7.20647],
			"to": [10.03695, 16.5, 8.00211],
			"rotation": {"angle": 0, "axis": "y", "origin": [7.95, 15.47916, 7.675]},
			"faces": {
				"east": {"uv": [0, 0, 0.99456, 1.25], "texture": "#0"},
				"west": {"uv": [0, 0, 0.99456, 1.25], "texture": "#0"},
				"up": {"uv": [0, 0, 0.99456, 5], "rotation": 90, "texture": "#0"}
			}
		},
		{
			"name": "hexadecagon",
			"from": [6.00327, 15.25, 7.17857],
			"to": [10.00327, 16.5, 7.97422],
			"rotation": {"angle": -22.5, "axis": "y", "origin": [7.95, 15.47916, 7.675]},
			"faces": {
				"east": {"uv": [0, 0, 0.99456, 1.25], "texture": "#0"},
				"west": {"uv": [0, 0, 0.99456, 1.25], "texture": "#0"},
				"up": {"uv": [0, 0, 5, 0.99456], "texture": "#0"}
			}
		},
		{
			"name": "hexadecagon",
			"from": [7.66366, 15.25, 5.68649],
			"to": [8.45931, 16.5, 9.68649],
			"rotation": {"angle": 45, "axis": "y", "origin": [7.95, 15.47916, 7.675]},
			"faces": {
				"north": {"uv": [0, 0, 0.99456, 1.25], "texture": "#0"},
				"south": {"uv": [0, 0, 0.99456, 1.25], "texture": "#0"},
				"up": {"uv": [0, 0, 5, 0.99456], "rotation": 90, "texture": "#0"}
			}
		},
		{
			"name": "hexadecagon",
			"from": [7.65957, 15.25, 5.64295],
			"to": [8.45522, 16.5, 9.64295],
			"rotation": {"angle": 22.5, "axis": "y", "origin": [7.95, 15.47916, 7.675]},
			"faces": {
				"north": {"uv": [0, 0, 0.99456, 1.25], "texture": "#0"},
				"south": {"uv": [0, 0, 0.99456, 1.25], "texture": "#0"}
			}
		},
		{
			"name": "hexadecagon",
			"from": [10.56244, 15.25, 2.68098],
			"to": [14.56244, 16.5, 3.47663],
			"rotation": {"angle": 0, "axis": "y", "origin": [7.95, 15.47916, 7.675]},
			"faces": {
				"east": {"uv": [0, 0, 0.99456, 1.25], "texture": "#0"},
				"west": {"uv": [0, 0, 0.99456, 1.25], "texture": "#0"},
				"up": {"uv": [0, 0, 0.99456, 5], "rotation": 90, "texture": "#0"}
			}
		},
		{
			"name": "hexadecagon",
			"from": [11.97022, 15.25, 4.79595],
			"to": [15.97022, 16.5, 5.5916],
			"rotation": {"angle": 22.5, "axis": "y", "origin": [7.95, 15.47916, 7.675]},
			"faces": {
				"east": {"uv": [0, 0, 0.99456, 1.25], "texture": "#0"},
				"west": {"uv": [0, 0, 0.99456, 1.25], "texture": "#0"},
				"up": {"uv": [0, 0, 0.99456, 5], "rotation": 90, "texture": "#0"}
			}
		},
		{
			"name": "hexadecagon",
			"from": [12.46149, 15.25, 7.28866],
			"to": [16.46149, 16.5, 8.08431],
			"rotation": {"angle": 45, "axis": "y", "origin": [7.95, 15.47916, 7.675]},
			"faces": {
				"east": {"uv": [0, 0, 0.99456, 1.25], "texture": "#0"},
				"west": {"uv": [0, 0, 0.99456, 1.25], "texture": "#0"},
				"up": {"uv": [0, 0, 0.99456, 5], "rotation": 90, "texture": "#0"}
			}
		},
		{
			"name": "hexadecagon",
			"from": [10.05462, 15.25, -0.33643],
			"to": [10.85027, 16.5, 3.66357],
			"rotation": {"angle": -22.5, "axis": "y", "origin": [7.95, 15.47916, 7.675]},
			"faces": {
				"north": {"uv": [0, 0, 0.99456, 1.25], "texture": "#0"},
				"south": {"uv": [0, 0, 0.99456, 1.25], "texture": "#0"},
				"up": {"uv": [0, 0, 0.99456, 5], "texture": "#0"}
			}
		},
		{
			"name": "hexadecagon",
			"from": [12.16461, 15.25, 1.07881],
			"to": [12.96026, 16.5, 5.07881],
			"rotation": {"angle": 0, "axis": "y", "origin": [7.95, 15.47916, 7.675]},
			"faces": {
				"north": {"uv": [0, 0, 0.99456, 1.25], "texture": "#0"},
				"south": {"uv": [0, 0, 0.99456, 1.25], "texture": "#0"},
				"up": {"uv": [0, 0, 0.99456, 5], "texture": "#0"}
			}
		},
		{
			"name": "hexadecagon",
			"from": [13.5724, 15.25, 3.19377],
			"to": [14.36805, 16.5, 7.19377],
			"rotation": {"angle": 22.5, "axis": "y", "origin": [7.95, 15.47916, 7.675]},
			"faces": {
				"north": {"uv": [0, 0, 0.99456, 1.25], "texture": "#0"},
				"south": {"uv": [0, 0, 0.99456, 1.25], "texture": "#0"},
				"up": {"uv": [0, 0, 5, 0.99456], "rotation": 90, "texture": "#0"}
			}
		},
		{
			"name": "hexadecagon",
			"from": [14.06366, 15.25, 5.68649],
			"to": [14.85931, 16.5, 9.68649],
			"rotation": {"angle": 45, "axis": "y", "origin": [7.95, 15.47916, 7.675]},
			"faces": {
				"north": {"uv": [0, 0, 0.99456, 1.25], "texture": "#0"},
				"south": {"uv": [0, 0, 0.99456, 1.25], "texture": "#0"},
				"up": {"uv": [0, 0, 5, 0.99456], "rotation": 90, "texture": "#0"}
			}
		},
		{
			"name": "hexadecagon",
			"from": [8.45245, 15.25, 1.26574],
			"to": [12.45245, 16.5, 2.06139],
			"rotation": {"angle": -22.5, "axis": "y", "origin": [7.95, 15.47916, 7.675]},
			"faces": {
				"east": {"uv": [0, 0, 0.99456, 1.25], "texture": "#0"},
				"west": {"uv": [0, 0, 0.99456, 1.25], "texture": "#0"},
				"up": {"uv": [0, 0, 5, 0.99456], "texture": "#0"}
			}
		},
		{
			"from": [16.86149, 12.75, 4.48649],
			"to": [17.66149, 15.4166, 10.08649],
			"rotation": {"angle": 45, "axis": "y", "origin": [7.95, 15.47916, 7.675]},
			"faces": {
				"north": {"uv": [0, 0, 1, 2.6666], "texture": "#0"},
				"east": {"uv": [0, 0, 7, 2.6666], "texture": "#0"},
				"west": {"uv": [0, 0, 7, 2.6666], "texture": "#0"},
				"down": {"uv": [0, 0, 1, 7], "texture": "#0"}
			}
		},
		{
			"from": [5.66149, 12.75, 16.48649],
			"to": [10.46149, 15.4166, 17.28649],
			"rotation": {"angle": 45, "axis": "y", "origin": [7.95, 15.47916, 7.675]},
			"faces": {
				"north": {"uv": [0, 0, 6, 2.6666], "texture": "#0"},
				"south": {"uv": [0, 0, 6, 2.6666], "texture": "#0"},
				"down": {"uv": [0, 0, 6, 1], "texture": "#0"}
			}
		},
		{
			"from": [5.66149, 12.75, 4.48649],
			"to": [16.86149, 15.4166, 5.28649],
			"rotation": {"angle": 45, "axis": "y", "origin": [7.95, 15.47916, 7.675]},
			"faces": {
				"north": {"uv": [0, 0, 14, 2.6666], "texture": "#0"},
				"south": {"uv": [0, 0, 14, 2.6666], "texture": "#0"},
				"down": {"uv": [0, 0, 14, 1], "texture": "#0"}
			}
		},
		{
			"from": [4.86149, 12.75, 4.48649],
			"to": [5.66149, 15.4166, 17.28649],
			"rotation": {"angle": 45, "axis": "y", "origin": [7.95, 15.47916, 7.675]},
			"faces": {
				"north": {"uv": [0, 0, 1, 2.6666], "texture": "#0"},
				"east": {"uv": [0, 0, 16, 2.6666], "texture": "#0"},
				"south": {"uv": [0, 0, 1, 2.6666], "texture": "#0"},
				"west": {"uv": [0, 0, 16, 2.6666], "texture": "#0"},
				"down": {"uv": [0, 0, 1, 16], "texture": "#0"}
			}
		},
		{
			"from": [10.46149, 12.75, 10.88649],
			"to": [11.26149, 15.4166, 17.28649],
			"rotation": {"angle": 45, "axis": "y", "origin": [7.95, 15.47916, 7.675]},
			"faces": {
				"east": {"uv": [0, 0, 8, 2.6666], "texture": "#0"},
				"south": {"uv": [0, 0, 1, 2.6666], "texture": "#0"},
				"west": {"uv": [0, 0, 8, 2.6666], "texture": "#0"},
				"down": {"uv": [0, 0, 1, 8], "texture": "#0"}
			}
		},
		{
			"from": [10.46149, 12.75, 10.08649],
			"to": [17.66149, 15.4166, 10.88649],
			"rotation": {"angle": 45, "axis": "y", "origin": [7.95, 15.47916, 7.675]},
			"faces": {
				"north": {"uv": [0, 0, 9, 2.6666], "texture": "#0"},
				"east": {"uv": [0, 0, 1, 2.6666], "texture": "#0"},
				"south": {"uv": [0, 0, 9, 2.6666], "texture": "#0"},
				"west": {"uv": [0, 0, 1, 2.6666], "texture": "#0"},
				"down": {"uv": [0, 0, 9, 1], "texture": "#0"}
			}
		},
		{
			"from": [4.86149, 14.4166, 4.48649],
			"to": [17.66149, 15.4166, 10.88649],
			"rotation": {"angle": 45, "axis": "y", "origin": [7.95, 15.47916, 7.675]},
			"faces": {
				"up": {"uv": [0, 0, 16, 8], "texture": "#0"},
				"down": {"uv": [0, 0, 16, 8], "texture": "#0"}
			}
		},
		{
			"from": [4.86149, 14.4166, 10.88649],
			"to": [11.26149, 15.4166, 17.28649],
			"rotation": {"angle": 45, "axis": "y", "origin": [7.95, 15.47916, 7.675]},
			"faces": {
				"up": {"uv": [0, 0, 8, 8], "texture": "#0"},
				"down": {"uv": [0, 0, 8, 8], "texture": "#0"}
			}
		},
		{
			"name": "hexadecagon",
			"from": [7.50272, 17.5, 5.5],
			"to": [8.49728, 18.75, 10.5],
			"rotation": {"angle": 45, "axis": "y", "origin": [8, 18, 8]},
			"faces": {
				"north": {"uv": [0, 0, 0.99456, 1.25], "texture": "#5"},
				"south": {"uv": [0, 0, 0.99456, 1.25], "texture": "#5"},
				"up": {"uv": [0, 0, 0.99456, 5], "texture": "#5"}
			}
		},
		{
			"name": "hexadecagon",
			"from": [7.50272, 17.5, 5.5],
			"to": [8.49728, 18.75, 10.5],
			"rotation": {"angle": 22.5, "axis": "y", "origin": [8, 18, 8]},
			"faces": {
				"north": {"uv": [0, 0, 0.99456, 1.25], "texture": "#5"},
				"south": {"uv": [0, 0, 0.99456, 1.25], "texture": "#5"},
				"up": {"uv": [0, 0, 0.99456, 5], "texture": "#5"}
			}
		},
		{
			"name": "hexadecagon",
			"from": [7.50272, 17.5, 5.5],
			"to": [8.49728, 18.75, 10.5],
			"rotation": {"angle": 0, "axis": "y", "origin": [8, 18, 8]},
			"faces": {
				"north": {"uv": [0, 0, 0.99456, 1.25], "texture": "#5"},
				"south": {"uv": [0, 0, 0.99456, 1.25], "texture": "#5"},
				"up": {"uv": [0, 0, 0.99456, 5], "texture": "#5"}
			}
		},
		{
			"name": "hexadecagon",
			"from": [7.50272, 17.5, 5.5],
			"to": [8.49728, 18.75, 10.5],
			"rotation": {"angle": -22.5, "axis": "y", "origin": [8, 18, 8]},
			"faces": {
				"north": {"uv": [0, 0, 0.99456, 1.25], "texture": "#5"},
				"south": {"uv": [0, 0, 0.99456, 1.25], "texture": "#5"},
				"up": {"uv": [0, 0, 0.99456, 5], "texture": "#5"}
			}
		},
		{
			"name": "hexadecagon",
			"from": [7.50272, 17.5, 5.5],
			"to": [8.49728, 18.75, 10.5],
			"rotation": {"angle": -45, "axis": "y", "origin": [8, 18, 8]},
			"faces": {
				"north": {"uv": [0, 0, 0.99456, 1.25], "texture": "#5"},
				"south": {"uv": [0, 0, 0.99456, 1.25], "texture": "#5"},
				"up": {"uv": [0, 0, 0.99456, 5], "texture": "#5"}
			}
		},
		{
			"name": "hexadecagon",
			"from": [5.5, 17.5, 7.50272],
			"to": [10.5, 18.75, 8.49728],
			"rotation": {"angle": 22.5, "axis": "y", "origin": [8, 18, 8]},
			"faces": {
				"east": {"uv": [0, 0, 0.99456, 1.25], "texture": "#5"},
				"west": {"uv": [0, 0, 0.99456, 1.25], "texture": "#5"},
				"up": {"uv": [0, 0, 5, 0.99456], "texture": "#5"}
			}
		},
		{
			"name": "hexadecagon",
			"from": [5.5, 17.5, 7.50272],
			"to": [10.5, 18.75, 8.49728],
			"rotation": {"angle": 0, "axis": "y", "origin": [8, 18, 8]},
			"faces": {
				"east": {"uv": [0, 0, 0.99456, 1.25], "texture": "#5"},
				"west": {"uv": [0, 0, 0.99456, 1.25], "texture": "#5"},
				"up": {"uv": [0, 0, 5, 0.99456], "texture": "#5"}
			}
		},
		{
			"name": "hexadecagon",
			"from": [5.5, 17.5, 7.50272],
			"to": [10.5, 18.75, 8.49728],
			"rotation": {"angle": -22.5, "axis": "y", "origin": [8, 18, 8]},
			"faces": {
				"east": {"uv": [0, 0, 0.99456, 1.25], "texture": "#5"},
				"west": {"uv": [0, 0, 0.99456, 1.25], "texture": "#5"},
				"up": {"uv": [0, 0, 5, 0.99456], "texture": "#5"}
			}
		},
		{
			"name": "hexadecagon",
			"from": [7.35353, 15.75, 4.75],
			"to": [8.64647, 17, 11.25],
			"rotation": {"angle": -45, "axis": "y", "origin": [8, 16, 8]},
			"faces": {
				"north": {"uv": [0, 0, 1.29293, 1.5], "texture": "#5"},
				"south": {"uv": [0, 0, 1.29293, 1.5], "texture": "#5"},
				"down": {"uv": [0, 0, 1.29293, 6.5], "texture": "#5"}
			}
		},
		{
			"name": "hexadecagon",
			"from": [7.35353, 15.75, 4.75],
			"to": [8.64647, 17, 11.25],
			"rotation": {"angle": -22.5, "axis": "y", "origin": [8, 16, 8]},
			"faces": {
				"north": {"uv": [0, 0, 1.29293, 1.5], "texture": "#5"},
				"south": {"uv": [0, 0, 1.29293, 1.5], "texture": "#5"},
				"down": {"uv": [0, 0, 1.29293, 6.5], "texture": "#5"}
			}
		},
		{
			"name": "hexadecagon",
			"from": [7.35353, 15.75, 4.75],
			"to": [8.64647, 17, 11.25],
			"rotation": {"angle": 0, "axis": "y", "origin": [8, 16, 8]},
			"faces": {
				"north": {"uv": [0, 0, 1.29293, 1.5], "texture": "#5"},
				"south": {"uv": [0, 0, 1.29293, 1.5], "texture": "#5"},
				"down": {"uv": [0, 0, 1.29293, 6.5], "texture": "#5"}
			}
		},
		{
			"name": "hexadecagon",
			"from": [7.35353, 15.75, 4.75],
			"to": [8.64647, 17, 11.25],
			"rotation": {"angle": 22.5, "axis": "y", "origin": [8, 16, 8]},
			"faces": {
				"north": {"uv": [0, 0, 1.29293, 1.5], "texture": "#5"},
				"south": {"uv": [0, 0, 1.29293, 1.5], "texture": "#5"},
				"down": {"uv": [0, 0, 1.29293, 6.5], "texture": "#5"}
			}
		},
		{
			"name": "hexadecagon",
			"from": [7.35353, 15.75, 4.75],
			"to": [8.64647, 17, 11.25],
			"rotation": {"angle": 45, "axis": "y", "origin": [8, 16, 8]},
			"faces": {
				"north": {"uv": [0, 0, 1.29293, 1.5], "texture": "#5"},
				"south": {"uv": [0, 0, 1.29293, 1.5], "texture": "#5"},
				"down": {"uv": [0, 0, 1.29293, 6.5], "texture": "#5"}
			}
		},
		{
			"name": "hexadecagon",
			"from": [4.75, 15.75, 7.35353],
			"to": [11.25, 17, 8.64647],
			"rotation": {"angle": -22.5, "axis": "y", "origin": [8, 16, 8]},
			"faces": {
				"east": {"uv": [0, 0, 1.29293, 1.5], "texture": "#5"},
				"west": {"uv": [0, 0, 1.29293, 1.5], "texture": "#5"},
				"down": {"uv": [0, 0, 6.5, 1.29293], "texture": "#5"}
			}
		},
		{
			"name": "hexadecagon",
			"from": [4.75, 15.75, 7.35353],
			"to": [11.25, 17, 8.64647],
			"rotation": {"angle": 0, "axis": "y", "origin": [8, 16, 8]},
			"faces": {
				"east": {"uv": [0, 0, 1.29293, 1.5], "texture": "#5"},
				"west": {"uv": [0, 0, 1.29293, 1.5], "texture": "#5"},
				"down": {"uv": [0, 0, 6.5, 1.29293], "texture": "#5"}
			}
		},
		{
			"name": "hexadecagon",
			"from": [4.75, 15.75, 7.35353],
			"to": [11.25, 17, 8.64647],
			"rotation": {"angle": 22.5, "axis": "y", "origin": [8, 16, 8]},
			"faces": {
				"east": {"uv": [0, 0, 1.29293, 1.5], "texture": "#5"},
				"west": {"uv": [0, 0, 1.29293, 1.5], "texture": "#5"},
				"down": {"uv": [0, 0, 6.5, 1.29293], "texture": "#5"}
			}
		},
		{
			"name": "hexadecagon",
			"from": [7.25408, 17, 4.25],
			"to": [8.74592, 17.5, 11.75],
			"rotation": {"angle": -45, "axis": "y", "origin": [8, 17.5, 8]},
			"faces": {
				"north": {"uv": [0, 0, 1.49184, 0.5], "texture": "#5"},
				"south": {"uv": [0, 0, 1.49184, 0.5], "texture": "#5"},
				"up": {"uv": [0, 0, 1.49184, 7.5], "texture": "#5"},
				"down": {"uv": [0, 0, 1.49184, 7.5], "texture": "#5"}
			}
		},
		{
			"name": "hexadecagon",
			"from": [7.25408, 17, 4.25],
			"to": [8.74592, 17.5, 11.75],
			"rotation": {"angle": -22.5, "axis": "y", "origin": [8, 17.5, 8]},
			"faces": {
				"north": {"uv": [0, 0, 1.49184, 0.5], "texture": "#5"},
				"south": {"uv": [0, 0, 1.49184, 0.5], "texture": "#5"},
				"up": {"uv": [0, 0, 1.49184, 7.5], "texture": "#5"},
				"down": {"uv": [0, 0, 1.49184, 7.5], "texture": "#5"}
			}
		},
		{
			"name": "hexadecagon",
			"from": [7.25408, 17, 4.25],
			"to": [8.74592, 17.5, 11.75],
			"rotation": {"angle": 0, "axis": "y", "origin": [8, 17.5, 8]},
			"faces": {
				"north": {"uv": [0, 0, 1.49184, 0.5], "texture": "#5"},
				"south": {"uv": [0, 0, 1.49184, 0.5], "texture": "#5"},
				"up": {"uv": [0, 0, 1.49184, 7.5], "texture": "#5"},
				"down": {"uv": [0, 0, 1.49184, 7.5], "texture": "#5"}
			}
		},
		{
			"name": "hexadecagon",
			"from": [7.25408, 17, 4.25],
			"to": [8.74592, 17.5, 11.75],
			"rotation": {"angle": 22.5, "axis": "y", "origin": [8, 17.5, 8]},
			"faces": {
				"north": {"uv": [0, 0, 1.49184, 0.5], "texture": "#5"},
				"south": {"uv": [0, 0, 1.49184, 0.5], "texture": "#5"},
				"up": {"uv": [0, 0, 1.49184, 7.5], "texture": "#5"},
				"down": {"uv": [0, 0, 1.49184, 7.5], "texture": "#5"}
			}
		},
		{
			"name": "hexadecagon",
			"from": [7.25408, 17, 4.25],
			"to": [8.74592, 17.5, 11.75],
			"rotation": {"angle": 45, "axis": "y", "origin": [8, 17.5, 8]},
			"faces": {
				"north": {"uv": [0, 0, 1.49184, 0.5], "texture": "#5"},
				"south": {"uv": [0, 0, 1.49184, 0.5], "texture": "#5"},
				"up": {"uv": [0, 0, 1.49184, 7.5], "texture": "#5"},
				"down": {"uv": [0, 0, 1.49184, 7.5], "texture": "#5"}
			}
		},
		{
			"name": "hexadecagon",
			"from": [4.25, 17, 7.25408],
			"to": [11.75, 17.5, 8.74592],
			"rotation": {"angle": -22.5, "axis": "y", "origin": [8, 17.5, 8]},
			"faces": {
				"east": {"uv": [0, 0, 1.49184, 0.5], "texture": "#5"},
				"west": {"uv": [0, 0, 1.49184, 0.5], "texture": "#5"},
				"up": {"uv": [0, 0, 7.5, 1.49184], "texture": "#5"},
				"down": {"uv": [0, 0, 7.5, 1.49184], "texture": "#5"}
			}
		},
		{
			"name": "hexadecagon",
			"from": [4.25, 17, 7.25408],
			"to": [11.75, 17.5, 8.74592],
			"rotation": {"angle": 0, "axis": "y", "origin": [8, 17.5, 8]},
			"faces": {
				"east": {"uv": [0, 0, 1.49184, 0.5], "texture": "#5"},
				"west": {"uv": [0, 0, 1.49184, 0.5], "texture": "#5"},
				"up": {"uv": [0, 0, 7.5, 1.49184], "texture": "#5"},
				"down": {"uv": [0, 0, 7.5, 1.49184], "texture": "#5"}
			}
		},
		{
			"name": "hexadecagon",
			"from": [4.25, 17, 7.25408],
			"to": [11.75, 17.5, 8.74592],
			"rotation": {"angle": 22.5, "axis": "y", "origin": [8, 17.5, 8]},
			"faces": {
				"east": {"uv": [0, 0, 1.49184, 0.5], "texture": "#5"},
				"west": {"uv": [0, 0, 1.49184, 0.5], "texture": "#5"},
				"up": {"uv": [0, 0, 7.5, 1.49184], "texture": "#5"},
				"down": {"uv": [0, 0, 7.5, 1.49184], "texture": "#5"}
			}
		},
		{
			"name": "hexadecagon",
			"from": [7.50272, 4, 5.5],
			"to": [8.49728, 5.25, 10.5],
			"rotation": {"angle": 45, "axis": "y", "origin": [8, 4.5, 8]},
			"faces": {
				"north": {"uv": [0, 0, 0.99456, 1.25], "texture": "#3"},
				"south": {"uv": [0, 0, 0.99456, 1.25], "texture": "#3"}
			}
		},
		{
			"name": "hexadecagon",
			"from": [7.50272, 4, 5.5],
			"to": [8.49728, 5.25, 10.5],
			"rotation": {"angle": 22.5, "axis": "y", "origin": [8, 4.5, 8]},
			"faces": {
				"north": {"uv": [0, 0, 0.99456, 1.25], "texture": "#3"},
				"south": {"uv": [0, 0, 0.99456, 1.25], "texture": "#3"}
			}
		},
		{
			"name": "hexadecagon",
			"from": [7.50272, 4, 5.5],
			"to": [8.49728, 5.25, 10.5],
			"rotation": {"angle": 0, "axis": "y", "origin": [8, 4.5, 8]},
			"faces": {
				"north": {"uv": [0, 0, 0.99456, 1.25], "texture": "#3"},
				"south": {"uv": [0, 0, 0.99456, 1.25], "texture": "#3"}
			}
		},
		{
			"name": "hexadecagon",
			"from": [7.50272, 4, 5.5],
			"to": [8.49728, 5.25, 10.5],
			"rotation": {"angle": -22.5, "axis": "y", "origin": [8, 4.5, 8]},
			"faces": {
				"north": {"uv": [0, 0, 0.99456, 1.25], "texture": "#3"},
				"south": {"uv": [0, 0, 0.99456, 1.25], "texture": "#3"}
			}
		},
		{
			"name": "hexadecagon",
			"from": [7.50272, 4, 5.5],
			"to": [8.49728, 5.25, 10.5],
			"rotation": {"angle": -45, "axis": "y", "origin": [8, 4.5, 8]},
			"faces": {
				"north": {"uv": [0, 0, 0.99456, 1.25], "texture": "#3"},
				"south": {"uv": [0, 0, 0.99456, 1.25], "texture": "#3"}
			}
		},
		{
			"name": "hexadecagon",
			"from": [5.5, 4, 7.50272],
			"to": [10.5, 5.25, 8.49728],
			"rotation": {"angle": 22.5, "axis": "y", "origin": [8, 4.5, 8]},
			"faces": {
				"east": {"uv": [0, 0, 0.99456, 1.25], "texture": "#3"},
				"west": {"uv": [0, 0, 0.99456, 1.25], "texture": "#3"}
			}
		},
		{
			"name": "hexadecagon",
			"from": [5.5, 4, 7.50272],
			"to": [10.5, 5.25, 8.49728],
			"rotation": {"angle": 0, "axis": "y", "origin": [8, 4.5, 8]},
			"faces": {
				"east": {"uv": [0, 0, 0.99456, 1.25], "texture": "#3"},
				"west": {"uv": [0, 0, 0.99456, 1.25], "texture": "#3"}
			}
		},
		{
			"name": "hexadecagon",
			"from": [5.5, 4, 7.50272],
			"to": [10.5, 5.25, 8.49728],
			"rotation": {"angle": -22.5, "axis": "y", "origin": [8, 4.5, 8]},
			"faces": {
				"east": {"uv": [0, 0, 0.99456, 1.25], "texture": "#3"},
				"west": {"uv": [0, 0, 0.99456, 1.25], "texture": "#3"}
			}
		},
		{
			"name": "hexadecagon",
			"from": [7.35353, 2.25, 4.75],
			"to": [8.64647, 3.5, 11.25],
			"rotation": {"angle": -45, "axis": "y", "origin": [8, 2.5, 8]},
			"faces": {
				"north": {"uv": [0, 0, 1.29293, 1.5], "texture": "#3"},
				"south": {"uv": [0, 0, 1.29293, 1.5], "texture": "#3"},
				"down": {"uv": [0, 0, 1.29293, 6.5], "texture": "#3"}
			}
		},
		{
			"name": "hexadecagon",
			"from": [7.35353, 2.25, 4.75],
			"to": [8.64647, 3.5, 11.25],
			"rotation": {"angle": -22.5, "axis": "y", "origin": [8, 2.5, 8]},
			"faces": {
				"north": {"uv": [0, 0, 1.29293, 1.5], "texture": "#3"},
				"south": {"uv": [0, 0, 1.29293, 1.5], "texture": "#3"},
				"down": {"uv": [0, 0, 1.29293, 6.5], "texture": "#3"}
			}
		},
		{
			"name": "hexadecagon",
			"from": [7.35353, 2.25, 4.75],
			"to": [8.64647, 3.5, 11.25],
			"rotation": {"angle": 0, "axis": "y", "origin": [8, 2.5, 8]},
			"faces": {
				"north": {"uv": [0, 0, 1.29293, 1.5], "texture": "#3"},
				"south": {"uv": [0, 0, 1.29293, 1.5], "texture": "#3"},
				"down": {"uv": [0, 0, 1.29293, 6.5], "texture": "#3"}
			}
		},
		{
			"name": "hexadecagon",
			"from": [7.35353, 2.25, 4.75],
			"to": [8.64647, 3.5, 11.25],
			"rotation": {"angle": 22.5, "axis": "y", "origin": [8, 2.5, 8]},
			"faces": {
				"north": {"uv": [0, 0, 1.29293, 1.5], "texture": "#3"},
				"south": {"uv": [0, 0, 1.29293, 1.5], "texture": "#3"},
				"down": {"uv": [0, 0, 1.29293, 6.5], "texture": "#3"}
			}
		},
		{
			"name": "hexadecagon",
			"from": [7.35353, 2.25, 4.75],
			"to": [8.64647, 3.5, 11.25],
			"rotation": {"angle": 45, "axis": "y", "origin": [8, 2.5, 8]},
			"faces": {
				"north": {"uv": [0, 0, 1.29293, 1.5], "texture": "#3"},
				"south": {"uv": [0, 0, 1.29293, 1.5], "texture": "#3"},
				"down": {"uv": [0, 0, 1.29293, 6.5], "texture": "#3"}
			}
		},
		{
			"name": "hexadecagon",
			"from": [4.75, 2.25, 7.35353],
			"to": [11.25, 3.5, 8.64647],
			"rotation": {"angle": -22.5, "axis": "y", "origin": [8, 2.5, 8]},
			"faces": {
				"east": {"uv": [0, 0, 1.29293, 1.5], "texture": "#3"},
				"west": {"uv": [0, 0, 1.29293, 1.5], "texture": "#3"},
				"down": {"uv": [0, 0, 6.5, 1.29293], "texture": "#3"}
			}
		},
		{
			"name": "hexadecagon",
			"from": [4.75, 2.25, 7.35353],
			"to": [11.25, 3.5, 8.64647],
			"rotation": {"angle": 0, "axis": "y", "origin": [8, 2.5, 8]},
			"faces": {
				"east": {"uv": [0, 0, 1.29293, 1.5], "texture": "#3"},
				"west": {"uv": [0, 0, 1.29293, 1.5], "texture": "#3"},
				"down": {"uv": [0, 0, 6.5, 1.29293], "texture": "#3"}
			}
		},
		{
			"name": "hexadecagon",
			"from": [4.75, 2.25, 7.35353],
			"to": [11.25, 3.5, 8.64647],
			"rotation": {"angle": 22.5, "axis": "y", "origin": [8, 2.5, 8]},
			"faces": {
				"east": {"uv": [0, 0, 1.29293, 1.5], "texture": "#3"},
				"west": {"uv": [0, 0, 1.29293, 1.5], "texture": "#3"},
				"down": {"uv": [0, 0, 6.5, 1.29293], "texture": "#3"}
			}
		},
		{
			"name": "hexadecagon",
			"from": [7.25408, 3.5, 4.25],
			"to": [8.74592, 4, 11.75],
			"rotation": {"angle": -45, "axis": "y", "origin": [8, 4, 8]},
			"faces": {
				"north": {"uv": [0, 0, 1.49184, 0.5], "texture": "#3"},
				"south": {"uv": [0, 0, 1.49184, 0.5], "texture": "#3"},
				"up": {"uv": [0, 0, 1.49184, 7.5], "texture": "#3"},
				"down": {"uv": [0, 0, 1.49184, 7.5], "texture": "#3"}
			}
		},
		{
			"name": "hexadecagon",
			"from": [7.25408, 3.5, 4.25],
			"to": [8.74592, 4, 11.75],
			"rotation": {"angle": -22.5, "axis": "y", "origin": [8, 4, 8]},
			"faces": {
				"north": {"uv": [0, 0, 1.49184, 0.5], "texture": "#3"},
				"south": {"uv": [0, 0, 1.49184, 0.5], "texture": "#3"},
				"up": {"uv": [0, 0, 1.49184, 7.5], "texture": "#3"},
				"down": {"uv": [0, 0, 1.49184, 7.5], "texture": "#3"}
			}
		},
		{
			"name": "hexadecagon",
			"from": [7.25408, 3.5, 4.25],
			"to": [8.74592, 4, 11.75],
			"rotation": {"angle": 0, "axis": "y", "origin": [8, 4, 8]},
			"faces": {
				"north": {"uv": [0, 0, 1.49184, 0.5], "texture": "#3"},
				"south": {"uv": [0, 0, 1.49184, 0.5], "texture": "#3"},
				"up": {"uv": [0, 0, 1.49184, 7.5], "texture": "#3"},
				"down": {"uv": [0, 0, 1.49184, 7.5], "texture": "#3"}
			}
		},
		{
			"name": "hexadecagon",
			"from": [7.25408, 3.5, 4.25],
			"to": [8.74592, 4, 11.75],
			"rotation": {"angle": 22.5, "axis": "y", "origin": [8, 4, 8]},
			"faces": {
				"north": {"uv": [0, 0, 1.49184, 0.5], "texture": "#3"},
				"south": {"uv": [0, 0, 1.49184, 0.5], "texture": "#3"},
				"up": {"uv": [0, 0, 1.49184, 7.5], "texture": "#3"},
				"down": {"uv": [0, 0, 1.49184, 7.5], "texture": "#3"}
			}
		},
		{
			"name": "hexadecagon",
			"from": [7.25408, 3.5, 4.25],
			"to": [8.74592, 4, 11.75],
			"rotation": {"angle": 45, "axis": "y", "origin": [8, 4, 8]},
			"faces": {
				"north": {"uv": [0, 0, 1.49184, 0.5], "texture": "#3"},
				"south": {"uv": [0, 0, 1.49184, 0.5], "texture": "#3"},
				"up": {"uv": [0, 0, 1.49184, 7.5], "texture": "#3"},
				"down": {"uv": [0, 0, 1.49184, 7.5], "texture": "#3"}
			}
		},
		{
			"name": "hexadecagon",
			"from": [4.25, 3.5, 7.25408],
			"to": [11.75, 4, 8.74592],
			"rotation": {"angle": -22.5, "axis": "y", "origin": [8, 4, 8]},
			"faces": {
				"east": {"uv": [0, 0, 1.49184, 0.5], "texture": "#3"},
				"west": {"uv": [0, 0, 1.49184, 0.5], "texture": "#3"},
				"up": {"uv": [0, 0, 7.5, 1.49184], "texture": "#3"},
				"down": {"uv": [0, 0, 7.5, 1.49184], "texture": "#3"}
			}
		},
		{
			"name": "hexadecagon",
			"from": [4.25, 3.5, 7.25408],
			"to": [11.75, 4, 8.74592],
			"rotation": {"angle": 0, "axis": "y", "origin": [8, 4, 8]},
			"faces": {
				"east": {"uv": [0, 0, 1.49184, 0.5], "texture": "#3"},
				"west": {"uv": [0, 0, 1.49184, 0.5], "texture": "#3"},
				"up": {"uv": [0, 0, 7.5, 1.49184], "texture": "#3"},
				"down": {"uv": [0, 0, 7.5, 1.49184], "texture": "#3"}
			}
		},
		{
			"name": "hexadecagon",
			"from": [4.25, 3.5, 7.25408],
			"to": [11.75, 4, 8.74592],
			"rotation": {"angle": 22.5, "axis": "y", "origin": [8, 4, 8]},
			"faces": {
				"east": {"uv": [0, 0, 1.49184, 0.5], "texture": "#3"},
				"west": {"uv": [0, 0, 1.49184, 0.5], "texture": "#3"},
				"up": {"uv": [0, 0, 7.5, 1.49184], "texture": "#3"},
				"down": {"uv": [0, 0, 7.5, 1.49184], "texture": "#3"}
			}
		}
	],
	"display": {
		"thirdperson_righthand": {
			"rotation": [75, 45, 0],
			"translation": [0, 2.5, 0],
			"scale": [0.375, 0.375, 0.375]
		},
		"thirdperson_lefthand": {
			"rotation": [75, 45, 0],
			"translation": [0, 2.5, 0],
			"scale": [0.375, 0.375, 0.375]
		},
		"firstperson_righthand": {
			"rotation": [0, 45, 0],
			"scale": [0.4, 0.4, 0.4]
		},
		"firstperson_lefthand": {
			"rotation": [0, 225, 0],
			"scale": [0.4, 0.4, 0.4]
		},
		"ground": {
			"translation": [0, 3, 0],
			"scale": [0.25, 0.25, 0.25]
		},
		"gui": {
			"rotation": [30, 225, 0],
			"translation": [0, -0.75, 0],
			"scale": [0.625, 0.625, 0.625]
		},
		"fixed": {
			"scale": [0.5, 0.5, 0.5]
		}
	},
	"groups": [
		{
			"name": "little_nob",
			"origin": [8, 8, 8],
			"color": 0,
			"children": [
				{
					"name": "Little Nob",
					"origin": [8, 8, 8],
					"color": 0,
					"children": [
						{
							"name": "hexadecagon",
							"origin": [8, 8, 8],
							"color": 0,
							"children": [0, 1, 2, 3, 4, 5, 6, 7]
						},
						{
							"name": "hexadecagon",
							"origin": [8, 8, 8],
							"color": 0,
							"children": [8, 9, 10, 11, 12, 13, 14, 15]
						},
						{
							"name": "hexadecagon",
							"origin": [8, 8, 8],
							"color": 0,
							"children": [16, 17, 18, 19, 20, 21, 22, 23]
						}
					]
				},
				{
					"name": "Little Nob",
					"origin": [8, 8, 8],
					"color": 0,
					"children": [
						{
							"name": "hexadecagon",
							"origin": [8, 8, 8],
							"color": 0,
							"children": [24, 25, 26, 27, 28, 29, 30, 31]
						},
						{
							"name": "hexadecagon",
							"origin": [8, 8, 8],
							"color": 0,
							"children": [32, 33, 34, 35, 36, 37, 38, 39]
						},
						{
							"name": "hexadecagon",
							"origin": [8, 8, 8],
							"color": 0,
							"children": [40, 41, 42, 43, 44, 45, 46, 47]
						}
					]
				}
			]
		},
		{
			"name": "flat triple brick",
			"origin": [8, 8, 8],
			"color": 0,
			"children": [
				{
					"name": "hexadecagon",
					"origin": [8, 8, 8],
					"color": 0,
					"children": [48, 49, 50, 51, 52, 53, 54, 55]
				},
				{
					"name": "hexadecagon",
					"origin": [8, 8, 8],
					"color": 0,
					"children": [56, 57, 58, 59, 60, 61, 62, 63]
				},
				{
					"name": "hexadecagon",
					"origin": [8, 8, 8],
					"color": 0,
					"children": [64, 65, 66, 67, 68, 69, 70, 71]
				},
				{
					"name": "group",
					"origin": [16, 0, 16],
					"color": 0,
					"children": [72, 73, 74, 75, 76, 77, 78, 79]
				}
			]
		},
		{
			"name": "flat triple brick",
			"origin": [8, 8, 8],
			"color": 0,
			"children": [
				{
					"name": "hexadecagon",
					"origin": [8, 8, 8],
					"color": 0,
					"children": [80, 81, 82, 83, 84, 85, 86, 87]
				},
				{
					"name": "hexadecagon",
					"origin": [8, 8, 8],
					"color": 0,
					"children": [88, 89, 90, 91, 92, 93, 94, 95]
				},
				{
					"name": "hexadecagon",
					"origin": [8, 8, 8],
					"color": 0,
					"children": [96, 97, 98, 99, 100, 101, 102, 103]
				},
				{
					"name": "group",
					"origin": [16, 0, 16],
					"color": 0,
					"children": [104, 105, 106, 107, 108, 109, 110, 111]
				}
			]
		},
		{
			"name": "flat triple brick",
			"origin": [8, 8, 8],
			"color": 0,
			"children": [
				{
					"name": "hexadecagon",
					"origin": [8, 8, 8],
					"color": 0,
					"children": [112, 113, 114, 115, 116, 117, 118, 119]
				},
				{
					"name": "hexadecagon",
					"origin": [8, 8, 8],
					"color": 0,
					"children": [120, 121, 122, 123, 124, 125, 126, 127]
				},
				{
					"name": "hexadecagon",
					"origin": [8, 8, 8],
					"color": 0,
					"children": [128, 129, 130, 131, 132, 133, 134, 135]
				},
				{
					"name": "group",
					"origin": [16, 0, 16],
					"color": 0,
					"children": [136, 137, 138, 139, 140, 141, 142, 143]
				}
			]
		},
		{
			"name": "little_nob",
			"origin": [8, 8, 8],
			"color": 0,
			"children": [
				{
					"name": "Little Nob",
					"origin": [8, 8, 8],
					"color": 0,
					"children": [
						{
							"name": "hexadecagon",
							"origin": [8, 8, 8],
							"color": 0,
							"children": [144, 145, 146, 147, 148, 149, 150, 151]
						},
						{
							"name": "hexadecagon",
							"origin": [8, 8, 8],
							"color": 0,
							"children": [152, 153, 154, 155, 156, 157, 158, 159]
						},
						{
							"name": "hexadecagon",
							"origin": [8, 8, 8],
							"color": 0,
							"children": [160, 161, 162, 163, 164, 165, 166, 167]
						}
					]
				}
			]
		},
		{
			"name": "little_nob",
			"origin": [8, 8, 8],
			"color": 0,
			"children": [
				{
					"name": "Little Nob",
					"origin": [8, 8, 8],
					"color": 0,
					"children": [
						{
							"name": "hexadecagon",
							"origin": [8, 8, 8],
							"color": 0,
							"children": [168, 169, 170, 171, 172, 173, 174, 175]
						},
						{
							"name": "hexadecagon",
							"origin": [8, 8, 8],
							"color": 0,
							"children": [176, 177, 178, 179, 180, 181, 182, 183]
						},
						{
							"name": "hexadecagon",
							"origin": [8, 8, 8],
							"color": 0,
							"children": [184, 185, 186, 187, 188, 189, 190, 191]
						}
					]
				}
			]
		}
	]
}