{
    "credit": "AlexTestria | https://alex-bauerndistel.de",
    "parent": "minecraft:block/.parents/wall_post",
    "textures": {
        "0": "minecraft:brickcraft/material/plastics/shader_support/plastic06",
				"1": "minecraft:brickcraft/material/plastics/shader_support/plastic17",
				"2": "minecraft:brickcraft/material/plastics/shader_support/plastic17",
        "3": "minecraft:brickcraft/material/plastics/shader_support/plastic15",
        "4": "minecraft:brickcraft/material/plastics/shader_support/plastic15",
        "5": "minecraft:brickcraft/material/plastics/shader_support/plastic15"
    }
}
