{
	"credit": "AlexTestria | https://alex-bauerndistel.de",
	"textures": {
		"0": "brickcraft/material/plastics/texture/anvil01",
		"1": "brickcraft/material/plastics/texture/anvil02",
		"particle": "brickcraft/material/plastics/texture/anvil01"
	},
	"elements": [
		{
			"from": [0, 0.075, 0],
			"to": [16, 2.6666, 16],
			"rotation": {"angle": 0, "axis": "y", "origin": [16, 0, 0]},
			"faces": {
				"north": {"uv": [0, 0, 16, 2.5916], "texture": "#0", "cullface": "north"},
				"east": {"uv": [0, 0, 16, 2.5916], "texture": "#0", "cullface": "east"},
				"south": {"uv": [0, 0, 16, 2.5916], "texture": "#0", "cullface": "south"},
				"west": {"uv": [0, 0, 16, 2.5916], "texture": "#0", "cullface": "west"},
				"up": {"uv": [0, 0, 16, 16], "texture": "#0"}
			}
		},
		{
			"from": [15, 2.6666, 15],
			"to": [1, 0.075, 1],
			"rotation": {"angle": 0, "axis": "y", "origin": [16, 1.5916, 0]},
			"faces": {
				"north": {"uv": [1, 0, 15, 2.5916], "texture": "#0", "cullface": "down"},
				"east": {"uv": [1, 0, 15, 2.5916], "texture": "#0", "cullface": "down"},
				"south": {"uv": [1, 0, 15, 2.5916], "texture": "#0", "cullface": "down"},
				"west": {"uv": [1, 0, 15, 2.5916], "texture": "#0", "cullface": "down"},
				"down": {"uv": [1, 1, 15, 15], "texture": "#0", "cullface": "down"}
			}
		},
		{
			"from": [0, 0, 0],
			"to": [16, 0.075, 1],
			"rotation": {"angle": 0, "axis": "y", "origin": [16, 0, 0]},
			"faces": {
				"north": {"uv": [0, 1, 16, 1.075], "texture": "#1", "cullface": "north"},
				"south": {"uv": [0, 1, 16, 1.075], "texture": "#1", "cullface": "down"},
				"down": {"uv": [0, 15, 16, 16], "texture": "#1", "cullface": "down"}
			}
		},
		{
			"from": [15, 0, 0],
			"to": [16, 0.075, 16],
			"rotation": {"angle": 0, "axis": "y", "origin": [16, 0, 0]},
			"faces": {
				"east": {"uv": [0, 1, 16, 1.075], "texture": "#1", "cullface": "east"},
				"west": {"uv": [0, 1, 16, 1.075], "texture": "#1", "cullface": "down"},
				"down": {"uv": [15, 0, 16, 16], "texture": "#1", "cullface": "down"}
			}
		},
		{
			"from": [0, 0, 0],
			"to": [1, 0.075, 16],
			"rotation": {"angle": 0, "axis": "y", "origin": [16, 0, 0]},
			"faces": {
				"east": {"uv": [0, 1, 16, 1.075], "texture": "#1", "cullface": "down"},
				"west": {"uv": [0, 1, 16, 1.075], "texture": "#1", "cullface": "west"},
				"down": {"uv": [0, 0, 1, 16], "texture": "#1", "cullface": "down"}
			}
		},
		{
			"from": [4, 5.3334, 4],
			"to": [12, 5.4084, 12],
			"rotation": {"angle": 0, "axis": "y", "origin": [16, 5.3334, 0]},
			"faces": {
				"north": {"uv": [1, 1, 9, 1.075], "texture": "#1"},
				"east": {"uv": [1, 1, 9, 1.075], "texture": "#1"},
				"south": {"uv": [1, 1, 9, 1.075], "texture": "#1"},
				"west": {"uv": [1, 1, 9, 1.075], "texture": "#1"}
			}
		},
		{
			"from": [0, 0, 15],
			"to": [16, 0.075, 16],
			"rotation": {"angle": 0, "axis": "y", "origin": [16, 0, 0]},
			"faces": {
				"north": {"uv": [0, 1, 16, 1.075], "texture": "#1", "cullface": "down"},
				"south": {"uv": [0, 1, 16, 1.075], "texture": "#1", "cullface": "south"},
				"down": {"uv": [0, 0, 16, 1], "texture": "#1", "cullface": "down"}
			}
		},
		{
			"from": [4, 2.6666, 4],
			"to": [12, 5.3334, 12],
			"rotation": {"angle": 0, "axis": "y", "origin": [20, 2.6666, -4]},
			"faces": {
				"north": {"uv": [1, 0, 9, 2.6668], "texture": "#0"},
				"east": {"uv": [1, 0, 9, 2.6668], "texture": "#0"},
				"south": {"uv": [1, 0, 9, 2.6668], "texture": "#0"},
				"west": {"uv": [1, 0, 9, 2.6668], "texture": "#0"}
			}
		},
		{
			"from": [4, 5.4084, 4],
			"to": [12, 16, 12],
			"rotation": {"angle": 0, "axis": "y", "origin": [20, 5.4084, -4]},
			"faces": {
				"north": {"uv": [1, 0, 9, 10.5916], "texture": "#0"},
				"east": {"uv": [1, 0, 9, 10.5916], "texture": "#0"},
				"south": {"uv": [1, 0, 9, 10.5916], "texture": "#0"},
				"west": {"uv": [1, 0, 9, 10.5916], "texture": "#0"},
				"up": {"uv": [1, 1, 9, 9], "texture": "#0", "cullface": "up"}
			}
		},
		{
			"from": [7.30381, 0.075, 4.5],
			"to": [8.69619, 2.625, 5.5],
			"rotation": {"angle": -22.5, "axis": "y", "origin": [8, 8, 8]},
			"faces": {
				"north": {"uv": [1, 2.55, 2.39238, 0], "texture": "#0", "cullface": "down"},
				"south": {"uv": [1, 2.55, 2.39238, 0], "texture": "#0", "cullface": "down"},
				"down": {"uv": [1, 1, 2.39239, 2], "texture": "#0", "cullface": "down"}
			}
		},
		{
			"from": [7.30381, 0.075, 4.5],
			"to": [8.69619, 2.625, 5.5],
			"rotation": {"angle": 0, "axis": "y", "origin": [8, 8, 8]},
			"faces": {
				"north": {"uv": [1, 2.55, 2.39238, 0], "texture": "#0", "cullface": "down"},
				"south": {"uv": [1, 2.55, 2.39238, 0], "texture": "#0", "cullface": "down"},
				"down": {"uv": [1, 1, 2.39239, 2], "texture": "#0", "cullface": "down"}
			}
		},
		{
			"from": [7.30381, 0.075, 4.5],
			"to": [8.69619, 2.625, 5.5],
			"rotation": {"angle": 22.5, "axis": "y", "origin": [8, 8, 8]},
			"faces": {
				"north": {"uv": [1, 2.55, 2.39238, 0], "texture": "#0", "cullface": "down"},
				"south": {"uv": [1, 2.55, 2.39238, 0], "texture": "#0", "cullface": "down"},
				"down": {"uv": [1, 1, 2.39239, 2], "texture": "#0", "cullface": "down"}
			}
		},
		{
			"from": [7.30381, 0.075, 4.5],
			"to": [8.69619, 2.625, 5.5],
			"rotation": {"angle": 45, "axis": "y", "origin": [8, 8, 8]},
			"faces": {
				"north": {"uv": [1, 2.55, 2.39238, 0], "texture": "#0", "cullface": "down"},
				"south": {"uv": [1, 2.55, 2.39238, 0], "texture": "#0", "cullface": "down"},
				"down": {"uv": [1, 1, 2.39239, 2], "texture": "#0", "cullface": "down"}
			}
		},
		{
			"from": [7.30381, 0.075, 10.5],
			"to": [8.69619, 2.625, 11.5],
			"rotation": {"angle": -45, "axis": "y", "origin": [8, 8, 8]},
			"faces": {
				"north": {"uv": [1, 2.55, 2.39238, 0], "texture": "#0", "cullface": "down"},
				"south": {"uv": [1, 2.55, 2.39238, 0], "texture": "#0", "cullface": "down"},
				"down": {"uv": [1, 1, 2.39239, 2], "texture": "#0", "cullface": "down"}
			}
		},
		{
			"from": [7.30381, 0.075, 10.5],
			"to": [8.69619, 2.625, 11.5],
			"rotation": {"angle": -22.5, "axis": "y", "origin": [8, 8, 8]},
			"faces": {
				"north": {"uv": [1, 2.55, 2.39238, 0], "texture": "#0", "cullface": "down"},
				"south": {"uv": [1, 2.55, 2.39238, 0], "texture": "#0", "cullface": "down"},
				"down": {"uv": [1, 1, 2.39239, 2], "texture": "#0", "cullface": "down"}
			}
		},
		{
			"from": [7.30381, 0.075, 10.5],
			"to": [8.69619, 2.625, 11.5],
			"rotation": {"angle": 0, "axis": "y", "origin": [8, 8, 8]},
			"faces": {
				"north": {"uv": [1, 2.55, 2.39238, 0], "texture": "#0", "cullface": "down"},
				"south": {"uv": [1, 2.55, 2.39238, 0], "texture": "#0", "cullface": "down"},
				"down": {"uv": [1, 1, 2.39238, 2], "texture": "#0", "cullface": "down"}
			}
		},
		{
			"from": [7.30381, 0.075, 10.5],
			"to": [8.69619, 2.625, 11.5],
			"rotation": {"angle": 22.5, "axis": "y", "origin": [8, 8, 8]},
			"faces": {
				"north": {"uv": [1, 2.55, 2.39238, 0], "texture": "#0", "cullface": "down"},
				"south": {"uv": [1, 2.55, 2.39238, 0], "texture": "#0", "cullface": "down"},
				"down": {"uv": [1, 1, 2.39239, 2], "texture": "#0", "cullface": "down"}
			}
		},
		{
			"from": [7.30381, 0.075, 10.5],
			"to": [8.69619, 2.625, 11.5],
			"rotation": {"angle": 45, "axis": "y", "origin": [8, 8, 8]},
			"faces": {
				"north": {"uv": [1, 2.55, 2.39238, 0], "texture": "#0", "cullface": "down"},
				"south": {"uv": [1, 2.55, 2.39238, 0], "texture": "#0", "cullface": "down"},
				"down": {"uv": [1, 1, 2.39239, 2], "texture": "#0", "cullface": "down"}
			}
		},
		{
			"from": [4.5, 0.075, 7.30381],
			"to": [5.5, 2.625, 8.69619],
			"rotation": {"angle": -22.5, "axis": "y", "origin": [8, 8, 8]},
			"faces": {
				"east": {"uv": [1, 2.55, 2.39238, 0], "texture": "#0", "cullface": "down"},
				"west": {"uv": [1, 2.55, 2.39238, 0], "texture": "#0", "cullface": "down"},
				"down": {"uv": [1, 1, 2, 2.39239], "texture": "#0", "cullface": "down"}
			}
		},
		{
			"from": [4.5, 0.075, 7.30381],
			"to": [5.5, 2.625, 8.69619],
			"rotation": {"angle": 0, "axis": "y", "origin": [8, 8, 8]},
			"faces": {
				"east": {"uv": [1, 2.55, 2.39238, 0], "texture": "#0", "cullface": "down"},
				"west": {"uv": [1, 2.55, 2.39238, 0], "texture": "#0", "cullface": "down"},
				"down": {"uv": [1, 1, 2, 2.39239], "texture": "#0", "cullface": "down"}
			}
		},
		{
			"from": [4.5, 0.075, 7.30381],
			"to": [5.5, 2.625, 8.69619],
			"rotation": {"angle": 22.5, "axis": "y", "origin": [8, 8, 8]},
			"faces": {
				"east": {"uv": [1, 2.55, 2.39238, 0], "texture": "#0", "cullface": "down"},
				"west": {"uv": [1, 2.55, 2.39238, 0], "texture": "#0", "cullface": "down"},
				"down": {"uv": [1, 1, 2, 2.39239], "texture": "#0", "cullface": "down"}
			}
		},
		{
			"from": [10.5, 0.075, 7.30381],
			"to": [11.5, 2.625, 8.69619],
			"rotation": {"angle": -22.5, "axis": "y", "origin": [8, 8, 8]},
			"faces": {
				"east": {"uv": [1, 2.55, 2.39238, 0], "texture": "#0", "cullface": "down"},
				"west": {"uv": [1, 2.55, 2.39238, 0], "texture": "#0", "cullface": "down"},
				"down": {"uv": [1, 1, 2, 2.39239], "texture": "#0", "cullface": "down"}
			}
		},
		{
			"from": [10.5, 0.075, 7.30381],
			"to": [11.5, 2.625, 8.69619],
			"rotation": {"angle": 0, "axis": "y", "origin": [8, 8, 8]},
			"faces": {
				"east": {"uv": [1, 2.55, 2.39238, 0], "texture": "#0", "cullface": "down"},
				"west": {"uv": [1, 2.55, 2.39238, 0], "texture": "#0", "cullface": "down"},
				"down": {"uv": [1, 1, 2, 2.39239], "texture": "#0", "cullface": "down"}
			}
		},
		{
			"from": [10.5, 0.075, 7.30381],
			"to": [11.5, 2.625, 8.69619],
			"rotation": {"angle": 22.5, "axis": "y", "origin": [8, 8, 8]},
			"faces": {
				"east": {"uv": [1, 2.55, 2.39238, 0], "texture": "#0", "cullface": "down"},
				"west": {"uv": [1, 2.55, 2.39238, 0], "texture": "#0", "cullface": "down"},
				"down": {"uv": [1, 1, 2, 2.39239], "texture": "#0", "cullface": "down"}
			}
		},
		{
			"from": [7.30381, 0.075, 4.5],
			"to": [8.69619, 2.625, 5.5],
			"rotation": {"angle": -45, "axis": "y", "origin": [8, 8, 8]},
			"faces": {
				"north": {"uv": [1, 2.55, 2.39238, 0], "texture": "#0", "cullface": "down"},
				"south": {"uv": [1, 2.55, 2.39238, 0], "texture": "#0", "cullface": "down"},
				"down": {"uv": [1, 1, 2.39239, 2], "texture": "#0", "cullface": "down"}
			}
		},
		{
			"from": [4, 8, 12],
			"to": [12, 16, 12.075],
			"rotation": {"angle": 0, "axis": "y", "origin": [8, 11.99845, 14.0696]},
			"faces": {
				"east": {"uv": [1, 1, 1.075, 9], "texture": "#1"},
				"west": {"uv": [1, 1, 1.075, 9], "texture": "#1"},
				"up": {"uv": [1, 1, 9, 1.075], "texture": "#1", "cullface": "up"},
				"down": {"uv": [1, 1, 9, 1.075], "texture": "#1"}
			}
		},
		{
			"from": [3.925, 8, 0],
			"to": [4, 16, 16],
			"rotation": {"angle": 0, "axis": "y", "origin": [3.9625, 12, 8]},
			"faces": {
				"north": {"uv": [1, 1, 1.075, 9], "texture": "#1", "cullface": "north"},
				"east": {"uv": [0, 1, 16, 9], "rotation": 180, "texture": "#1"},
				"south": {"uv": [1, 1, 1.075, 9], "texture": "#1", "cullface": "south"},
				"up": {"uv": [1, 0, 1.075, 16], "texture": "#1", "cullface": "up"},
				"down": {"uv": [1, 0, 1.075, 16], "texture": "#1"}
			}
		},
		{
			"from": [4, 8, 12.075],
			"to": [12, 16, 14.6666],
			"rotation": {"angle": 0, "axis": "y", "origin": [8, 11.99845, 14.0696]},
			"faces": {
				"south": {"uv": [4, 4, 12, 12], "texture": "#0"},
				"up": {"uv": [1, 2.5916, 9, 0], "texture": "#0", "cullface": "up"},
				"down": {"uv": [1, 0, 9, 2.5916], "texture": "#0"}
			}
		},
		{
			"from": [1.3334, 8, 0],
			"to": [3.925, 16, 16],
			"rotation": {"angle": 0, "axis": "y", "origin": [2.6292, 12, 8]},
			"faces": {
				"north": {"uv": [2.5916, 1, 0, 9], "texture": "#0", "cullface": "north"},
				"south": {"uv": [0, 1, 2.5916, 9], "texture": "#0", "cullface": "south"},
				"west": {"uv": [0, 4, 16, 12], "texture": "#0"},
				"up": {"uv": [0, 16, 2.5916, 0], "texture": "#0", "cullface": "up"},
				"down": {"uv": [0, 0, 2.5916, 16], "texture": "#0"}
			}
		},
		{
			"from": [12, 8, 0],
			"to": [12.075, 16, 16],
			"rotation": {"angle": 0, "axis": "y", "origin": [12.0375, 12, 8]},
			"faces": {
				"north": {"uv": [1.075, 1, 1, 9], "texture": "#1", "cullface": "north"},
				"south": {"uv": [1.075, 1, 1, 9], "texture": "#1", "cullface": "south"},
				"west": {"uv": [16, 1, 0, 9], "rotation": 180, "texture": "#1"},
				"up": {"uv": [1.075, 0, 1, 16], "texture": "#1", "cullface": "up"},
				"down": {"uv": [1.075, 0, 1, 16], "texture": "#1"}
			}
		},
		{
			"from": [12.075, 8, 0],
			"to": [14.6666, 16, 16],
			"rotation": {"angle": 0, "axis": "y", "origin": [13.3708, 12, 8]},
			"faces": {
				"north": {"uv": [0, 1, 2.5916, 9], "texture": "#0", "cullface": "north"},
				"east": {"uv": [16, 4, 0, 12], "texture": "#0"},
				"south": {"uv": [2.5916, 1, 0, 9], "texture": "#0", "cullface": "south"},
				"up": {"uv": [2.5916, 16, 0, 0], "texture": "#0", "cullface": "up"},
				"down": {"uv": [2.5916, 0, 0, 16], "texture": "#0"}
			}
		},
		{
			"from": [7.50227, 9.49737, 14.6666],
			"to": [8.49683, 14.49737, 15.9166],
			"rotation": {"angle": 22.5, "axis": "z", "origin": [8, 11.99845, 14.0696]},
			"faces": {
				"south": {"uv": [1, 1, 1.99456, 6], "texture": "#0"},
				"up": {"uv": [1, 0, 1.99456, 1.25], "rotation": 180, "texture": "#0"},
				"down": {"uv": [1, 0, 1.99456, 1.25], "texture": "#0"}
			}
		},
		{
			"from": [7.50272, 9.49728, 14.6666],
			"to": [8.49728, 14.49728, 15.9166],
			"rotation": {"angle": 0, "axis": "y", "origin": [8, 11.99845, 14.0696]},
			"faces": {
				"south": {"uv": [1, 1, 1.99456, 6], "texture": "#0"},
				"up": {"uv": [1, 0, 1.99456, 1.25], "rotation": 180, "texture": "#0"},
				"down": {"uv": [1, 0, 1.99456, 1.25], "texture": "#0"}
			}
		},
		{
			"from": [7.50317, 9.49737, 14.6666],
			"to": [8.49773, 14.49737, 15.9166],
			"rotation": {"angle": -22.5, "axis": "z", "origin": [8, 11.99845, 14.0696]},
			"faces": {
				"south": {"uv": [1, 1, 1.99456, 6], "texture": "#0"},
				"up": {"uv": [1, 0, 1.99456, 1.25], "rotation": 180, "texture": "#0"},
				"down": {"uv": [1, 0, 1.99456, 1.25], "texture": "#0"}
			}
		},
		{
			"from": [7.50354, 9.49762, 14.6666],
			"to": [8.4981, 14.49762, 15.9166],
			"rotation": {"angle": -45, "axis": "z", "origin": [8, 11.99845, 14.0696]},
			"faces": {
				"south": {"uv": [1, 1, 1.99456, 6], "texture": "#0"},
				"up": {"uv": [1, 0, 1.99456, 1.25], "rotation": 180, "texture": "#0"},
				"down": {"uv": [1, 0, 1.99456, 1.25], "texture": "#0"}
			}
		},
		{
			"from": [5.49955, 11.50009, 14.6666],
			"to": [10.49955, 12.49465, 15.9166],
			"rotation": {"angle": 22.5, "axis": "z", "origin": [8, 11.99845, 14.0696]},
			"faces": {
				"east": {"uv": [1, 0, 1.99456, 1.25], "rotation": 270, "texture": "#0"},
				"south": {"uv": [1, 1, 6, 1.99456], "texture": "#0"},
				"west": {"uv": [1, 0, 1.99456, 1.25], "rotation": 90, "texture": "#0"}
			}
		},
		{
			"from": [5.5, 11.5, 14.6666],
			"to": [10.5, 12.49456, 15.9166],
			"rotation": {"angle": 0, "axis": "y", "origin": [8, 11.99845, 14.0696]},
			"faces": {
				"east": {"uv": [1, 0, 1.99456, 1.25], "rotation": 270, "texture": "#0"},
				"south": {"uv": [1, 1, 6, 1.99456], "texture": "#0"},
				"west": {"uv": [1, 0, 1.99456, 1.25], "rotation": 90, "texture": "#0"}
			}
		},
		{
			"from": [5.50045, 11.50009, 14.6666],
			"to": [10.50045, 12.49465, 15.9166],
			"rotation": {"angle": -22.5, "axis": "z", "origin": [8, 11.99845, 14.0696]},
			"faces": {
				"east": {"uv": [1, 0, 1.99456, 1.25], "rotation": 270, "texture": "#0"},
				"south": {"uv": [1, 1, 6, 1.99456], "texture": "#0"},
				"west": {"uv": [1, 0, 1.99456, 1.25], "rotation": 90, "texture": "#0"}
			}
		},
		{
			"from": [7.5019, 9.49762, 14.6666],
			"to": [8.49646, 14.49762, 15.9166],
			"rotation": {"angle": 45, "axis": "z", "origin": [8, 11.99845, 14.0696]},
			"faces": {
				"south": {"uv": [1, 1, 1.99456, 6], "texture": "#0"},
				"up": {"uv": [1, 0, 1.99456, 1.25], "rotation": 180, "texture": "#0"},
				"down": {"uv": [1, 0, 1.99456, 1.25], "texture": "#0"}
			}
		},
		{
			"from": [4, 8, 3.925],
			"to": [12, 16, 4],
			"rotation": {"angle": 0, "axis": "y", "origin": [8, 11.99845, 1.9304]},
			"faces": {
				"east": {"uv": [1.075, 1, 1, 9], "texture": "#1"},
				"west": {"uv": [1.075, 1, 1, 9], "texture": "#1"},
				"up": {"uv": [1, 1.075, 9, 1], "texture": "#1", "cullface": "up"},
				"down": {"uv": [1, 1.075, 9, 1], "texture": "#1"}
			}
		},
		{
			"from": [4, 8, 1.3334],
			"to": [12, 16, 3.925],
			"rotation": {"angle": 0, "axis": "y", "origin": [8, 11.99845, 1.9304]},
			"faces": {
				"north": {"uv": [12, 4, 4, 12], "texture": "#0"},
				"up": {"uv": [1, 0, 9, 2.5916], "texture": "#0", "cullface": "up"},
				"down": {"uv": [1, 2.5916, 9, 0], "texture": "#0"}
			}
		},
		{
			"from": [7.50227, 9.49737, 0.0834],
			"to": [8.49683, 14.49737, 1.3334],
			"rotation": {"angle": 22.5, "axis": "z", "origin": [8, 11.99845, 1.9304]},
			"faces": {
				"north": {"uv": [1.99456, 1, 1, 6], "texture": "#0"},
				"up": {"uv": [1, 1.25, 1.99456, 0], "rotation": 180, "texture": "#0"},
				"down": {"uv": [1, 1.25, 1.99456, 0], "texture": "#0"}
			}
		},
		{
			"from": [7.50272, 9.49728, 0.0834],
			"to": [8.49728, 14.49728, 1.3334],
			"rotation": {"angle": 0, "axis": "y", "origin": [8, 11.99845, 1.9304]},
			"faces": {
				"north": {"uv": [1.99456, 1, 1, 6], "texture": "#0"},
				"up": {"uv": [1, 1.25, 1.99456, 0], "rotation": 180, "texture": "#0"},
				"down": {"uv": [1, 1.25, 1.99456, 0], "texture": "#0"}
			}
		},
		{
			"from": [7.50317, 9.49737, 0.0834],
			"to": [8.49773, 14.49737, 1.3334],
			"rotation": {"angle": -22.5, "axis": "z", "origin": [8, 11.99845, 1.9304]},
			"faces": {
				"north": {"uv": [1.99456, 1, 1, 6], "texture": "#0"},
				"up": {"uv": [1, 1.25, 1.99456, 0], "rotation": 180, "texture": "#0"},
				"down": {"uv": [1, 1.25, 1.99456, 0], "texture": "#0"}
			}
		},
		{
			"from": [7.50354, 9.49762, 0.0834],
			"to": [8.4981, 14.49762, 1.3334],
			"rotation": {"angle": -45, "axis": "z", "origin": [8, 11.99845, 1.9304]},
			"faces": {
				"north": {"uv": [1.99456, 1, 1, 6], "texture": "#0"},
				"up": {"uv": [1, 1.25, 1.99456, 0], "rotation": 180, "texture": "#0"},
				"down": {"uv": [1, 1.25, 1.99456, 0], "texture": "#0"}
			}
		},
		{
			"from": [5.49955, 11.50009, 0.0834],
			"to": [10.49955, 12.49465, 1.3334],
			"rotation": {"angle": 22.5, "axis": "z", "origin": [8, 11.99845, 1.9304]},
			"faces": {
				"north": {"uv": [6, 1, 1, 1.99456], "texture": "#0"},
				"east": {"uv": [1, 1.25, 1.99456, 0], "rotation": 270, "texture": "#0"},
				"west": {"uv": [1, 1.25, 1.99456, 0], "rotation": 90, "texture": "#0"}
			}
		},
		{
			"from": [5.5, 11.5, 0.0834],
			"to": [10.5, 12.49456, 1.3334],
			"rotation": {"angle": 0, "axis": "y", "origin": [8, 11.99845, 1.9304]},
			"faces": {
				"north": {"uv": [6, 1, 1, 1.99456], "texture": "#0"},
				"east": {"uv": [1, 1.25, 1.99456, 0], "rotation": 270, "texture": "#0"},
				"west": {"uv": [1, 1.25, 1.99456, 0], "rotation": 90, "texture": "#0"}
			}
		},
		{
			"from": [5.50045, 11.50009, 0.0834],
			"to": [10.50045, 12.49465, 1.3334],
			"rotation": {"angle": -22.5, "axis": "z", "origin": [8, 11.99845, 1.9304]},
			"faces": {
				"north": {"uv": [6, 1, 1, 1.99456], "texture": "#0"},
				"east": {"uv": [1, 1.25, 1.99456, 0], "rotation": 270, "texture": "#0"},
				"west": {"uv": [1, 1.25, 1.99456, 0], "rotation": 90, "texture": "#0"}
			}
		},
		{
			"from": [7.5019, 9.49762, 0.0834],
			"to": [8.49646, 14.49762, 1.3334],
			"rotation": {"angle": 45, "axis": "z", "origin": [8, 11.99845, 1.9304]},
			"faces": {
				"north": {"uv": [1.99456, 1, 1, 6], "texture": "#0"},
				"up": {"uv": [1, 1.25, 1.99456, 0], "rotation": 180, "texture": "#0"},
				"down": {"uv": [1, 1.25, 1.99456, 0], "texture": "#0"}
			}
		},
		{
			"from": [7.50272, 16, 5.5],
			"to": [8.49728, 17.5, 6.5],
			"rotation": {"angle": -45, "axis": "y", "origin": [8, 16.5, 8]},
			"faces": {
				"north": {"uv": [1, 0, 1.99456, 1.5], "texture": "#0", "cullface": "up"},
				"south": {"uv": [1, 0, 1.99456, 1.5], "texture": "#0", "cullface": "up"},
				"up": {"uv": [1, 1, 1.99456, 1.75], "texture": "#0", "cullface": "up"}
			}
		},
		{
			"from": [7.50272, 16, 5.5],
			"to": [8.49728, 17.5, 6.5],
			"rotation": {"angle": -22.5, "axis": "y", "origin": [8, 16.5, 8]},
			"faces": {
				"north": {"uv": [1, 0, 1.99456, 1.5], "texture": "#0", "cullface": "up"},
				"south": {"uv": [1, 0, 1.99456, 1.5], "texture": "#0", "cullface": "up"},
				"up": {"uv": [1, 1, 1.99456, 1.75], "texture": "#0", "cullface": "up"}
			}
		},
		{
			"from": [7.50272, 16, 5.5],
			"to": [8.49728, 17.5, 6.5],
			"rotation": {"angle": 0, "axis": "y", "origin": [8, 16.5, 8]},
			"faces": {
				"north": {"uv": [1, 0, 1.99456, 1.5], "texture": "#0", "cullface": "up"},
				"south": {"uv": [1, 0, 1.99456, 1.5], "texture": "#0", "cullface": "up"},
				"up": {"uv": [1, 1, 1.99456, 1.75], "texture": "#0", "cullface": "up"}
			}
		},
		{
			"from": [7.50272, 16, 5.5],
			"to": [8.49728, 17.5, 6.5],
			"rotation": {"angle": 22.5, "axis": "y", "origin": [8, 16.5, 8]},
			"faces": {
				"north": {"uv": [1, 0, 1.99456, 1.5], "texture": "#0", "cullface": "up"},
				"south": {"uv": [1, 0, 1.99456, 1.5], "texture": "#0", "cullface": "up"},
				"up": {"uv": [1, 1, 1.99456, 1.75], "texture": "#0", "cullface": "up"}
			}
		},
		{
			"from": [7.50272, 16, 5.5],
			"to": [8.49728, 17.5, 6.5],
			"rotation": {"angle": 45, "axis": "y", "origin": [8, 16.5, 8]},
			"faces": {
				"north": {"uv": [1, 0, 1.99456, 1.5], "texture": "#0", "cullface": "up"},
				"south": {"uv": [1, 0, 1.99456, 1.5], "texture": "#0", "cullface": "up"},
				"up": {"uv": [1, 1, 1.99456, 1.75], "texture": "#0", "cullface": "up"}
			}
		},
		{
			"from": [7.50272, 16, 9.5],
			"to": [8.49728, 17.5, 10.5],
			"rotation": {"angle": -45, "axis": "y", "origin": [8, 16.5, 8]},
			"faces": {
				"north": {"uv": [1, 0, 1.99456, 1.5], "texture": "#0", "cullface": "up"},
				"south": {"uv": [1, 0, 1.99456, 1.5], "texture": "#0", "cullface": "up"},
				"up": {"uv": [1, 1, 1.99456, 1.75], "texture": "#0", "cullface": "up"}
			}
		},
		{
			"from": [7.50272, 16, 9.5],
			"to": [8.49728, 17.5, 10.5],
			"rotation": {"angle": -22.5, "axis": "y", "origin": [8, 16.5, 8]},
			"faces": {
				"north": {"uv": [1, 0, 1.99456, 1.5], "texture": "#0", "cullface": "up"},
				"south": {"uv": [1, 0, 1.99456, 1.5], "texture": "#0", "cullface": "up"},
				"up": {"uv": [1, 1, 1.99456, 1.75], "texture": "#0", "cullface": "up"}
			}
		},
		{
			"from": [7.50272, 16, 9.5],
			"to": [8.49728, 17.5, 10.5],
			"rotation": {"angle": 0, "axis": "y", "origin": [8, 16.5, 8]},
			"faces": {
				"north": {"uv": [1, 0, 1.99456, 1.5], "texture": "#0", "cullface": "up"},
				"south": {"uv": [1, 0, 1.99456, 1.5], "texture": "#0", "cullface": "up"},
				"up": {"uv": [1, 1, 1.99456, 1.75], "texture": "#0", "cullface": "up"}
			}
		},
		{
			"from": [7.50272, 16, 9.5],
			"to": [8.49728, 17.5, 10.5],
			"rotation": {"angle": 22.5, "axis": "y", "origin": [8, 16.5, 8]},
			"faces": {
				"north": {"uv": [1, 0, 1.99456, 1.5], "texture": "#0", "cullface": "up"},
				"south": {"uv": [1, 0, 1.99456, 1.5], "texture": "#0", "cullface": "up"},
				"up": {"uv": [1, 1, 1.99456, 1.75], "texture": "#0", "cullface": "up"}
			}
		},
		{
			"from": [7.50272, 16, 9.5],
			"to": [8.49728, 17.5, 10.5],
			"rotation": {"angle": 45, "axis": "y", "origin": [8, 16.5, 8]},
			"faces": {
				"north": {"uv": [1, 0, 1.99456, 1.5], "texture": "#0", "cullface": "up"},
				"south": {"uv": [1, 0, 1.99456, 1.5], "texture": "#0", "cullface": "up"},
				"up": {"uv": [1, 1, 1.99456, 1.75], "texture": "#0", "cullface": "up"}
			}
		},
		{
			"from": [5.5, 16, 7.50272],
			"to": [6.5, 17.5, 8.49728],
			"rotation": {"angle": -22.5, "axis": "y", "origin": [8, 16.5, 8]},
			"faces": {
				"east": {"uv": [1, 0, 1.99456, 1.5], "texture": "#0", "cullface": "up"},
				"west": {"uv": [1, 0, 1.99456, 1.5], "texture": "#0", "cullface": "up"},
				"up": {"uv": [1, 1, 1.75, 1.99456], "texture": "#0", "cullface": "up"}
			}
		},
		{
			"from": [5.5, 16, 7.50272],
			"to": [6.5, 17.5, 8.49728],
			"rotation": {"angle": 0, "axis": "y", "origin": [8, 16.5, 8]},
			"faces": {
				"east": {"uv": [1, 0, 1.99456, 1.5], "texture": "#0", "cullface": "up"},
				"west": {"uv": [1, 0, 1.99456, 1.5], "texture": "#0", "cullface": "up"},
				"up": {"uv": [1, 1, 1.75, 1.99456], "texture": "#0", "cullface": "up"}
			}
		},
		{
			"from": [5.5, 16, 7.50272],
			"to": [6.5, 17.5, 8.49728],
			"rotation": {"angle": 22.5, "axis": "y", "origin": [8, 16.5, 8]},
			"faces": {
				"east": {"uv": [1, 0, 1.99456, 1.5], "texture": "#0", "cullface": "up"},
				"west": {"uv": [1, 0, 1.99456, 1.5], "texture": "#0", "cullface": "up"},
				"up": {"uv": [1, 1, 1.75, 1.99456], "texture": "#0", "cullface": "up"}
			}
		},
		{
			"from": [9.5, 16, 7.50272],
			"to": [10.5, 17.5, 8.49728],
			"rotation": {"angle": -22.5, "axis": "y", "origin": [8, 16.5, 8]},
			"faces": {
				"east": {"uv": [1, 0, 1.99456, 1.5], "texture": "#0", "cullface": "up"},
				"west": {"uv": [1, 0, 1.99456, 1.5], "texture": "#0", "cullface": "up"},
				"up": {"uv": [1, 1, 1.75, 1.99456], "texture": "#0", "cullface": "up"}
			}
		},
		{
			"from": [9.5, 16, 7.50272],
			"to": [10.5, 17.5, 8.49728],
			"rotation": {"angle": 0, "axis": "y", "origin": [8, 16.5, 8]},
			"faces": {
				"east": {"uv": [1, 0, 1.99456, 1.5], "texture": "#0", "cullface": "up"},
				"west": {"uv": [1, 0, 1.99456, 1.5], "texture": "#0", "cullface": "up"},
				"up": {"uv": [1, 1, 1.75, 1.99456], "texture": "#0", "cullface": "up"}
			}
		},
		{
			"from": [9.5, 16, 7.50272],
			"to": [10.5, 17.5, 8.49728],
			"rotation": {"angle": 22.5, "axis": "y", "origin": [8, 16.5, 8]},
			"faces": {
				"east": {"uv": [1, 0, 1.99456, 1.5], "texture": "#0", "cullface": "up"},
				"west": {"uv": [1, 0, 1.99456, 1.5], "texture": "#0", "cullface": "up"},
				"up": {"uv": [1, 1, 1.75, 1.99456], "texture": "#0", "cullface": "up"}
			}
		}
	],
	"display": {
		"thirdperson_righthand": {
			"rotation": [75, 45, 0],
			"translation": [0, 2.5, 0],
			"scale": [0.375, 0.375, 0.375]
		},
		"thirdperson_lefthand": {
			"rotation": [75, 45, 0],
			"translation": [0, 2.5, 0],
			"scale": [-0.375, 0.375, 0.375]
		},
		"firstperson_righthand": {
			"rotation": [0, 45, 0],
			"scale": [0.4, 0.4, 0.4]
		},
		"firstperson_lefthand": {
			"rotation": [0, 225, 0],
			"scale": [0.4, 0.4, 0.4]
		},
		"ground": {
			"translation": [0, 3, 0],
			"scale": [0.25, 0.25, 0.25]
		},
		"gui": {
			"rotation": [30, 135, 0],
			"scale": [0.625, 0.625, 0.625]
		},
		"fixed": {
			"scale": [0.5, 0.5, 0.5]
		}
	},
	"groups": [0, 1, 2, 3, 4, 5, 6, 7, 8,
		{
			"name": "circle_bottom",
			"origin": [8, 8, 8],
			"color": 0,
			"children": [9, 10, 11, 12, 13, 14, 15, 16, 17, 18, 19, 20, 21, 22, 23, 24]
		},
		{
			"name": "small_brick1x1",
			"origin": [8, 8, 8],
			"color": 0,
			"children": [25, 26, 27, 28, 29, 30,
				{
					"name": "stud",
					"origin": [8, 8, 8],
					"color": 0,
					"children": [31, 32, 33, 34, 35, 36, 37, 38]
				}
			]
		},
		{
			"name": "small_brick1x1",
			"origin": [8, 8, 8],
			"color": 0,
			"children": [39, 40,
				{
					"name": "stud",
					"origin": [8, 8, 8],
					"color": 0,
					"children": [41, 42, 43, 44, 45, 46, 47, 48]
				}
			]
		},
		{
			"name": "stud",
			"origin": [8, 8, 8],
			"color": 0,
			"children": [49, 50, 51, 52, 53, 54, 55, 56, 57, 58, 59, 60, 61, 62, 63, 64]
		}
	]
}