{
	"credit": "AlexTestria | https://alex-bauerndistel.de",
	"textures": {
		"3": "brickcraft/material/plastics/shader_support/plastic04",
		"particle": "brickcraft/material/plastics/shader_support/plastic33"
	},
	"elements": [
		{
			"name": "hexadecagon",
			"from": [7.25408, 1.25, 4.25],
			"to": [8.74592, 9.5, 4.75],
			"rotation": {"angle": -45, "axis": "y", "origin": [8, 8, 8]},
			"faces": {
				"north": {"uv": [0, 0, 1.49184, 8.25], "texture": "#3"},
				"east": {"uv": [0, 0, 0.5, 8.25], "texture": "#3"},
				"south": {"uv": [0, 0, 1.49184, 8.25], "texture": "#3"},
				"west": {"uv": [0, 0, 0.5, 8.25], "texture": "#3"},
				"up": {"uv": [0, 0, 1.49184, 0.5], "texture": "#3"},
				"down": {"uv": [0, 0, 1.49184, 0.5], "texture": "#3"}
			}
		},
		{
			"name": "hexadecagon",
			"from": [7.25408, 1.25, 4.25],
			"to": [8.74592, 9.5, 4.75],
			"rotation": {"angle": -22.5, "axis": "y", "origin": [8, 8, 8]},
			"faces": {
				"north": {"uv": [0, 0, 1.49184, 8.25], "texture": "#3"},
				"east": {"uv": [0, 0, 0.5, 8.25], "texture": "#3"},
				"south": {"uv": [0, 0, 1.49184, 8.25], "texture": "#3"},
				"west": {"uv": [0, 0, 0.5, 8.25], "texture": "#3"},
				"up": {"uv": [0, 0, 1.49184, 0.5], "texture": "#3"},
				"down": {"uv": [0, 0, 1.49184, 0.5], "texture": "#3"}
			}
		},
		{
			"name": "hexadecagon",
			"from": [7.25408, 1.25, 4.25],
			"to": [8.74592, 9.5, 4.75],
			"rotation": {"angle": 0, "axis": "y", "origin": [8, 8, 8]},
			"faces": {
				"north": {"uv": [0, 0, 1.49184, 8.25], "texture": "#3"},
				"east": {"uv": [0, 0, 0.5, 8.25], "texture": "#3"},
				"south": {"uv": [0, 0, 1.49184, 8.25], "texture": "#3"},
				"west": {"uv": [0, 0, 0.5, 8.25], "texture": "#3"},
				"up": {"uv": [0, 0, 1.49184, 0.5], "texture": "#3"},
				"down": {"uv": [0, 0, 1.49184, 0.5], "texture": "#3"}
			}
		},
		{
			"name": "hexadecagon",
			"from": [7.25408, 1.25, 4.25],
			"to": [8.74592, 9.5, 4.75],
			"rotation": {"angle": 22.5, "axis": "y", "origin": [8, 8, 8]},
			"faces": {
				"north": {"uv": [0, 0, 1.49184, 8.25], "texture": "#3"},
				"east": {"uv": [0, 0, 0.5, 8.25], "texture": "#3"},
				"south": {"uv": [0, 0, 1.49184, 8.25], "texture": "#3"},
				"west": {"uv": [0, 0, 0.5, 8.25], "texture": "#3"},
				"up": {"uv": [0, 0, 1.49184, 0.5], "texture": "#3"},
				"down": {"uv": [0, 0, 1.49184, 0.5], "texture": "#3"}
			}
		},
		{
			"name": "hexadecagon",
			"from": [7.25408, 1.25, 4.25],
			"to": [8.74592, 9.5, 4.75],
			"rotation": {"angle": 45, "axis": "y", "origin": [8, 8, 8]},
			"faces": {
				"north": {"uv": [0, 0, 1.49184, 8.25], "texture": "#3"},
				"east": {"uv": [0, 0, 0.5, 8.25], "texture": "#3"},
				"south": {"uv": [0, 0, 1.49184, 8.25], "texture": "#3"},
				"west": {"uv": [0, 0, 0.5, 8.25], "texture": "#3"},
				"up": {"uv": [0, 0, 1.49184, 0.5], "texture": "#3"},
				"down": {"uv": [0, 0, 1.49184, 0.5], "texture": "#3"}
			}
		},
		{
			"name": "hexadecagon",
			"from": [7.25408, 1.25, 11.25],
			"to": [8.74592, 9.5, 11.75],
			"rotation": {"angle": -45, "axis": "y", "origin": [8, 8, 8]},
			"faces": {
				"north": {"uv": [0, 0, 1.49184, 8.25], "texture": "#3"},
				"east": {"uv": [0, 0, 0.5, 8.25], "texture": "#3"},
				"south": {"uv": [0, 0, 1.49184, 8.25], "texture": "#3"},
				"west": {"uv": [0, 0, 0.5, 8.25], "texture": "#3"},
				"up": {"uv": [0, 0, 1.49184, 0.5], "texture": "#3"},
				"down": {"uv": [0, 0, 1.49184, 0.5], "texture": "#3"}
			}
		},
		{
			"name": "hexadecagon",
			"from": [7.25408, 1.25, 11.25],
			"to": [8.74592, 9.5, 11.75],
			"rotation": {"angle": -22.5, "axis": "y", "origin": [8, 8, 8]},
			"faces": {
				"north": {"uv": [0, 0, 1.49184, 8.25], "texture": "#3"},
				"east": {"uv": [0, 0, 0.5, 8.25], "texture": "#3"},
				"south": {"uv": [0, 0, 1.49184, 8.25], "texture": "#3"},
				"west": {"uv": [0, 0, 0.5, 8.25], "texture": "#3"},
				"up": {"uv": [0, 0, 1.49184, 0.5], "texture": "#3"},
				"down": {"uv": [0, 0, 1.49184, 0.5], "texture": "#3"}
			}
		},
		{
			"name": "hexadecagon",
			"from": [7.25408, 1.25, 11.25],
			"to": [8.74592, 9.5, 11.75],
			"rotation": {"angle": 0, "axis": "y", "origin": [8, 8, 8]},
			"faces": {
				"north": {"uv": [0, 0, 1.49184, 8.25], "texture": "#3"},
				"east": {"uv": [0, 0, 0.5, 8.25], "texture": "#3"},
				"south": {"uv": [0, 0, 1.49184, 8.25], "texture": "#3"},
				"west": {"uv": [0, 0, 0.5, 8.25], "texture": "#3"},
				"up": {"uv": [0, 0, 1.49184, 0.5], "texture": "#3"},
				"down": {"uv": [0, 0, 1.49184, 0.5], "texture": "#3"}
			}
		},
		{
			"name": "hexadecagon",
			"from": [7.25408, 1.25, 11.25],
			"to": [8.74592, 9.5, 11.75],
			"rotation": {"angle": 22.5, "axis": "y", "origin": [8, 8, 8]},
			"faces": {
				"north": {"uv": [0, 0, 1.49184, 8.25], "texture": "#3"},
				"east": {"uv": [0, 0, 0.5, 8.25], "texture": "#3"},
				"south": {"uv": [0, 0, 1.49184, 8.25], "texture": "#3"},
				"west": {"uv": [0, 0, 0.5, 8.25], "texture": "#3"},
				"up": {"uv": [0, 0, 1.49184, 0.5], "texture": "#3"},
				"down": {"uv": [0, 0, 1.49184, 0.5], "texture": "#3"}
			}
		},
		{
			"name": "hexadecagon",
			"from": [7.25408, 1.25, 11.25],
			"to": [8.74592, 9.5, 11.75],
			"rotation": {"angle": 45, "axis": "y", "origin": [8, 8, 8]},
			"faces": {
				"north": {"uv": [0, 0, 1.49184, 8.25], "texture": "#3"},
				"east": {"uv": [0, 0, 0.5, 8.25], "texture": "#3"},
				"south": {"uv": [0, 0, 1.49184, 8.25], "texture": "#3"},
				"west": {"uv": [0, 0, 0.5, 8.25], "texture": "#3"},
				"up": {"uv": [0, 0, 1.49184, 0.5], "texture": "#3"},
				"down": {"uv": [0, 0, 1.49184, 0.5], "texture": "#3"}
			}
		},
		{
			"name": "hexadecagon",
			"from": [4.25, 1.25, 7.25408],
			"to": [4.75, 9.5, 8.74592],
			"rotation": {"angle": -22.5, "axis": "y", "origin": [8, 8, 8]},
			"faces": {
				"north": {"uv": [0, 0, 0.5, 8.25], "texture": "#3"},
				"east": {"uv": [0, 0, 1.49184, 8.25], "texture": "#3"},
				"south": {"uv": [0, 0, 0.5, 8.25], "texture": "#3"},
				"west": {"uv": [0, 0, 1.49184, 8.25], "texture": "#3"},
				"up": {"uv": [0, 0, 0.5, 1.49184], "texture": "#3"},
				"down": {"uv": [0, 0, 0.5, 1.49184], "texture": "#3"}
			}
		},
		{
			"name": "hexadecagon",
			"from": [4.25, 1.25, 7.25408],
			"to": [4.75, 9.5, 8.74592],
			"rotation": {"angle": 0, "axis": "y", "origin": [8, 8, 8]},
			"faces": {
				"north": {"uv": [0, 0, 0.5, 8.25], "texture": "#3"},
				"east": {"uv": [0, 0, 1.49184, 8.25], "texture": "#3"},
				"south": {"uv": [0, 0, 0.5, 8.25], "texture": "#3"},
				"west": {"uv": [0, 0, 1.49184, 8.25], "texture": "#3"},
				"up": {"uv": [0, 0, 0.5, 1.49184], "texture": "#3"},
				"down": {"uv": [0, 0, 0.5, 1.49184], "texture": "#3"}
			}
		},
		{
			"name": "hexadecagon",
			"from": [4.25, 1.25, 7.25408],
			"to": [4.75, 9.5, 8.74592],
			"rotation": {"angle": 22.5, "axis": "y", "origin": [8, 8, 8]},
			"faces": {
				"north": {"uv": [0, 0, 0.5, 8.25], "texture": "#3"},
				"east": {"uv": [0, 0, 1.49184, 8.25], "texture": "#3"},
				"south": {"uv": [0, 0, 0.5, 8.25], "texture": "#3"},
				"west": {"uv": [0, 0, 1.49184, 8.25], "texture": "#3"},
				"up": {"uv": [0, 0, 0.5, 1.49184], "texture": "#3"},
				"down": {"uv": [0, 0, 0.5, 1.49184], "texture": "#3"}
			}
		},
		{
			"name": "hexadecagon",
			"from": [11.25, 1.25, 7.25408],
			"to": [11.75, 9.5, 8.74592],
			"rotation": {"angle": -22.5, "axis": "y", "origin": [8, 8, 8]},
			"faces": {
				"north": {"uv": [0, 0, 0.5, 8.25], "texture": "#3"},
				"east": {"uv": [0, 0, 1.49184, 8.25], "texture": "#3"},
				"south": {"uv": [0, 0, 0.5, 8.25], "texture": "#3"},
				"west": {"uv": [0, 0, 1.49184, 8.25], "texture": "#3"},
				"up": {"uv": [0, 0, 0.5, 1.49184], "texture": "#3"},
				"down": {"uv": [0, 0, 0.5, 1.49184], "texture": "#3"}
			}
		},
		{
			"name": "hexadecagon",
			"from": [11.25, 1.25, 7.25408],
			"to": [11.75, 9.5, 8.74592],
			"rotation": {"angle": 0, "axis": "y", "origin": [8, 8, 8]},
			"faces": {
				"north": {"uv": [0, 0, 0.5, 8.25], "texture": "#3"},
				"east": {"uv": [0, 0, 1.49184, 8.25], "texture": "#3"},
				"south": {"uv": [0, 0, 0.5, 8.25], "texture": "#3"},
				"west": {"uv": [0, 0, 1.49184, 8.25], "texture": "#3"},
				"up": {"uv": [0, 0, 0.5, 1.49184], "texture": "#3"},
				"down": {"uv": [0, 0, 0.5, 1.49184], "texture": "#3"}
			}
		},
		{
			"name": "hexadecagon",
			"from": [11.25, 1.25, 7.25408],
			"to": [11.75, 9.5, 8.74592],
			"rotation": {"angle": 22.5, "axis": "y", "origin": [8, 8, 8]},
			"faces": {
				"north": {"uv": [0, 0, 0.5, 8.25], "texture": "#3"},
				"east": {"uv": [0, 0, 1.49184, 8.25], "texture": "#3"},
				"south": {"uv": [0, 0, 0.5, 8.25], "texture": "#3"},
				"west": {"uv": [0, 0, 1.49184, 8.25], "texture": "#3"},
				"up": {"uv": [0, 0, 0.5, 1.49184], "texture": "#3"},
				"down": {"uv": [0, 0, 0.5, 1.49184], "texture": "#3"}
			}
		},
		{
			"name": "hexadecagon",
			"from": [7.50272, 8.75, 5.5],
			"to": [8.49728, 10.75, 6.25],
			"rotation": {"angle": -45, "axis": "y", "origin": [8, 10.25, 8]},
			"faces": {
				"north": {"uv": [0, 0, 0.99456, 2], "texture": "#3"},
				"east": {"uv": [0, 0, 0.75, 2], "texture": "#3"},
				"south": {"uv": [0, 0, 0.99456, 2], "texture": "#3"},
				"west": {"uv": [0, 0, 0.75, 2], "texture": "#3"},
				"up": {"uv": [0, 0, 0.99456, 0.75], "texture": "#3"},
				"down": {"uv": [0, 0, 0.99456, 0.75], "texture": "#3"}
			}
		},
		{
			"name": "hexadecagon",
			"from": [7.50272, 8.75, 5.5],
			"to": [8.49728, 10.75, 6.25],
			"rotation": {"angle": -22.5, "axis": "y", "origin": [8, 10.25, 8]},
			"faces": {
				"north": {"uv": [0, 0, 0.99456, 2], "texture": "#3"},
				"east": {"uv": [0, 0, 0.75, 2], "texture": "#3"},
				"south": {"uv": [0, 0, 0.99456, 2], "texture": "#3"},
				"west": {"uv": [0, 0, 0.75, 2], "texture": "#3"},
				"up": {"uv": [0, 0, 0.99456, 0.75], "texture": "#3"},
				"down": {"uv": [0, 0, 0.99456, 0.75], "texture": "#3"}
			}
		},
		{
			"name": "hexadecagon",
			"from": [7.50272, 8.75, 5.5],
			"to": [8.49728, 10.75, 6.25],
			"rotation": {"angle": 0, "axis": "y", "origin": [8, 10.25, 8]},
			"faces": {
				"north": {"uv": [0, 0, 0.99456, 2], "texture": "#3"},
				"east": {"uv": [0, 0, 0.75, 2], "texture": "#3"},
				"south": {"uv": [0, 0, 0.99456, 2], "texture": "#3"},
				"west": {"uv": [0, 0, 0.75, 2], "texture": "#3"},
				"up": {"uv": [0, 0, 0.99456, 0.75], "texture": "#3"},
				"down": {"uv": [0, 0, 0.99456, 0.75], "texture": "#3"}
			}
		},
		{
			"name": "hexadecagon",
			"from": [7.50272, 8.75, 5.5],
			"to": [8.49728, 10.75, 6.25],
			"rotation": {"angle": 22.5, "axis": "y", "origin": [8, 10.25, 8]},
			"faces": {
				"north": {"uv": [0, 0, 0.99456, 2], "texture": "#3"},
				"east": {"uv": [0, 0, 0.75, 2], "texture": "#3"},
				"south": {"uv": [0, 0, 0.99456, 2], "texture": "#3"},
				"west": {"uv": [0, 0, 0.75, 2], "texture": "#3"},
				"up": {"uv": [0, 0, 0.99456, 0.75], "texture": "#3"},
				"down": {"uv": [0, 0, 0.99456, 0.75], "texture": "#3"}
			}
		},
		{
			"name": "hexadecagon",
			"from": [7.50272, 8.75, 5.5],
			"to": [8.49728, 10.75, 6.25],
			"rotation": {"angle": 45, "axis": "y", "origin": [8, 10.25, 8]},
			"faces": {
				"north": {"uv": [0, 0, 0.99456, 2], "texture": "#3"},
				"east": {"uv": [0, 0, 0.75, 2], "texture": "#3"},
				"south": {"uv": [0, 0, 0.99456, 2], "texture": "#3"},
				"west": {"uv": [0, 0, 0.75, 2], "texture": "#3"},
				"up": {"uv": [0, 0, 0.99456, 0.75], "texture": "#3"},
				"down": {"uv": [0, 0, 0.99456, 0.75], "texture": "#3"}
			}
		},
		{
			"name": "hexadecagon",
			"from": [7.50272, 8.75, 9.75],
			"to": [8.49728, 10.75, 10.5],
			"rotation": {"angle": -45, "axis": "y", "origin": [8, 10.25, 8]},
			"faces": {
				"north": {"uv": [0, 0, 0.99456, 2], "texture": "#3"},
				"east": {"uv": [0, 0, 0.75, 2], "texture": "#3"},
				"south": {"uv": [0, 0, 0.99456, 2], "texture": "#3"},
				"west": {"uv": [0, 0, 0.75, 2], "texture": "#3"},
				"up": {"uv": [0, 0, 0.99456, 0.75], "texture": "#3"},
				"down": {"uv": [0, 0, 0.99456, 0.75], "texture": "#3"}
			}
		},
		{
			"name": "hexadecagon",
			"from": [7.50272, 8.75, 9.75],
			"to": [8.49728, 10.75, 10.5],
			"rotation": {"angle": -22.5, "axis": "y", "origin": [8, 10.25, 8]},
			"faces": {
				"north": {"uv": [0, 0, 0.99456, 2], "texture": "#3"},
				"east": {"uv": [0, 0, 0.75, 2], "texture": "#3"},
				"south": {"uv": [0, 0, 0.99456, 2], "texture": "#3"},
				"west": {"uv": [0, 0, 0.75, 2], "texture": "#3"},
				"up": {"uv": [0, 0, 0.99456, 0.75], "texture": "#3"},
				"down": {"uv": [0, 0, 0.99456, 0.75], "texture": "#3"}
			}
		},
		{
			"name": "hexadecagon",
			"from": [7.50272, 8.75, 9.75],
			"to": [8.49728, 10.75, 10.5],
			"rotation": {"angle": 0, "axis": "y", "origin": [8, 10.25, 8]},
			"faces": {
				"north": {"uv": [0, 0, 0.99456, 2], "texture": "#3"},
				"east": {"uv": [0, 0, 0.75, 2], "texture": "#3"},
				"south": {"uv": [0, 0, 0.99456, 2], "texture": "#3"},
				"west": {"uv": [0, 0, 0.75, 2], "texture": "#3"},
				"up": {"uv": [0, 0, 0.99456, 0.75], "texture": "#3"},
				"down": {"uv": [0, 0, 0.99456, 0.75], "texture": "#3"}
			}
		},
		{
			"name": "hexadecagon",
			"from": [7.50272, 8.75, 9.75],
			"to": [8.49728, 10.75, 10.5],
			"rotation": {"angle": 22.5, "axis": "y", "origin": [8, 10.25, 8]},
			"faces": {
				"north": {"uv": [0, 0, 0.99456, 2], "texture": "#3"},
				"east": {"uv": [0, 0, 0.75, 2], "texture": "#3"},
				"south": {"uv": [0, 0, 0.99456, 2], "texture": "#3"},
				"west": {"uv": [0, 0, 0.75, 2], "texture": "#3"},
				"up": {"uv": [0, 0, 0.99456, 0.75], "texture": "#3"},
				"down": {"uv": [0, 0, 0.99456, 0.75], "texture": "#3"}
			}
		},
		{
			"name": "hexadecagon",
			"from": [7.50272, 8.75, 9.75],
			"to": [8.49728, 10.75, 10.5],
			"rotation": {"angle": 45, "axis": "y", "origin": [8, 10.25, 8]},
			"faces": {
				"north": {"uv": [0, 0, 0.99456, 2], "texture": "#3"},
				"east": {"uv": [0, 0, 0.75, 2], "texture": "#3"},
				"south": {"uv": [0, 0, 0.99456, 2], "texture": "#3"},
				"west": {"uv": [0, 0, 0.75, 2], "texture": "#3"},
				"up": {"uv": [0, 0, 0.99456, 0.75], "texture": "#3"},
				"down": {"uv": [0, 0, 0.99456, 0.75], "texture": "#3"}
			}
		},
		{
			"name": "hexadecagon",
			"from": [5.5, 8.75, 7.50272],
			"to": [6.25, 10.75, 8.49728],
			"rotation": {"angle": -22.5, "axis": "y", "origin": [8, 10.25, 8]},
			"faces": {
				"north": {"uv": [0, 0, 0.75, 2], "texture": "#3"},
				"east": {"uv": [0, 0, 0.99456, 2], "texture": "#3"},
				"south": {"uv": [0, 0, 0.75, 2], "texture": "#3"},
				"west": {"uv": [0, 0, 0.99456, 2], "texture": "#3"},
				"up": {"uv": [0, 0, 0.75, 0.99456], "texture": "#3"},
				"down": {"uv": [0, 0, 0.75, 0.99456], "texture": "#3"}
			}
		},
		{
			"name": "hexadecagon",
			"from": [5.5, 8.75, 7.50272],
			"to": [6.25, 10.75, 8.49728],
			"rotation": {"angle": 0, "axis": "y", "origin": [8, 10.25, 8]},
			"faces": {
				"north": {"uv": [0, 0, 0.75, 2], "texture": "#3"},
				"east": {"uv": [0, 0, 0.99456, 2], "texture": "#3"},
				"south": {"uv": [0, 0, 0.75, 2], "texture": "#3"},
				"west": {"uv": [0, 0, 0.99456, 2], "texture": "#3"},
				"up": {"uv": [0, 0, 0.75, 0.99456], "texture": "#3"},
				"down": {"uv": [0, 0, 0.75, 0.99456], "texture": "#3"}
			}
		},
		{
			"name": "hexadecagon",
			"from": [5.5, 8.75, 7.50272],
			"to": [6.25, 10.75, 8.49728],
			"rotation": {"angle": 22.5, "axis": "y", "origin": [8, 10.25, 8]},
			"faces": {
				"north": {"uv": [0, 0, 0.75, 2], "texture": "#3"},
				"east": {"uv": [0, 0, 0.99456, 2], "texture": "#3"},
				"south": {"uv": [0, 0, 0.75, 2], "texture": "#3"},
				"west": {"uv": [0, 0, 0.99456, 2], "texture": "#3"},
				"up": {"uv": [0, 0, 0.75, 0.99456], "texture": "#3"},
				"down": {"uv": [0, 0, 0.75, 0.99456], "texture": "#3"}
			}
		},
		{
			"name": "hexadecagon",
			"from": [9.75, 8.75, 7.50272],
			"to": [10.5, 10.75, 8.49728],
			"rotation": {"angle": -22.5, "axis": "y", "origin": [8, 10.25, 8]},
			"faces": {
				"north": {"uv": [0, 0, 0.75, 2], "texture": "#3"},
				"east": {"uv": [0, 0, 0.99456, 2], "texture": "#3"},
				"south": {"uv": [0, 0, 0.75, 2], "texture": "#3"},
				"west": {"uv": [0, 0, 0.99456, 2], "texture": "#3"},
				"up": {"uv": [0, 0, 0.75, 0.99456], "texture": "#3"},
				"down": {"uv": [0, 0, 0.75, 0.99456], "texture": "#3"}
			}
		},
		{
			"name": "hexadecagon",
			"from": [9.75, 8.75, 7.50272],
			"to": [10.5, 10.75, 8.49728],
			"rotation": {"angle": 0, "axis": "y", "origin": [8, 10.25, 8]},
			"faces": {
				"north": {"uv": [0, 0, 0.75, 2], "texture": "#3"},
				"east": {"uv": [0, 0, 0.99456, 2], "texture": "#3"},
				"south": {"uv": [0, 0, 0.75, 2], "texture": "#3"},
				"west": {"uv": [0, 0, 0.99456, 2], "texture": "#3"},
				"up": {"uv": [0, 0, 0.75, 0.99456], "texture": "#3"},
				"down": {"uv": [0, 0, 0.75, 0.99456], "texture": "#3"}
			}
		},
		{
			"name": "hexadecagon",
			"from": [9.75, 8.75, 7.50272],
			"to": [10.5, 10.75, 8.49728],
			"rotation": {"angle": 22.5, "axis": "y", "origin": [8, 10.25, 8]},
			"faces": {
				"north": {"uv": [0, 0, 0.75, 2], "texture": "#3"},
				"east": {"uv": [0, 0, 0.99456, 2], "texture": "#3"},
				"south": {"uv": [0, 0, 0.75, 2], "texture": "#3"},
				"west": {"uv": [0, 0, 0.99456, 2], "texture": "#3"},
				"up": {"uv": [0, 0, 0.75, 0.99456], "texture": "#3"},
				"down": {"uv": [0, 0, 0.75, 0.99456], "texture": "#3"}
			}
		},
		{
			"name": "hexadecagon",
			"from": [7.35353, 0, 4.75],
			"to": [8.64647, 9.5, 5.5],
			"rotation": {"angle": 0, "axis": "y", "origin": [8, 4.75, 8]},
			"faces": {
				"north": {"uv": [0, 0, 1.29294, 9.5], "texture": "#3"},
				"east": {"uv": [0, 0, 0.75, 9.5], "texture": "#3"},
				"south": {"uv": [0, 0, 1.29294, 9.5], "texture": "#3"},
				"west": {"uv": [0, 0, 0.75, 9.5], "texture": "#3"},
				"up": {"uv": [0, 0, 1.29294, 0.75], "texture": "#3"},
				"down": {"uv": [0, 0, 1.29294, 0.75], "texture": "#3"}
			}
		},
		{
			"name": "hexadecagon",
			"from": [7.35353, 0, 10.5],
			"to": [8.64647, 9.5, 11.25],
			"rotation": {"angle": 0, "axis": "y", "origin": [8, 4.75, 8]},
			"faces": {
				"north": {"uv": [0, 0, 1.29294, 9.5], "texture": "#3"},
				"east": {"uv": [0, 0, 0.75, 9.5], "texture": "#3"},
				"south": {"uv": [0, 0, 1.29294, 9.5], "texture": "#3"},
				"west": {"uv": [0, 0, 0.75, 9.5], "texture": "#3"},
				"up": {"uv": [0, 0, 1.29294, 0.75], "texture": "#3"},
				"down": {"uv": [0, 0, 1.29294, 0.75], "texture": "#3"}
			}
		},
		{
			"name": "hexadecagon",
			"from": [7.35353, 0, 10.5],
			"to": [8.64647, 9.5, 11.25],
			"rotation": {"angle": 22.5, "axis": "y", "origin": [8, 4.75, 8]},
			"faces": {
				"north": {"uv": [0, 0, 1.29294, 9.5], "texture": "#3"},
				"east": {"uv": [0, 0, 0.75, 9.5], "texture": "#3"},
				"south": {"uv": [0, 0, 1.29294, 9.5], "texture": "#3"},
				"west": {"uv": [0, 0, 0.75, 9.5], "texture": "#3"},
				"up": {"uv": [0, 0, 1.29294, 0.75], "texture": "#3"},
				"down": {"uv": [0, 0, 1.29294, 0.75], "texture": "#3"}
			}
		},
		{
			"name": "hexadecagon",
			"from": [7.35353, 0, 4.75],
			"to": [8.64647, 9.5, 5.5],
			"rotation": {"angle": 22.5, "axis": "y", "origin": [8, 4.75, 8]},
			"faces": {
				"north": {"uv": [0, 0, 1.29294, 9.5], "texture": "#3"},
				"east": {"uv": [0, 0, 0.75, 9.5], "texture": "#3"},
				"south": {"uv": [0, 0, 1.29294, 9.5], "texture": "#3"},
				"west": {"uv": [0, 0, 0.75, 9.5], "texture": "#3"},
				"up": {"uv": [0, 0, 1.29294, 0.75], "texture": "#3"},
				"down": {"uv": [0, 0, 1.29294, 0.75], "texture": "#3"}
			}
		},
		{
			"name": "hexadecagon",
			"from": [7.35353, 0, 10.5],
			"to": [8.64647, 9.5, 11.25],
			"rotation": {"angle": 45, "axis": "y", "origin": [8, 4.75, 8]},
			"faces": {
				"north": {"uv": [0, 0, 1.29294, 9.5], "texture": "#3"},
				"east": {"uv": [0, 0, 0.75, 9.5], "texture": "#3"},
				"south": {"uv": [0, 0, 1.29294, 9.5], "texture": "#3"},
				"west": {"uv": [0, 0, 0.75, 9.5], "texture": "#3"},
				"up": {"uv": [0, 0, 1.29294, 0.75], "texture": "#3"},
				"down": {"uv": [0, 0, 1.29294, 0.75], "texture": "#3"}
			}
		},
		{
			"name": "hexadecagon",
			"from": [7.35353, 0, 4.75],
			"to": [8.64647, 9.5, 5.5],
			"rotation": {"angle": 45, "axis": "y", "origin": [8, 4.75, 8]},
			"faces": {
				"north": {"uv": [0, 0, 1.29294, 9.5], "texture": "#3"},
				"east": {"uv": [0, 0, 0.75, 9.5], "texture": "#3"},
				"south": {"uv": [0, 0, 1.29294, 9.5], "texture": "#3"},
				"west": {"uv": [0, 0, 0.75, 9.5], "texture": "#3"},
				"up": {"uv": [0, 0, 1.29294, 0.75], "texture": "#3"},
				"down": {"uv": [0, 0, 1.29294, 0.75], "texture": "#3"}
			}
		},
		{
			"name": "hexadecagon",
			"from": [10.5, 0, 7.35353],
			"to": [11.25, 9.5, 8.64647],
			"rotation": {"angle": -22.5, "axis": "y", "origin": [8, 4.75, 8]},
			"faces": {
				"north": {"uv": [0, 0, 0.75, 9.5], "texture": "#3"},
				"east": {"uv": [0, 0, 1.29294, 9.5], "texture": "#3"},
				"south": {"uv": [0, 0, 0.75, 9.5], "texture": "#3"},
				"west": {"uv": [0, 0, 1.29294, 9.5], "texture": "#3"},
				"up": {"uv": [0, 0, 0.75, 1.29294], "texture": "#3"},
				"down": {"uv": [0, 0, 0.75, 1.29294], "texture": "#3"}
			}
		},
		{
			"name": "hexadecagon",
			"from": [4.75, 0, 7.35353],
			"to": [5.5, 9.5, 8.64647],
			"rotation": {"angle": -22.5, "axis": "y", "origin": [8, 4.75, 8]},
			"faces": {
				"north": {"uv": [0, 0, 0.75, 9.5], "texture": "#3"},
				"east": {"uv": [0, 0, 1.29294, 9.5], "texture": "#3"},
				"south": {"uv": [0, 0, 0.75, 9.5], "texture": "#3"},
				"west": {"uv": [0, 0, 1.29294, 9.5], "texture": "#3"},
				"up": {"uv": [0, 0, 0.75, 1.29294], "texture": "#3"},
				"down": {"uv": [0, 0, 0.75, 1.29294], "texture": "#3"}
			}
		},
		{
			"name": "hexadecagon",
			"from": [10.5, 0, 7.35353],
			"to": [11.25, 9.5, 8.64647],
			"rotation": {"angle": 0, "axis": "y", "origin": [8, 4.75, 8]},
			"faces": {
				"north": {"uv": [0, 0, 0.75, 9.5], "texture": "#3"},
				"east": {"uv": [0, 0, 1.29294, 9.5], "texture": "#3"},
				"south": {"uv": [0, 0, 0.75, 9.5], "texture": "#3"},
				"west": {"uv": [0, 0, 1.29294, 9.5], "texture": "#3"},
				"up": {"uv": [0, 0, 0.75, 1.29294], "texture": "#3"},
				"down": {"uv": [0, 0, 0.75, 1.29294], "texture": "#3"}
			}
		},
		{
			"name": "hexadecagon",
			"from": [4.75, 0, 7.35353],
			"to": [5.5, 9.5, 8.64647],
			"rotation": {"angle": 0, "axis": "y", "origin": [8, 4.75, 8]},
			"faces": {
				"north": {"uv": [0, 0, 0.75, 9.5], "texture": "#3"},
				"east": {"uv": [0, 0, 1.29294, 9.5], "texture": "#3"},
				"south": {"uv": [0, 0, 0.75, 9.5], "texture": "#3"},
				"west": {"uv": [0, 0, 1.29294, 9.5], "texture": "#3"},
				"up": {"uv": [0, 0, 0.75, 1.29294], "texture": "#3"},
				"down": {"uv": [0, 0, 0.75, 1.29294], "texture": "#3"}
			}
		},
		{
			"name": "hexadecagon",
			"from": [10.5, 0, 7.35353],
			"to": [11.25, 9.5, 8.64647],
			"rotation": {"angle": 22.5, "axis": "y", "origin": [8, 4.75, 8]},
			"faces": {
				"north": {"uv": [0, 0, 0.75, 9.5], "texture": "#3"},
				"east": {"uv": [0, 0, 1.29294, 9.5], "texture": "#3"},
				"south": {"uv": [0, 0, 0.75, 9.5], "texture": "#3"},
				"west": {"uv": [0, 0, 1.29294, 9.5], "texture": "#3"},
				"up": {"uv": [0, 0, 0.75, 1.29294], "texture": "#3"},
				"down": {"uv": [0, 0, 0.75, 1.29294], "texture": "#3"}
			}
		},
		{
			"name": "hexadecagon",
			"from": [4.75, 0, 7.35353],
			"to": [5.5, 9.5, 8.64647],
			"rotation": {"angle": 22.5, "axis": "y", "origin": [8, 4.75, 8]},
			"faces": {
				"north": {"uv": [0, 0, 0.75, 9.5], "texture": "#3"},
				"east": {"uv": [0, 0, 1.29294, 9.5], "texture": "#3"},
				"south": {"uv": [0, 0, 0.75, 9.5], "texture": "#3"},
				"west": {"uv": [0, 0, 1.29294, 9.5], "texture": "#3"},
				"up": {"uv": [0, 0, 0.75, 1.29294], "texture": "#3"},
				"down": {"uv": [0, 0, 0.75, 1.29294], "texture": "#3"}
			}
		},
		{
			"name": "hexadecagon",
			"from": [10.5, 0, 7.35353],
			"to": [11.25, 9.5, 8.64647],
			"rotation": {"angle": 45, "axis": "y", "origin": [8, 4.75, 8]},
			"faces": {
				"north": {"uv": [0, 0, 0.75, 9.5], "texture": "#3"},
				"east": {"uv": [0, 0, 1.29294, 9.5], "texture": "#3"},
				"south": {"uv": [0, 0, 0.75, 9.5], "texture": "#3"},
				"west": {"uv": [0, 0, 1.29294, 9.5], "texture": "#3"},
				"up": {"uv": [0, 0, 0.75, 1.29294], "texture": "#3"},
				"down": {"uv": [0, 0, 0.75, 1.29294], "texture": "#3"}
			}
		},
		{
			"name": "hexadecagon",
			"from": [4.75, 0, 7.35353],
			"to": [5.5, 9.5, 8.64647],
			"rotation": {"angle": 45, "axis": "y", "origin": [8, 4.75, 8]},
			"faces": {
				"north": {"uv": [0, 0, 0.75, 9.5], "texture": "#3"},
				"east": {"uv": [0, 0, 1.29294, 9.5], "texture": "#3"},
				"south": {"uv": [0, 0, 0.75, 9.5], "texture": "#3"},
				"west": {"uv": [0, 0, 1.29294, 9.5], "texture": "#3"},
				"up": {"uv": [0, 0, 0.75, 1.29294], "texture": "#3"},
				"down": {"uv": [0, 0, 0.75, 1.29294], "texture": "#3"}
			}
		},
		{
			"name": "hexadecagon",
			"from": [7.35353, 0, 4.75],
			"to": [8.64647, 9.5, 5.5],
			"rotation": {"angle": -22.5, "axis": "y", "origin": [8, 4.75, 8]},
			"faces": {
				"north": {"uv": [0, 0, 1.29294, 9.5], "texture": "#3"},
				"east": {"uv": [0, 0, 0.75, 9.5], "texture": "#3"},
				"south": {"uv": [0, 0, 1.29294, 9.5], "texture": "#3"},
				"west": {"uv": [0, 0, 0.75, 9.5], "texture": "#3"},
				"up": {"uv": [0, 0, 1.29294, 0.75], "texture": "#3"},
				"down": {"uv": [0, 0, 1.29294, 0.75], "texture": "#3"}
			}
		},
		{
			"name": "hexadecagon",
			"from": [7.35353, 0, 10.5],
			"to": [8.64647, 9.5, 11.25],
			"rotation": {"angle": -22.5, "axis": "y", "origin": [8, 4.75, 8]},
			"faces": {
				"north": {"uv": [0, 0, 1.29294, 9.5], "texture": "#3"},
				"east": {"uv": [0, 0, 0.75, 9.5], "texture": "#3"},
				"south": {"uv": [0, 0, 1.29294, 9.5], "texture": "#3"},
				"west": {"uv": [0, 0, 0.75, 9.5], "texture": "#3"},
				"up": {"uv": [0, 0, 1.29294, 0.75], "texture": "#3"},
				"down": {"uv": [0, 0, 1.29294, 0.75], "texture": "#3"}
			}
		},
		{
			"from": [2.75, 7.25, 7.5],
			"to": [4.25, 8, 8.5],
			"rotation": {"angle": 0, "axis": "y", "origin": [8, 6, 8]},
			"faces": {
				"north": {"uv": [0, 0, 1.5, 0.75], "texture": "#3"},
				"east": {"uv": [0, 0, 1, 0.75], "texture": "#3"},
				"south": {"uv": [0, 0, 1.5, 0.75], "texture": "#3"},
				"west": {"uv": [0, 0, 1, 0.75], "texture": "#3"},
				"up": {"uv": [0, 0, 1.5, 1], "texture": "#3"},
				"down": {"uv": [0, 0, 1.5, 1], "texture": "#3"}
			}
		},
		{
			"from": [-2.5, 7.25, 6.25],
			"to": [2.75, 8, 9.75],
			"rotation": {"angle": 0, "axis": "y", "origin": [8, 6, 8]},
			"faces": {
				"north": {"uv": [0, 0, 5.25, 0.75], "texture": "#3"},
				"east": {"uv": [0, 0, 3.5, 0.75], "texture": "#3"},
				"south": {"uv": [0, 0, 5.25, 0.75], "texture": "#3"},
				"west": {"uv": [0, 0, 3.5, 0.75], "texture": "#3"},
				"up": {"uv": [0, 0, 5.25, 3.5], "texture": "#3"},
				"down": {"uv": [0, 0, 5.25, 3.5], "texture": "#3"}
			}
		},
		{
			"from": [-3.75, 7.25, 7.5],
			"to": [-2.5, 8, 8.5],
			"rotation": {"angle": 0, "axis": "y", "origin": [8, 6, 8]},
			"faces": {
				"north": {"uv": [0, 0, 1.25, 0.75], "texture": "#3"},
				"east": {"uv": [0, 0, 1, 0.75], "texture": "#3"},
				"south": {"uv": [0, 0, 1.25, 0.75], "texture": "#3"},
				"west": {"uv": [0, 0, 1, 0.75], "texture": "#3"},
				"up": {"uv": [0, 0, 1.25, 1], "texture": "#3"},
				"down": {"uv": [0, 0, 1.25, 1], "texture": "#3"}
			}
		},
		{
			"from": [-0.66206, 7.25, 14.18718],
			"to": [0.22183, 8, 15.95495],
			"rotation": {"angle": -45, "axis": "y", "origin": [8, 6, 8]},
			"faces": {
				"north": {"uv": [0, 0, 0.88388, 0.75], "texture": "#3"},
				"east": {"uv": [0, 0, 1.76777, 0.75], "texture": "#3"},
				"south": {"uv": [0, 0, 0.88388, 0.75], "texture": "#3"},
				"west": {"uv": [0, 0, 1.76777, 0.75], "texture": "#3"},
				"up": {"uv": [0, 0, 0.88388, 1.76777], "texture": "#3"},
				"down": {"uv": [0, 0, 0.88388, 1.76777], "texture": "#3"}
			}
		},
		{
			"from": [4.64124, 7.25, 3.05025],
			"to": [5.52513, 8, 4.81802],
			"rotation": {"angle": 45, "axis": "y", "origin": [8, 6, 8]},
			"faces": {
				"north": {"uv": [0, 0, 0.88388, 0.75], "texture": "#3"},
				"east": {"uv": [0, 0, 1.76777, 0.75], "texture": "#3"},
				"south": {"uv": [0, 0, 0.88388, 0.75], "texture": "#3"},
				"west": {"uv": [0, 0, 1.76777, 0.75], "texture": "#3"},
				"up": {"uv": [0, 0, 0.88388, 1.76777], "texture": "#3"},
				"down": {"uv": [0, 0, 0.88388, 1.76777], "texture": "#3"}
			}
		},
		{
			"from": [4.64124, 7.25, 11.18198],
			"to": [5.52513, 8, 12.94975],
			"rotation": {"angle": -45, "axis": "y", "origin": [8, 6, 8]},
			"faces": {
				"north": {"uv": [0, 0, 0.88388, 0.75], "texture": "#3"},
				"east": {"uv": [0, 0, 1.76777, 0.75], "texture": "#3"},
				"south": {"uv": [0, 0, 0.88388, 0.75], "texture": "#3"},
				"west": {"uv": [0, 0, 1.76777, 0.75], "texture": "#3"},
				"up": {"uv": [0, 0, 0.88388, 1.76777], "texture": "#3"},
				"down": {"uv": [0, 0, 0.88388, 1.76777], "texture": "#3"}
			}
		},
		{
			"from": [-0.66206, 7.25, 0.04505],
			"to": [0.22183, 8, 1.81282],
			"rotation": {"angle": 45, "axis": "y", "origin": [8, 6, 8]},
			"faces": {
				"north": {"uv": [0, 0, 0.88388, 0.75], "texture": "#3"},
				"east": {"uv": [0, 0, 1.76777, 0.75], "texture": "#3"},
				"south": {"uv": [0, 0, 0.88388, 0.75], "texture": "#3"},
				"west": {"uv": [0, 0, 1.76777, 0.75], "texture": "#3"},
				"up": {"uv": [0, 0, 0.88388, 1.76777], "texture": "#3"},
				"down": {"uv": [0, 0, 0.88388, 1.76777], "texture": "#3"}
			}
		},
		{
			"from": [2.75, 6, 7.5],
			"to": [4.25, 6.75, 8.5],
			"rotation": {"angle": -22.5, "axis": "y", "origin": [8, 4.75, 8]},
			"faces": {
				"north": {"uv": [0, 0, 1.5, 0.75], "texture": "#3"},
				"east": {"uv": [0, 0, 1, 0.75], "texture": "#3"},
				"south": {"uv": [0, 0, 1.5, 0.75], "texture": "#3"},
				"west": {"uv": [0, 0, 1, 0.75], "texture": "#3"},
				"up": {"uv": [0, 0, 1, 1.5], "rotation": 270, "texture": "#3"},
				"down": {"uv": [0, 0, 1, 1.5], "rotation": 90, "texture": "#3"}
			}
		},
		{
			"from": [-2.5, 6, 6.25],
			"to": [2.75, 6.75, 9.75],
			"rotation": {"angle": -22.5, "axis": "y", "origin": [8, 4.75, 8]},
			"faces": {
				"north": {"uv": [0, 0, 5.25, 0.75], "texture": "#3"},
				"east": {"uv": [0, 0, 3.5, 0.75], "texture": "#3"},
				"south": {"uv": [0, 0, 5.25, 0.75], "texture": "#3"},
				"west": {"uv": [0, 0, 3.5, 0.75], "texture": "#3"},
				"up": {"uv": [0, 0, 3.5, 5.25], "rotation": 270, "texture": "#3"},
				"down": {"uv": [0, 0, 3.5, 5.25], "rotation": 90, "texture": "#3"}
			}
		},
		{
			"from": [-3.75, 6, 7.5],
			"to": [-2.5, 6.75, 8.5],
			"rotation": {"angle": -22.5, "axis": "y", "origin": [8, 4.75, 8]},
			"faces": {
				"north": {"uv": [0, 0, 1.25, 0.75], "texture": "#3"},
				"east": {"uv": [0, 0, 1, 0.75], "texture": "#3"},
				"south": {"uv": [0, 0, 1.25, 0.75], "texture": "#3"},
				"west": {"uv": [0, 0, 1, 0.75], "texture": "#3"},
				"up": {"uv": [0, 0, 1, 1.25], "rotation": 270, "texture": "#3"},
				"down": {"uv": [0, 0, 1, 1.25], "rotation": 90, "texture": "#3"}
			}
		},
		{
			"from": [0.04505, 6, -0.66206],
			"to": [1.81282, 6.75, 0.22183],
			"rotation": {"angle": 22.5, "axis": "y", "origin": [8, 4.75, 8]},
			"faces": {
				"north": {"uv": [0, 0, 1.76777, 0.75], "texture": "#3"},
				"east": {"uv": [0, 0, 0.88388, 0.75], "texture": "#3"},
				"south": {"uv": [0, 0, 1.76777, 0.75], "texture": "#3"},
				"west": {"uv": [0, 0, 0.88388, 0.75], "texture": "#3"},
				"up": {"uv": [0, 0, 1.76777, 0.88388], "texture": "#3"},
				"down": {"uv": [0, 0, 1.76777, 0.88388], "texture": "#3"}
			}
		},
		{
			"from": [4.64124, 6, 3.05025],
			"to": [5.52513, 6.75, 4.81802],
			"rotation": {"angle": 22.5, "axis": "y", "origin": [8, 4.75, 8]},
			"faces": {
				"north": {"uv": [0, 0, 0.88388, 0.75], "texture": "#3"},
				"east": {"uv": [0, 0, 1.76777, 0.75], "texture": "#3"},
				"south": {"uv": [0, 0, 0.88388, 0.75], "texture": "#3"},
				"west": {"uv": [0, 0, 1.76777, 0.75], "texture": "#3"},
				"up": {"uv": [0, 0, 1.76777, 0.88388], "rotation": 270, "texture": "#3"},
				"down": {"uv": [0, 0, 1.76777, 0.88388], "rotation": 90, "texture": "#3"}
			}
		},
		{
			"from": [3.05025, 6, 4.64124],
			"to": [4.81802, 6.75, 5.52513],
			"rotation": {"angle": 22.5, "axis": "y", "origin": [8, 4.75, 8]},
			"faces": {
				"north": {"uv": [0, 0, 1.76777, 0.75], "texture": "#3"},
				"east": {"uv": [0, 0, 0.88388, 0.75], "texture": "#3"},
				"south": {"uv": [0, 0, 1.76777, 0.75], "texture": "#3"},
				"west": {"uv": [0, 0, 0.88388, 0.75], "texture": "#3"},
				"up": {"uv": [0, 0, 1.76777, 0.88388], "texture": "#3"},
				"down": {"uv": [0, 0, 1.76777, 0.88388], "texture": "#3"}
			}
		},
		{
			"from": [-0.66206, 6, 0.04505],
			"to": [0.22183, 6.75, 1.81282],
			"rotation": {"angle": 22.5, "axis": "y", "origin": [8, 4.75, 8]},
			"faces": {
				"north": {"uv": [0, 0, 0.88388, 0.75], "texture": "#3"},
				"east": {"uv": [0, 0, 1.76777, 0.75], "texture": "#3"},
				"south": {"uv": [0, 0, 0.88388, 0.75], "texture": "#3"},
				"west": {"uv": [0, 0, 1.76777, 0.75], "texture": "#3"},
				"up": {"uv": [0, 0, 1.76777, 0.88388], "rotation": 270, "texture": "#3"},
				"down": {"uv": [0, 0, 1.76777, 0.88388], "rotation": 90, "texture": "#3"}
			}
		},
		{
			"from": [11.75, 4.25, 7.5],
			"to": [13.25, 5, 8.5],
			"rotation": {"angle": -45, "axis": "y", "origin": [8, 3, 8]},
			"faces": {
				"north": {"uv": [0, 0, 1.5, 0.75], "texture": "#3"},
				"east": {"uv": [0, 0, 1, 0.75], "texture": "#3"},
				"south": {"uv": [0, 0, 1.5, 0.75], "texture": "#3"},
				"west": {"uv": [0, 0, 1, 0.75], "texture": "#3"},
				"up": {"uv": [0, 0, 1.5, 1], "texture": "#3"},
				"down": {"uv": [0, 0, 1.5, 1], "texture": "#3"}
			}
		},
		{
			"from": [13.25, 4.25, 6.25],
			"to": [18.5, 5, 9.75],
			"rotation": {"angle": -45, "axis": "y", "origin": [8, 3, 8]},
			"faces": {
				"north": {"uv": [0, 0, 5.25, 0.75], "texture": "#3"},
				"east": {"uv": [0, 0, 3.5, 0.75], "texture": "#3"},
				"south": {"uv": [0, 0, 5.25, 0.75], "texture": "#3"},
				"west": {"uv": [0, 0, 3.5, 0.75], "texture": "#3"},
				"up": {"uv": [0, 0, 5.25, 3.5], "texture": "#3"},
				"down": {"uv": [0, 0, 5.25, 3.5], "texture": "#3"}
			}
		},
		{
			"from": [18.5, 4.25, 7.5],
			"to": [19.75, 5, 8.5],
			"rotation": {"angle": -45, "axis": "y", "origin": [8, 3, 8]},
			"faces": {
				"north": {"uv": [0, 0, 1.25, 0.75], "texture": "#3"},
				"east": {"uv": [0, 0, 1, 0.75], "texture": "#3"},
				"south": {"uv": [0, 0, 1.25, 0.75], "texture": "#3"},
				"west": {"uv": [0, 0, 1, 0.75], "texture": "#3"},
				"up": {"uv": [0, 0, 1.25, 1], "texture": "#3"},
				"down": {"uv": [0, 0, 1.25, 1], "texture": "#3"}
			}
		},
		{
			"from": [14.18718, 4.25, 15.77817],
			"to": [15.95495, 5, 16.66206],
			"rotation": {"angle": 0, "axis": "y", "origin": [8, 3, 8]},
			"faces": {
				"north": {"uv": [0, 0, 1.76777, 0.75], "texture": "#3"},
				"east": {"uv": [0, 0, 0.88388, 0.75], "texture": "#3"},
				"south": {"uv": [0, 0, 1.76777, 0.75], "texture": "#3"},
				"west": {"uv": [0, 0, 0.88388, 0.75], "texture": "#3"},
				"up": {"uv": [0, 0, 0.88388, 1.76777], "rotation": 90, "texture": "#3"},
				"down": {"uv": [0, 0, 0.88388, 1.76777], "rotation": 270, "texture": "#3"}
			}
		},
		{
			"from": [10.47487, 4.25, 11.18198],
			"to": [11.35876, 5, 12.94975],
			"rotation": {"angle": 0, "axis": "y", "origin": [8, 3, 8]},
			"faces": {
				"north": {"uv": [0, 0, 0.88388, 0.75], "texture": "#3"},
				"east": {"uv": [0, 0, 1.76777, 0.75], "texture": "#3"},
				"south": {"uv": [0, 0, 0.88388, 0.75], "texture": "#3"},
				"west": {"uv": [0, 0, 1.76777, 0.75], "texture": "#3"},
				"up": {"uv": [0, 0, 0.88388, 1.76777], "texture": "#3"},
				"down": {"uv": [0, 0, 0.88388, 1.76777], "texture": "#3"}
			}
		},
		{
			"from": [11.18198, 4.25, 10.47487],
			"to": [12.94975, 5, 11.35876],
			"rotation": {"angle": 0, "axis": "y", "origin": [8, 3, 8]},
			"faces": {
				"north": {"uv": [0, 0, 1.76777, 0.75], "texture": "#3"},
				"east": {"uv": [0, 0, 0.88388, 0.75], "texture": "#3"},
				"south": {"uv": [0, 0, 1.76777, 0.75], "texture": "#3"},
				"west": {"uv": [0, 0, 0.88388, 0.75], "texture": "#3"},
				"up": {"uv": [0, 0, 0.88388, 1.76777], "rotation": 90, "texture": "#3"},
				"down": {"uv": [0, 0, 0.88388, 1.76777], "rotation": 270, "texture": "#3"}
			}
		},
		{
			"from": [15.77817, 4.25, 14.18718],
			"to": [16.66206, 5, 15.95495],
			"rotation": {"angle": 0, "axis": "y", "origin": [8, 3, 8]},
			"faces": {
				"north": {"uv": [0, 0, 0.88388, 0.75], "texture": "#3"},
				"east": {"uv": [0, 0, 1.76777, 0.75], "texture": "#3"},
				"south": {"uv": [0, 0, 0.88388, 0.75], "texture": "#3"},
				"west": {"uv": [0, 0, 1.76777, 0.75], "texture": "#3"},
				"up": {"uv": [0, 0, 0.88388, 1.76777], "texture": "#3"},
				"down": {"uv": [0, 0, 0.88388, 1.76777], "texture": "#3"}
			}
		},
		{
			"from": [7.5, 2.75, 11.75],
			"to": [8.5, 3.5, 13.25],
			"rotation": {"angle": -45, "axis": "y", "origin": [8, 1.5, 8]},
			"faces": {
				"north": {"uv": [0, 0, 1, 0.75], "texture": "#3"},
				"east": {"uv": [0, 0, 1.5, 0.75], "texture": "#3"},
				"south": {"uv": [0, 0, 1, 0.75], "texture": "#3"},
				"west": {"uv": [0, 0, 1.5, 0.75], "texture": "#3"},
				"up": {"uv": [0, 0, 1, 1.5], "texture": "#3"},
				"down": {"uv": [0, 0, 1, 1.5], "texture": "#3"}
			}
		},
		{
			"from": [6.25, 2.75, 13.25],
			"to": [9.75, 3.5, 18.5],
			"rotation": {"angle": -45, "axis": "y", "origin": [8, 1.5, 8]},
			"faces": {
				"north": {"uv": [0, 0, 3.5, 0.75], "texture": "#3"},
				"east": {"uv": [0, 0, 5.25, 0.75], "texture": "#3"},
				"south": {"uv": [0, 0, 3.5, 0.75], "texture": "#3"},
				"west": {"uv": [0, 0, 5.25, 0.75], "texture": "#3"},
				"up": {"uv": [0, 0, 3.5, 5.25], "texture": "#3"},
				"down": {"uv": [0, 0, 3.5, 5.25], "texture": "#3"}
			}
		},
		{
			"from": [7.5, 2.75, 18.5],
			"to": [8.5, 3.5, 19.75],
			"rotation": {"angle": -45, "axis": "y", "origin": [8, 1.5, 8]},
			"faces": {
				"north": {"uv": [0, 0, 1, 0.75], "texture": "#3"},
				"east": {"uv": [0, 0, 1.25, 0.75], "texture": "#3"},
				"south": {"uv": [0, 0, 1, 0.75], "texture": "#3"},
				"west": {"uv": [0, 0, 1.25, 0.75], "texture": "#3"},
				"up": {"uv": [0, 0, 1, 1.25], "texture": "#3"},
				"down": {"uv": [0, 0, 1, 1.25], "texture": "#3"}
			}
		},
		{
			"from": [-0.66206, 2.75, 14.18718],
			"to": [0.22183, 3.5, 15.95495],
			"rotation": {"angle": 0, "axis": "y", "origin": [8, 1.5, 8]},
			"faces": {
				"north": {"uv": [0, 0, 0.88388, 0.75], "texture": "#3"},
				"east": {"uv": [0, 0, 1.76777, 0.75], "texture": "#3"},
				"south": {"uv": [0, 0, 0.88388, 0.75], "texture": "#3"},
				"west": {"uv": [0, 0, 1.76777, 0.75], "texture": "#3"},
				"up": {"uv": [0, 0, 1.76777, 0.88388], "rotation": 90, "texture": "#3"},
				"down": {"uv": [0, 0, 1.76777, 0.88388], "rotation": 270, "texture": "#3"}
			}
		},
		{
			"from": [3.05025, 2.75, 10.47487],
			"to": [4.81802, 3.5, 11.35876],
			"rotation": {"angle": 0, "axis": "y", "origin": [8, 1.5, 8]},
			"faces": {
				"north": {"uv": [0, 0, 1.76777, 0.75], "texture": "#3"},
				"east": {"uv": [0, 0, 0.88388, 0.75], "texture": "#3"},
				"south": {"uv": [0, 0, 1.76777, 0.75], "texture": "#3"},
				"west": {"uv": [0, 0, 0.88388, 0.75], "texture": "#3"},
				"up": {"uv": [0, 0, 1.76777, 0.88388], "texture": "#3"},
				"down": {"uv": [0, 0, 1.76777, 0.88388], "texture": "#3"}
			}
		},
		{
			"from": [4.64124, 2.75, 11.18198],
			"to": [5.52513, 3.5, 12.94975],
			"rotation": {"angle": 0, "axis": "y", "origin": [8, 1.5, 8]},
			"faces": {
				"north": {"uv": [0, 0, 0.88388, 0.75], "texture": "#3"},
				"east": {"uv": [0, 0, 1.76777, 0.75], "texture": "#3"},
				"south": {"uv": [0, 0, 0.88388, 0.75], "texture": "#3"},
				"west": {"uv": [0, 0, 1.76777, 0.75], "texture": "#3"},
				"up": {"uv": [0, 0, 1.76777, 0.88388], "rotation": 90, "texture": "#3"},
				"down": {"uv": [0, 0, 1.76777, 0.88388], "rotation": 270, "texture": "#3"}
			}
		},
		{
			"from": [0.04505, 2.75, 15.77817],
			"to": [1.81282, 3.5, 16.66206],
			"rotation": {"angle": 0, "axis": "y", "origin": [8, 1.5, 8]},
			"faces": {
				"north": {"uv": [0, 0, 1.76777, 0.75], "texture": "#3"},
				"east": {"uv": [0, 0, 0.88388, 0.75], "texture": "#3"},
				"south": {"uv": [0, 0, 1.76777, 0.75], "texture": "#3"},
				"west": {"uv": [0, 0, 0.88388, 0.75], "texture": "#3"},
				"up": {"uv": [0, 0, 1.76777, 0.88388], "texture": "#3"},
				"down": {"uv": [0, 0, 1.76777, 0.88388], "texture": "#3"}
			}
		}
	],
	"display": {
		"thirdperson_righthand": {
			"rotation": [75, 45, 0],
			"translation": [0, 2.5, 0],
			"scale": [0.375, 0.375, 0.375]
		},
		"thirdperson_lefthand": {
			"rotation": [75, 45, 0],
			"translation": [0, 2.5, 0],
			"scale": [0.375, 0.375, 0.375]
		},
		"firstperson_righthand": {
			"rotation": [0, 45, 0],
			"scale": [0.4, 0.4, 0.4]
		},
		"firstperson_lefthand": {
			"rotation": [0, 225, 0],
			"scale": [0.4, 0.4, 0.4]
		},
		"ground": {
			"translation": [0, 3, 0],
			"scale": [0.25, 0.25, 0.25]
		},
		"gui": {
			"rotation": [30, 225, 0],
			"scale": [0.625, 0.625, 0.625]
		},
		"fixed": {
			"scale": [0.5, 0.5, 0.5]
		}
	},
	"groups": [
		{
			"name": "little_nob",
			"origin": [8, 8, 8],
			"color": 0,
			"children": [
				{
					"name": "Little Nob",
					"origin": [8, 8, 8],
					"color": 0,
					"children": [
						{
							"name": "hexadecagon",
							"origin": [8, 8, 8],
							"color": 0,
							"children": []
						},
						{
							"name": "hexadecagon",
							"origin": [8, 8, 8],
							"color": 0,
							"children": []
						},
						{
							"name": "hexadecagon",
							"origin": [8, 8, 8],
							"color": 0,
							"children": []
						}
					]
				}
			]
		},
		{
			"name": "grass_block",
			"origin": [8, 8, 8],
			"color": 0,
			"children": []
		},
		{
			"name": "tall_nob",
			"origin": [8, 8, 8],
			"color": 0,
			"children": [
				{
					"name": "Big Nob",
					"origin": [8, 8, 8],
					"color": 0,
					"children": [
						{
							"name": "hexadecagon",
							"origin": [8, 8, 8],
							"color": 0,
							"children": [0, 1, 2, 3, 4, 5, 6, 7, 8, 9, 10, 11, 12, 13, 14, 15]
						},
						{
							"name": "hexadecagon",
							"origin": [8, 8, 8],
							"color": 0,
							"children": [16, 17, 18, 19, 20, 21, 22, 23, 24, 25, 26, 27, 28, 29, 30, 31]
						},
						{
							"name": "hexadecagon",
							"origin": [8, 8, 8],
							"color": 0,
							"children": [32, 33, 34, 35, 36, 37, 38, 39, 40, 41, 42, 43, 44, 45, 46, 47]
						}
					]
				}
			]
		},
		{
			"name": "group",
			"origin": [-3.42678, 7.625, 7.40901],
			"color": 0,
			"children": [48, 49, 50, 51, 52, 53, 54]
		},
		{
			"name": "group",
			"origin": [-3.42678, 7.625, 7.40901],
			"color": 0,
			"children": [55, 56, 57, 58, 59, 60, 61]
		},
		{
			"name": "group",
			"origin": [-3.42678, 7.625, 7.40901],
			"color": 0,
			"children": [62, 63, 64, 65, 66, 67, 68]
		},
		{
			"name": "group",
			"origin": [-3.42678, 7.625, 7.40901],
			"color": 0,
			"children": [69, 70, 71, 72, 73, 74, 75]
		}
	]
}