{
	"credit": "AlexTestria | https://alex-bauerndistel.de",
	"textures": {
		"0": "brickcraft/stickers/barrel01",
		"1": "brickcraft/material/plastics/texture/stripped_spruce_log01",
		"2": "brickcraft/material/plastics/texture/anvil01",
		"3": "brickcraft/material/plastics/texture/anvil02",
		"4": "brickcraft/material/plastics/texture/stripped_spruce_log03",
		"particle": "brickcraft/stickers/barrel01"
	},
	"elements": [
		{
			"from": [0, 0, 0],
			"to": [16, 2.666, 16],
			"faces": {
				"north": {"uv": [0, 2.666, 16, 0], "texture": "#1", "cullface": "north"},
				"east": {"uv": [0, 2.666, 16, 0], "texture": "#1", "cullface": "east"},
				"south": {"uv": [0, 2.666, 16, 0], "texture": "#1", "cullface": "south"},
				"west": {"uv": [0, 2.666, 16, 0], "texture": "#1", "cullface": "west"},
				"down": {"uv": [0, 0, 16, 16], "texture": "#0", "cullface": "down"}
			}
		},
		{
			"from": [0, 2.766, 0],
			"to": [16, 5.332, 16],
			"rotation": {"angle": 0, "axis": "y", "origin": [0, 2.666, 0]},
			"faces": {
				"north": {"uv": [0, 0, 16, 2.566], "texture": "#2", "cullface": "north"},
				"east": {"uv": [0, 0, 16, 2.566], "texture": "#2", "cullface": "east"},
				"south": {"uv": [0, 0, 16, 2.566], "texture": "#2", "cullface": "south"},
				"west": {"uv": [0, 0, 16, 2.566], "texture": "#2", "cullface": "west"}
			}
		},
		{
			"from": [0, 5.432, 0],
			"to": [16, 7.998, 16],
			"rotation": {"angle": 0, "axis": "y", "origin": [0, 5.332, 0]},
			"faces": {
				"north": {"uv": [0, 2.566, 16, 0], "texture": "#1", "cullface": "north"},
				"east": {"uv": [0, 2.566, 16, 0], "texture": "#1", "cullface": "east"},
				"south": {"uv": [0, 2.566, 16, 0], "texture": "#1", "cullface": "south"},
				"west": {"uv": [0, 2.566, 16, 0], "texture": "#1", "cullface": "west"}
			}
		},
		{
			"from": [0, 8.098, 0],
			"to": [16, 10.664, 16],
			"rotation": {"angle": 0, "axis": "y", "origin": [0, 7.998, 0]},
			"faces": {
				"north": {"uv": [0, 0, 16, 2.566], "texture": "#1", "cullface": "north"},
				"east": {"uv": [0, 0, 16, 2.566], "texture": "#1", "cullface": "east"},
				"south": {"uv": [0, 0, 16, 2.566], "texture": "#1", "cullface": "south"},
				"west": {"uv": [0, 0, 16, 2.566], "texture": "#1", "cullface": "west"}
			}
		},
		{
			"from": [0, 10.764, 0],
			"to": [16, 13.33, 16],
			"rotation": {"angle": 0, "axis": "y", "origin": [0, 10.664, 0]},
			"faces": {
				"north": {"uv": [0, 0, 16, 2.566], "texture": "#2", "cullface": "north"},
				"east": {"uv": [0, 0, 16, 2.566], "texture": "#2", "cullface": "east"},
				"south": {"uv": [0, 0, 16, 2.566], "texture": "#2", "cullface": "south"},
				"west": {"uv": [0, 0, 16, 2.566], "texture": "#2", "cullface": "west"}
			}
		},
		{
			"from": [0, 13.43, 0],
			"to": [16, 16, 16],
			"rotation": {"angle": 0, "axis": "y", "origin": [0, 13.33, 0]},
			"faces": {
				"north": {"uv": [0, 0, 16, 2.57], "texture": "#1", "cullface": "north"},
				"east": {"uv": [0, 0, 16, 2.57], "texture": "#1", "cullface": "east"},
				"south": {"uv": [0, 0, 16, 2.57], "texture": "#1", "cullface": "south"},
				"west": {"uv": [0, 0, 16, 2.57], "texture": "#1", "cullface": "west"},
				"up": {"uv": [0, 0, 16, 16], "texture": "#0", "cullface": "up"}
			}
		},
		{
			"from": [0, 2.641, 0],
			"to": [16, 2.766, 16],
			"rotation": {"angle": 0, "axis": "y", "origin": [0, 2.666, 0]},
			"faces": {
				"north": {"uv": [0, 0, 16, 0.125], "texture": "#3", "cullface": "north"},
				"east": {"uv": [0, 0, 16, 0.125], "texture": "#3", "cullface": "east"},
				"south": {"uv": [0, 1, 16, 1.125], "texture": "#3", "cullface": "south"},
				"west": {"uv": [0, 0, 16, 0.125], "texture": "#3", "cullface": "west"}
			}
		},
		{
			"from": [0, 5.307, 0],
			"to": [16, 5.432, 16],
			"rotation": {"angle": 0, "axis": "y", "origin": [0, 5.332, 0]},
			"faces": {
				"north": {"uv": [0, 0, 16, 0.125], "texture": "#4", "cullface": "north"},
				"east": {"uv": [0, 0, 16, 0.125], "texture": "#4", "cullface": "east"},
				"south": {"uv": [0, 1, 16, 1.125], "texture": "#4", "cullface": "south"},
				"west": {"uv": [0, 0, 16, 0.125], "texture": "#4", "cullface": "west"}
			}
		},
		{
			"from": [0, 7.973, 0],
			"to": [16, 8.098, 16],
			"rotation": {"angle": 0, "axis": "y", "origin": [0, 7.998, 0]},
			"faces": {
				"north": {"uv": [0, 0, 16, 0.125], "texture": "#4", "cullface": "north"},
				"east": {"uv": [0, 0, 16, 0.125], "texture": "#4", "cullface": "east"},
				"south": {"uv": [0, 1, 16, 1.125], "texture": "#4", "cullface": "south"},
				"west": {"uv": [0, 0, 16, 0.125], "texture": "#4", "cullface": "west"}
			}
		},
		{
			"from": [0, 10.639, 0],
			"to": [16, 10.764, 16],
			"rotation": {"angle": 0, "axis": "y", "origin": [0, 10.664, 0]},
			"faces": {
				"north": {"uv": [0, 0, 16, 0.125], "texture": "#3", "cullface": "north"},
				"east": {"uv": [0, 0, 16, 0.125], "texture": "#3", "cullface": "east"},
				"south": {"uv": [0, 1, 16, 1.125], "texture": "#3", "cullface": "south"},
				"west": {"uv": [0, 0, 16, 0.125], "texture": "#3", "cullface": "west"}
			}
		},
		{
			"from": [0, 13.305, 0],
			"to": [16, 13.43, 16],
			"rotation": {"angle": 0, "axis": "y", "origin": [0, 13.33, 0]},
			"faces": {
				"north": {"uv": [0, 0, 16, 0.125], "texture": "#4", "cullface": "north"},
				"east": {"uv": [0, 0, 16, 0.125], "texture": "#4", "cullface": "east"},
				"south": {"uv": [0, 1, 16, 1.125], "texture": "#4", "cullface": "south"},
				"west": {"uv": [0, 0, 16, 0.125], "texture": "#4", "cullface": "west"}
			}
		}
	],
	"display": {
		"thirdperson_righthand": {
			"rotation": [75, 45, 0],
			"translation": [0, 2.5, 0],
			"scale": [0.375, 0.375, 0.375]
		},
		"thirdperson_lefthand": {
			"rotation": [75, 45, 0],
			"translation": [0, 2.5, 0],
			"scale": [-0.375, 0.375, 0.375]
		},
		"firstperson_righthand": {
			"rotation": [0, 45, 0],
			"scale": [0.4, 0.4, 0.4]
		},
		"firstperson_lefthand": {
			"rotation": [0, 225, 0],
			"scale": [0.4, 0.4, 0.4]
		},
		"ground": {
			"translation": [0, 3, 0],
			"scale": [0.25, 0.25, 0.25]
		},
		"gui": {
			"rotation": [30, 225, 0],
			"scale": [0.625, 0.625, 0.625]
		},
		"head": {
			"translation": [0, 0, 0.5]
		},
		"fixed": {
			"rotation": [0, -90, 0],
			"translation": [0, 0, -1],
			"scale": [0.5, 0.5, 0.5]
		}
	}
}