{
	"credit": "AlexTestria | https://alex-bauerndistel.de",
	"textures": {
		"0": "brickcraft/material/plastics/texture/obsidian03",
		"1": "brickcraft/block_faces/sea_lantern01",
		"2": "brickcraft/block_faces/glass01",
		"3": "brickcraft/block_faces/glass02",
		"particle": "brickcraft/material/plastics/texture/obsidian03"
	},
	"elements": [
		{
			"from": [0, 2.6666, 0],
			"to": [16, 16, 16],
			"faces": {
				"north": {"uv": [0, 0, 16, 13.3334], "texture": "#2", "cullface": "north"},
				"east": {"uv": [0, 0, 16, 13.3334], "texture": "#2", "cullface": "east"},
				"south": {"uv": [0, 0, 16, 13.3334], "texture": "#2", "cullface": "south"},
				"west": {"uv": [0, 0, 16, 13.3334], "texture": "#2", "cullface": "west"},
				"up": {"uv": [0, 0, 16, 16], "texture": "#3", "cullface": "up"}
			}
		},
		{
			"from": [0, 0, 0],
			"to": [1, 2.6666, 16],
			"rotation": {"angle": 0, "axis": "y", "origin": [8, 10.6666, 8]},
			"faces": {
				"east": {"uv": [0, 13.3334, 16, 16], "texture": "#0", "cullface": "down"},
				"west": {"uv": [0, 0, 16, 2.6666], "texture": "#0", "cullface": "west"},
				"down": {"uv": [0, 0, 1, 16], "texture": "#0", "cullface": "down"}
			}
		},
		{
			"from": [0, 0, 0],
			"to": [16, 2.6666, 1],
			"rotation": {"angle": 0, "axis": "y", "origin": [8, 10.6666, 8]},
			"faces": {
				"north": {"uv": [0, 0, 16, 2.6666], "texture": "#0", "cullface": "north"},
				"south": {"uv": [0, 13.3334, 16, 16], "texture": "#0", "cullface": "down"},
				"down": {"uv": [0, 15, 16, 16], "texture": "#0", "cullface": "down"}
			}
		},
		{
			"from": [0, 0, 15],
			"to": [16, 2.6666, 16],
			"rotation": {"angle": 0, "axis": "y", "origin": [8, 10.6666, 8]},
			"faces": {
				"north": {"uv": [0, 13.3334, 16, 16], "texture": "#0", "cullface": "down"},
				"south": {"uv": [0, 0, 16, 2.6666], "texture": "#0", "cullface": "south"},
				"down": {"uv": [0, 0, 16, 1], "texture": "#0", "cullface": "down"}
			}
		},
		{
			"from": [15, 0, 0],
			"to": [16, 2.6666, 16],
			"faces": {
				"east": {"uv": [0, 0, 16, 2.6666], "texture": "#0", "cullface": "east"},
				"west": {"uv": [0, 13.3334, 16, 16], "texture": "#0", "cullface": "down"},
				"down": {"uv": [15, 0, 16, 16], "texture": "#0", "cullface": "down"}
			}
		},
		{
			"from": [0, 1.6666, 0],
			"to": [16, 2.6666, 16],
			"rotation": {"angle": 0, "axis": "y", "origin": [16, 0, 0]},
			"faces": {
				"up": {"uv": [0, 0, 16, 16], "texture": "#0"},
				"down": {"uv": [0, 0, 16, 16], "texture": "#0", "cullface": "down"}
			}
		},
		{
			"from": [4, 5.457, 4],
			"to": [12, 7.998, 12],
			"rotation": {"angle": 0, "axis": "y", "origin": [0, 2.666, 0]},
			"faces": {
				"north": {"uv": [1, 3, 9, 5.541], "texture": "#1"},
				"east": {"uv": [1, 3, 9, 5.541], "texture": "#1"},
				"south": {"uv": [1, 3, 9, 5.541], "texture": "#1"},
				"west": {"uv": [1, 3, 9, 5.541], "texture": "#1"}
			}
		},
		{
			"from": [4, 8.123, 4],
			"to": [12, 10.664, 12],
			"rotation": {"angle": 0, "axis": "y", "origin": [0, 5.332, 0]},
			"faces": {
				"north": {"uv": [1, 3, 9, 5.541], "texture": "#1"},
				"east": {"uv": [1, 3, 9, 5.541], "texture": "#1"},
				"south": {"uv": [1, 3, 9, 5.541], "texture": "#1"},
				"west": {"uv": [1, 3, 9, 5.541], "texture": "#1"},
				"up": {"uv": [4, 4, 12, 12], "texture": "#1"}
			}
		},
		{
			"from": [4, 7.998, 4],
			"to": [12, 8.123, 12],
			"rotation": {"angle": 0, "axis": "y", "origin": [0, 5.332, 0]},
			"faces": {
				"north": {"uv": [1, 1, 9, 1.125], "texture": "#1"},
				"east": {"uv": [1, 1, 9, 1.125], "texture": "#1"},
				"south": {"uv": [1, 1, 9, 1.125], "texture": "#1"},
				"west": {"uv": [1, 1, 9, 1.125], "texture": "#1"},
				"up": {"uv": [4, 4, 12, 12], "texture": "#1"}
			}
		},
		{
			"from": [4, 5.332, 4],
			"to": [12, 5.457, 12],
			"rotation": {"angle": 0, "axis": "y", "origin": [0, 2.666, 0]},
			"faces": {
				"north": {"uv": [1, 1, 9, 1.125], "texture": "#1"},
				"east": {"uv": [1, 1, 9, 1.125], "texture": "#1"},
				"south": {"uv": [1, 1, 9, 1.125], "texture": "#1"},
				"west": {"uv": [1, 1, 9, 1.125], "texture": "#1"}
			}
		},
		{
			"from": [4, 2.666, 4],
			"to": [12, 5.332, 12],
			"faces": {
				"north": {"uv": [1, 3, 9, 5.541], "texture": "#1"},
				"east": {"uv": [1, 3, 9, 5.541], "texture": "#1"},
				"south": {"uv": [1, 3, 9, 5.541], "texture": "#1"},
				"west": {"uv": [1, 3, 9, 5.541], "texture": "#1"},
				"down": {"uv": [0, 0, 8, 8], "texture": "#missing"}
			}
		},
		{
			"from": [6.55025, 0.075, 4.5],
			"to": [9.44975, 2.75, 5.5],
			"rotation": {"angle": -22.5, "axis": "y", "origin": [8, 8, 8]},
			"faces": {
				"north": {"uv": [1, 13.325, 3.8995, 16], "texture": "#0", "cullface": "down"},
				"south": {"uv": [1, 13.325, 3.8995, 16], "texture": "#0", "cullface": "down"},
				"down": {"uv": [1, 1, 3.89949, 2], "texture": "#0", "cullface": "down"}
			}
		},
		{
			"from": [6.55025, 0.075, 10.5],
			"to": [9.44975, 2.75, 11.5],
			"rotation": {"angle": 22.5, "axis": "y", "origin": [8, 8, 8]},
			"faces": {
				"north": {"uv": [1, 13.325, 3.8995, 16], "texture": "#0", "cullface": "down"},
				"south": {"uv": [1, 13.325, 3.8995, 16], "texture": "#0", "cullface": "down"},
				"down": {"uv": [1, 1, 3.89949, 2], "texture": "#0", "cullface": "down"}
			}
		},
		{
			"from": [6.55025, 0.075, 10.5],
			"to": [9.44975, 2.75, 11.5],
			"rotation": {"angle": -22.5, "axis": "y", "origin": [8, 8, 8]},
			"faces": {
				"north": {"uv": [1, 13.325, 3.8995, 16], "texture": "#0", "cullface": "down"},
				"south": {"uv": [1, 13.325, 3.8995, 16], "texture": "#0", "cullface": "down"},
				"down": {"uv": [1, 1, 3.89949, 2], "texture": "#0", "cullface": "down"}
			}
		},
		{
			"from": [4.5, 0.075, 6.55025],
			"to": [5.5, 2.75, 9.44975],
			"rotation": {"angle": 22.5, "axis": "y", "origin": [8, 8, 8]},
			"faces": {
				"east": {"uv": [1, 13.325, 3.8995, 16], "texture": "#0", "cullface": "down"},
				"south": {"uv": [1, 13.325, 3.8995, 16], "texture": "#0", "cullface": "down"},
				"west": {"uv": [1, 13.325, 3.8995, 16], "texture": "#0", "cullface": "down"},
				"down": {"uv": [1, 1, 2, 3.89949], "texture": "#0", "cullface": "down"}
			}
		},
		{
			"from": [4.5, 0.075, 6.55025],
			"to": [5.5, 2.75, 9.44975],
			"rotation": {"angle": -22.5, "axis": "y", "origin": [8, 8, 8]},
			"faces": {
				"east": {"uv": [1, 13.325, 3.8995, 16], "texture": "#0", "cullface": "down"},
				"west": {"uv": [1, 13.325, 3.8995, 16], "texture": "#0", "cullface": "down"},
				"down": {"uv": [1, 1, 2, 3.89949], "texture": "#0", "cullface": "down"}
			}
		},
		{
			"from": [10.5, 0.075, 6.55025],
			"to": [11.5, 2.75, 9.44975],
			"rotation": {"angle": 22.5, "axis": "y", "origin": [8, 8, 8]},
			"faces": {
				"east": {"uv": [1, 13.325, 3.8995, 16], "texture": "#0", "cullface": "down"},
				"west": {"uv": [1, 13.325, 3.8995, 16], "texture": "#0", "cullface": "down"},
				"down": {"uv": [1, 1, 2, 3.89949], "texture": "#0", "cullface": "down"}
			}
		},
		{
			"from": [10.5, 0.075, 6.55025],
			"to": [11.5, 2.75, 9.44975],
			"rotation": {"angle": -22.5, "axis": "y", "origin": [8, 8, 8]},
			"faces": {
				"east": {"uv": [1, 13.325, 3.8995, 16], "texture": "#0", "cullface": "down"},
				"west": {"uv": [1, 13.325, 3.8995, 16], "texture": "#0", "cullface": "down"},
				"down": {"uv": [1, 1, 2, 3.89949], "texture": "#0", "cullface": "down"}
			}
		},
		{
			"from": [6.55025, 0.075, 4.5],
			"to": [9.44975, 2.75, 5.5],
			"rotation": {"angle": 22.5, "axis": "y", "origin": [8, 8, 8]},
			"faces": {
				"north": {"uv": [1, 13.325, 3.8995, 16], "texture": "#0", "cullface": "down"},
				"south": {"uv": [1, 13.325, 3.8995, 16], "texture": "#0", "cullface": "down"},
				"down": {"uv": [1, 1, 3.89949, 2], "texture": "#0", "cullface": "down"}
			}
		}
	],
	"display": {
		"thirdperson_righthand": {
			"rotation": [75, 45, 0],
			"translation": [0, 2.5, 0],
			"scale": [0.375, 0.375, 0.375]
		},
		"thirdperson_lefthand": {
			"rotation": [75, 45, 0],
			"translation": [0, 2.5, 0],
			"scale": [0.375, 0.375, 0.375]
		},
		"firstperson_righthand": {
			"rotation": [0, 45, 0],
			"scale": [0.4, 0.4, 0.4]
		},
		"firstperson_lefthand": {
			"rotation": [0, 225, 0],
			"scale": [0.4, 0.4, 0.4]
		},
		"ground": {
			"translation": [0, 3, 0],
			"scale": [0.25, 0.25, 0.25]
		},
		"gui": {
			"rotation": [30, 225, 0],
			"scale": [0.625, 0.625, 0.625]
		},
		"fixed": {
			"scale": [0.5, 0.5, 0.5]
		}
	},
	"groups": [
		0,
		{
			"name": "carpet",
			"origin": [8, 8, 8],
			"color": 0,
			"children": [1, 2, 3, 4, 5]
		},
		6,
		7,
		8,
		9,
		10,
		{
			"name": "circle_bottom_short_simple",
			"origin": [8, 8, 8],
			"color": 0,
			"children": [
				{
					"name": "circle_bottom",
					"origin": [8, 8, 8],
					"color": 0,
					"children": [11, 12, 13, 14, 15, 16, 17, 18]
				}
			]
		}
	]
}