{
	"credit": "AlexTestria | https://alex-bauerndistel.de",
	"parent": "minecraft:block/crop",
	"textures": {
		"2": "brickcraft/material/plastics/shader_support/plastic68",
		"particle": "brickcraft/material/plastics/shader_support/plastic68"
	},
	"elements": [
		{
			"from": [0, 0, 0],
			"to": [8, 2.5918, 8],
			"rotation": {"angle": 0, "axis": "y", "origin": [16, -9.075, -8]},
			"faces": {
				"north": {"uv": [0, 0, 8, 2.5918], "texture": "#2", "cullface": "north"},
				"east": {"uv": [0, 0, 8, 2.5918], "texture": "#2"},
				"south": {"uv": [0, 0, 8, 2.5918], "texture": "#2"},
				"west": {"uv": [0, 0, 8, 2.5918], "texture": "#2", "cullface": "west"},
				"up": {"uv": [0, 0, 8, 8], "texture": "#2"},
				"down": {"uv": [0, 0, 8, 8], "texture": "#2", "cullface": "down"}
			}
		},
		{
			"name": "hexadecagon",
			"from": [1.5, 2.5912, 3.50272],
			"to": [6.5, 3.8412, 4.49728],
			"rotation": {"angle": -45, "axis": "y", "origin": [4, 3.0912, 4]},
			"faces": {
				"east": {"uv": [0, 0, 0.99456, 1.25], "texture": "#2"},
				"west": {"uv": [0, 0, 0.99456, 1.25], "texture": "#2"},
				"up": {"uv": [0, 0, 5, 0.99456], "texture": "#2"}
			}
		},
		{
			"name": "hexadecagon",
			"from": [1.5, 2.5912, 3.50272],
			"to": [6.5, 3.8412, 4.49728],
			"rotation": {"angle": -22.5, "axis": "y", "origin": [4, 3.0912, 4]},
			"faces": {
				"east": {"uv": [0, 0, 0.99456, 1.25], "texture": "#2"},
				"west": {"uv": [0, 0, 0.99456, 1.25], "texture": "#2"},
				"up": {"uv": [0, 0, 5, 0.99456], "texture": "#2"}
			}
		},
		{
			"name": "hexadecagon",
			"from": [1.5, 2.5912, 3.50272],
			"to": [6.5, 3.8412, 4.49728],
			"rotation": {"angle": 0, "axis": "y", "origin": [4, 3.0912, 4]},
			"faces": {
				"east": {"uv": [0, 0, 0.99456, 1.25], "texture": "#2"},
				"west": {"uv": [0, 0, 0.99456, 1.25], "texture": "#2"},
				"up": {"uv": [0, 0, 5, 0.99456], "texture": "#2"}
			}
		},
		{
			"name": "hexadecagon",
			"from": [1.5, 2.5912, 3.50272],
			"to": [6.5, 3.8412, 4.49728],
			"rotation": {"angle": 22.5, "axis": "y", "origin": [4, 3.0912, 4]},
			"faces": {
				"east": {"uv": [0, 0, 0.99456, 1.25], "texture": "#2"},
				"west": {"uv": [0, 0, 0.99456, 1.25], "texture": "#2"},
				"up": {"uv": [0, 0, 5, 0.99456], "texture": "#2"}
			}
		},
		{
			"name": "hexadecagon",
			"from": [1.5, 2.5912, 3.50272],
			"to": [6.5, 3.8412, 4.49728],
			"rotation": {"angle": 45, "axis": "y", "origin": [4, 3.0912, 4]},
			"faces": {
				"east": {"uv": [0, 0, 0.99456, 1.25], "texture": "#2"},
				"west": {"uv": [0, 0, 0.99456, 1.25], "texture": "#2"},
				"up": {"uv": [0, 0, 5, 0.99456], "texture": "#2"}
			}
		},
		{
			"name": "hexadecagon",
			"from": [3.50272, 2.5912, 1.5],
			"to": [4.49728, 3.8412, 6.5],
			"rotation": {"angle": -22.5, "axis": "y", "origin": [4, 3.0912, 4]},
			"faces": {
				"north": {"uv": [0, 0, 0.99456, 1.25], "texture": "#2"},
				"south": {"uv": [0, 0, 0.99456, 1.25], "texture": "#2"},
				"up": {"uv": [0, 0, 0.99456, 5], "texture": "#2"}
			}
		},
		{
			"name": "hexadecagon",
			"from": [3.50272, 2.5912, 1.5],
			"to": [4.49728, 3.8412, 6.5],
			"rotation": {"angle": 0, "axis": "y", "origin": [4, 3.0912, 4]},
			"faces": {
				"north": {"uv": [0, 0, 0.99456, 1.25], "texture": "#2"},
				"south": {"uv": [0, 0, 0.99456, 1.25], "texture": "#2"},
				"up": {"uv": [0, 0, 0.99456, 5], "texture": "#2"}
			}
		},
		{
			"name": "hexadecagon",
			"from": [3.50272, 2.5912, 1.5],
			"to": [4.49728, 3.8412, 6.5],
			"rotation": {"angle": 22.5, "axis": "y", "origin": [4, 3.0912, 4]},
			"faces": {
				"north": {"uv": [0, 0, 0.99456, 1.25], "texture": "#2"},
				"south": {"uv": [0, 0, 0.99456, 1.25], "texture": "#2"},
				"up": {"uv": [0, 0, 0.99456, 5], "texture": "#2"}
			}
		},
		{
			"from": [8, -2.5918, 8],
			"to": [16, 0, 16],
			"rotation": {"angle": 0, "axis": "y", "origin": [24, -11.6668, 0]},
			"faces": {
				"north": {"uv": [0, 0, 8, 2.5918], "texture": "#2"},
				"east": {"uv": [0, 0, 8, 2.5918], "texture": "#2"},
				"south": {"uv": [0, 0, 8, 2.5918], "texture": "#2"},
				"west": {"uv": [0, 0, 8, 2.5918], "texture": "#2"},
				"up": {"uv": [0, 0, 8, 8], "texture": "#2"},
				"down": {"uv": [0, 0, 8, 8], "texture": "#2", "cullface": "down"}
			}
		},
		{
			"name": "hexadecagon",
			"from": [9.5, -0.0006, 11.50272],
			"to": [14.5, 1.2494, 12.49728],
			"rotation": {"angle": -45, "axis": "y", "origin": [12, 0.4994, 12]},
			"faces": {
				"east": {"uv": [0, 0, 0.99456, 1.25], "texture": "#2"},
				"west": {"uv": [0, 0, 0.99456, 1.25], "texture": "#2"},
				"up": {"uv": [0, 0, 5, 0.99456], "texture": "#2"}
			}
		},
		{
			"name": "hexadecagon",
			"from": [9.5, -0.0006, 11.50272],
			"to": [14.5, 1.2494, 12.49728],
			"rotation": {"angle": -22.5, "axis": "y", "origin": [12, 0.4994, 12]},
			"faces": {
				"east": {"uv": [0, 0, 0.99456, 1.25], "texture": "#2"},
				"west": {"uv": [0, 0, 0.99456, 1.25], "texture": "#2"},
				"up": {"uv": [0, 0, 5, 0.99456], "texture": "#2"}
			}
		},
		{
			"name": "hexadecagon",
			"from": [9.5, -0.0006, 11.50272],
			"to": [14.5, 1.2494, 12.49728],
			"rotation": {"angle": 0, "axis": "y", "origin": [12, 0.4994, 12]},
			"faces": {
				"east": {"uv": [0, 0, 0.99456, 1.25], "texture": "#2"},
				"west": {"uv": [0, 0, 0.99456, 1.25], "texture": "#2"},
				"up": {"uv": [0, 0, 5, 0.99456], "texture": "#2"}
			}
		},
		{
			"name": "hexadecagon",
			"from": [9.5, -0.0006, 11.50272],
			"to": [14.5, 1.2494, 12.49728],
			"rotation": {"angle": 22.5, "axis": "y", "origin": [12, 0.4994, 12]},
			"faces": {
				"east": {"uv": [0, 0, 0.99456, 1.25], "texture": "#2"},
				"west": {"uv": [0, 0, 0.99456, 1.25], "texture": "#2"},
				"up": {"uv": [0, 0, 5, 0.99456], "texture": "#2"}
			}
		},
		{
			"name": "hexadecagon",
			"from": [9.5, -0.0006, 11.50272],
			"to": [14.5, 1.2494, 12.49728],
			"rotation": {"angle": 45, "axis": "y", "origin": [12, 0.4994, 12]},
			"faces": {
				"east": {"uv": [0, 0, 0.99456, 1.25], "texture": "#2"},
				"west": {"uv": [0, 0, 0.99456, 1.25], "texture": "#2"},
				"up": {"uv": [0, 0, 5, 0.99456], "texture": "#2"}
			}
		},
		{
			"name": "hexadecagon",
			"from": [11.50272, -0.0006, 9.5],
			"to": [12.49728, 1.2494, 14.5],
			"rotation": {"angle": -22.5, "axis": "y", "origin": [12, 0.4994, 12]},
			"faces": {
				"north": {"uv": [0, 0, 0.99456, 1.25], "texture": "#2"},
				"south": {"uv": [0, 0, 0.99456, 1.25], "texture": "#2"},
				"up": {"uv": [0, 0, 0.99456, 5], "texture": "#2"}
			}
		},
		{
			"name": "hexadecagon",
			"from": [11.50272, -0.0006, 9.5],
			"to": [12.49728, 1.2494, 14.5],
			"rotation": {"angle": 0, "axis": "y", "origin": [12, 0.4994, 12]},
			"faces": {
				"north": {"uv": [0, 0, 0.99456, 1.25], "texture": "#2"},
				"south": {"uv": [0, 0, 0.99456, 1.25], "texture": "#2"},
				"up": {"uv": [0, 0, 0.99456, 5], "texture": "#2"}
			}
		},
		{
			"name": "hexadecagon",
			"from": [11.50272, -0.0006, 9.5],
			"to": [12.49728, 1.2494, 14.5],
			"rotation": {"angle": 22.5, "axis": "y", "origin": [12, 0.4994, 12]},
			"faces": {
				"north": {"uv": [0, 0, 0.99456, 1.25], "texture": "#2"},
				"south": {"uv": [0, 0, 0.99456, 1.25], "texture": "#2"},
				"up": {"uv": [0, 0, 0.99456, 5], "texture": "#2"}
			}
		}
	],
	"display": {
		"thirdperson_righthand": {
			"rotation": [75, 45, 0],
			"translation": [0, 2.5, 0],
			"scale": [0.375, 0.375, 0.375]
		},
		"thirdperson_lefthand": {
			"rotation": [75, 45, 0],
			"translation": [0, 2.5, 0],
			"scale": [-0.375, 0.375, 0.375]
		},
		"firstperson_righthand": {
			"rotation": [0, 45, 0],
			"scale": [0.4, 0.4, 0.4]
		},
		"firstperson_lefthand": {
			"rotation": [0, 225, 0],
			"scale": [0.4, 0.4, 0.4]
		},
		"ground": {
			"translation": [0, 3, 0],
			"scale": [0.25, 0.25, 0.25]
		},
		"gui": {
			"rotation": [30, 135, 0],
			"scale": [0.625, 0.625, 0.625]
		},
		"fixed": {
			"scale": [0.5, 0.5, 0.5]
		}
	},
	"groups": [
		{
			"name": "group",
			"origin": [4, 3.0912, 4],
			"color": 0,
			"children": [0, 1, 2, 3, 4, 5, 6, 7, 8]
		},
		{
			"name": "group",
			"origin": [4, 3.0912, 4],
			"color": 0,
			"children": [9, 10, 11, 12, 13, 14, 15, 16, 17]
		}
	]
}