{
	"credit": "AlexTestria | https://alex-bauerndistel.de",
	"textures": {
		"1": "brickcraft/material/plastics/texture/birch_leaves01",
		"3": "brickcraft/material/plastics/texture/birch_log01",
		"4": "brickcraft/material/plastics/texture/black_wool01",
		"particle": "brickcraft/material/plastics/texture/birch_leaves01"
	},
	"elements": [
		{
			"from": [4.25, 8, 4.25],
			"to": [11.75, 10.666, 19.25],
			"rotation": {"angle": 0, "axis": "y", "origin": [11.75, 10.312, 11.75]},
			"faces": {
				"east": {"uv": [1, 0, 13, 2.666], "texture": "#1"},
				"south": {"uv": [1, 0, 7, 2.666], "texture": "#1"},
				"west": {"uv": [1, 0, 13, 2.666], "texture": "#1"},
				"up": {"uv": [1, 1, 7, 13], "texture": "#1"},
				"down": {"uv": [1, 1, 7, 13], "texture": "#1"}
			}
		},
		{
			"from": [4.25, 8, 4.25],
			"to": [19.25, 10.666, 11.75],
			"rotation": {"angle": 0, "axis": "y", "origin": [11.75, 10.312, 11.75]},
			"faces": {
				"north": {"uv": [1, 0, 13, 2.666], "texture": "#1"},
				"east": {"uv": [1, 0, 7, 2.666], "texture": "#1"},
				"south": {"uv": [1, 0, 13, 2.666], "texture": "#1"},
				"up": {"uv": [1, 1, 13, 7], "texture": "#1"},
				"down": {"uv": [1, 7, 13, 13], "texture": "#1"}
			}
		},
		{
			"from": [5.87958, 10.666, 11.43574],
			"to": [7.8212, 11.916, 16.12324],
			"rotation": {"angle": 22.5, "axis": "y", "origin": [11.75, 10.312, 11.75]},
			"faces": {
				"north": {"uv": [1, 0, 2.5533, 1.25], "texture": "#1"},
				"south": {"uv": [1, 0, 2.5533, 1.25], "texture": "#1"},
				"up": {"uv": [1, 1, 2.5533, 4.75], "texture": "#1"}
			}
		},
		{
			"from": [8.7497, 10.666, 14.30586],
			"to": [10.69133, 11.916, 18.99336],
			"rotation": {"angle": -22.5, "axis": "y", "origin": [11.75, 10.312, 11.75]},
			"faces": {
				"north": {"uv": [1, 0, 2.5533, 1.25], "texture": "#1"},
				"south": {"uv": [1, 0, 2.5533, 1.25], "texture": "#1"},
				"up": {"uv": [1, 1, 2.5533, 4.75], "texture": "#1"}
			}
		},
		{
			"from": [4.50664, 10.666, 12.80867],
			"to": [9.19414, 11.916, 14.7503],
			"rotation": {"angle": 22.5, "axis": "y", "origin": [11.75, 10.312, 11.75]},
			"faces": {
				"east": {"uv": [1, 0, 2.5533, 1.25], "texture": "#1"},
				"west": {"uv": [1, 0, 2.5533, 1.25], "texture": "#1"},
				"up": {"uv": [1, 1, 4.75, 2.5533], "texture": "#1"}
			}
		},
		{
			"from": [7.37676, 10.666, 15.6788],
			"to": [12.06426, 11.916, 17.62042],
			"rotation": {"angle": -22.5, "axis": "y", "origin": [11.75, 10.312, 11.75]},
			"faces": {
				"east": {"uv": [1, 0, 2.5533, 1.25], "texture": "#1"},
				"west": {"uv": [1, 0, 2.5533, 1.25], "texture": "#1"},
				"up": {"uv": [1, 1, 4.75, 2.5533], "texture": "#1"}
			}
		},
		{
			"from": [15.6788, 10.666, 7.37676],
			"to": [17.62042, 11.916, 12.06426],
			"rotation": {"angle": 22.5, "axis": "y", "origin": [11.75, 10.312, 11.75]},
			"faces": {
				"north": {"uv": [1, 0, 2.5533, 1.25], "texture": "#1"},
				"south": {"uv": [1, 0, 2.5533, 1.25], "texture": "#1"},
				"up": {"uv": [1, 1, 2.5533, 4.75], "texture": "#1"}
			}
		},
		{
			"from": [12.80867, 10.666, 4.50664],
			"to": [14.7503, 11.916, 9.19414],
			"rotation": {"angle": -22.5, "axis": "y", "origin": [11.75, 10.312, 11.75]},
			"faces": {
				"north": {"uv": [1, 0, 2.5533, 1.25], "texture": "#1"},
				"south": {"uv": [1, 0, 2.5533, 1.25], "texture": "#1"},
				"up": {"uv": [1, 1, 2.5533, 4.75], "texture": "#1"}
			}
		},
		{
			"from": [14.30586, 10.666, 8.7497],
			"to": [18.99336, 11.916, 10.69133],
			"rotation": {"angle": 22.5, "axis": "y", "origin": [11.75, 10.312, 11.75]},
			"faces": {
				"east": {"uv": [1, 0, 2.5533, 1.25], "texture": "#1"},
				"west": {"uv": [1, 0, 2.5533, 1.25], "texture": "#1"},
				"up": {"uv": [1, 1, 4.75, 2.5533], "texture": "#1"}
			}
		},
		{
			"from": [11.43574, 10.666, 5.87958],
			"to": [16.12324, 11.916, 7.8212],
			"rotation": {"angle": -22.5, "axis": "y", "origin": [11.75, 10.312, 11.75]},
			"faces": {
				"east": {"uv": [1, 0, 2.5533, 1.25], "texture": "#1"},
				"west": {"uv": [1, 0, 2.5533, 1.25], "texture": "#1"},
				"up": {"uv": [1, 1, 4.75, 2.5533], "texture": "#1"}
			}
		},
		{
			"from": [7.20435, 1.6668, 4],
			"to": [8.79565, 2.6668, 12],
			"rotation": {"angle": -45, "axis": "y", "origin": [8, 2.15, 8]},
			"faces": {
				"north": {"uv": [1, 0, 2.5913, 1], "texture": "#3"},
				"south": {"uv": [1, 0, 2.5913, 1], "texture": "#3"},
				"up": {"uv": [1, 1, 2.5913, 9], "texture": "#3"},
				"down": {"uv": [1, 1, 2.5913, 9], "texture": "#3"}
			}
		},
		{
			"from": [7.20435, 1.6668, 4],
			"to": [8.79565, 2.6668, 12],
			"rotation": {"angle": -22.5, "axis": "y", "origin": [8, 2.15, 8]},
			"faces": {
				"north": {"uv": [1, 0, 2.5913, 1], "texture": "#3"},
				"south": {"uv": [1, 0, 2.5913, 1], "texture": "#3"},
				"up": {"uv": [1, 1, 2.5913, 9], "texture": "#3"},
				"down": {"uv": [1, 1, 2.5913, 9], "texture": "#3"}
			}
		},
		{
			"from": [7.20435, 1.6668, 4],
			"to": [8.79565, 2.6668, 12],
			"rotation": {"angle": 0, "axis": "y", "origin": [8, 2.15, 8]},
			"faces": {
				"north": {"uv": [1, 0, 2.5913, 1], "texture": "#3"},
				"south": {"uv": [1, 0, 2.5913, 1], "texture": "#3"},
				"up": {"uv": [1, 1, 2.5913, 9], "texture": "#3"},
				"down": {"uv": [1, 1, 2.5913, 9], "texture": "#3"}
			}
		},
		{
			"from": [7.20435, 1.6668, 4],
			"to": [8.79565, 2.6668, 12],
			"rotation": {"angle": 22.5, "axis": "y", "origin": [8, 2.15, 8]},
			"faces": {
				"north": {"uv": [1, 0, 2.5913, 1], "texture": "#3"},
				"south": {"uv": [1, 0, 2.5913, 1], "texture": "#3"},
				"up": {"uv": [1, 1, 2.5913, 9], "texture": "#3"},
				"down": {"uv": [1, 1, 2.5913, 9], "texture": "#3"}
			}
		},
		{
			"from": [7.20435, 1.6668, 4],
			"to": [8.79565, 2.6668, 12],
			"rotation": {"angle": 45, "axis": "y", "origin": [8, 2.15, 8]},
			"faces": {
				"north": {"uv": [1, 0, 2.5913, 1], "texture": "#3"},
				"south": {"uv": [1, 0, 2.5913, 1], "texture": "#3"},
				"up": {"uv": [1, 1, 2.5913, 9], "texture": "#3"},
				"down": {"uv": [1, 1, 2.5913, 9], "texture": "#3"}
			}
		},
		{
			"from": [4, 1.6668, 7.20435],
			"to": [12, 2.6668, 8.79565],
			"rotation": {"angle": -22.5, "axis": "y", "origin": [8, 2.15, 8]},
			"faces": {
				"east": {"uv": [1, 0, 2.5913, 1], "texture": "#3"},
				"west": {"uv": [1, 0, 2.5913, 1], "texture": "#3"},
				"up": {"uv": [1, 1, 9, 2.5913], "texture": "#3"},
				"down": {"uv": [1, 1, 9, 2.5913], "texture": "#3"}
			}
		},
		{
			"from": [4, 1.6668, 7.20435],
			"to": [12, 2.6668, 8.79565],
			"rotation": {"angle": 0, "axis": "y", "origin": [8, 2.15, 8]},
			"faces": {
				"east": {"uv": [1, 0, 2.5913, 1], "texture": "#3"},
				"west": {"uv": [1, 0, 2.5913, 1], "texture": "#3"},
				"up": {"uv": [1, 1, 9, 2.5913], "texture": "#3"},
				"down": {"uv": [1, 1, 9, 2.5913], "texture": "#3"}
			}
		},
		{
			"from": [4, 1.6668, 7.20435],
			"to": [12, 2.6668, 8.79565],
			"rotation": {"angle": 22.5, "axis": "y", "origin": [8, 2.15, 8]},
			"faces": {
				"east": {"uv": [1, 0, 2.5913, 1], "texture": "#3"},
				"west": {"uv": [1, 0, 2.5913, 1], "texture": "#3"},
				"up": {"uv": [1, 1, 9, 2.5913], "texture": "#3"},
				"down": {"uv": [1, 1, 9, 2.5913], "texture": "#3"}
			}
		},
		{
			"from": [7.35353, 0, 4.75],
			"to": [8.64647, 7, 11.25],
			"rotation": {"angle": -45, "axis": "y", "origin": [8, 0.5, 8]},
			"faces": {
				"north": {"uv": [1, 9, 2.29294, 16], "texture": "#3"},
				"south": {"uv": [1, 9, 2.29294, 16], "texture": "#3"},
				"down": {"uv": [1, 1, 2.29293, 7.5], "texture": "#3", "cullface": "down"}
			}
		},
		{
			"from": [7.35353, 0, 4.75],
			"to": [8.64647, 7, 11.25],
			"rotation": {"angle": -22.5, "axis": "y", "origin": [8, 0.5, 8]},
			"faces": {
				"north": {"uv": [1, 9, 2.29294, 16], "texture": "#3"},
				"south": {"uv": [1, 9, 2.29294, 16], "texture": "#3"},
				"down": {"uv": [1, 1, 2.29293, 7.5], "texture": "#3", "cullface": "down"}
			}
		},
		{
			"from": [7.35353, 0, 4.75],
			"to": [8.64647, 7, 11.25],
			"rotation": {"angle": 0, "axis": "y", "origin": [8, 0.5, 8]},
			"faces": {
				"north": {"uv": [1, 9, 2.29294, 16], "texture": "#3"},
				"south": {"uv": [1, 9, 2.29294, 16], "texture": "#3"},
				"down": {"uv": [1, 1, 2.29293, 7.5], "texture": "#3", "cullface": "down"}
			}
		},
		{
			"from": [7.35353, 0, 4.75],
			"to": [8.64647, 7, 11.25],
			"rotation": {"angle": 22.5, "axis": "y", "origin": [8, 0.5, 8]},
			"faces": {
				"north": {"uv": [1, 9, 2.29294, 16], "texture": "#3"},
				"south": {"uv": [1, 9, 2.29294, 16], "texture": "#3"},
				"down": {"uv": [1, 1, 2.29293, 7.5], "texture": "#3", "cullface": "down"}
			}
		},
		{
			"from": [7.35353, 0, 4.75],
			"to": [8.64647, 7, 11.25],
			"rotation": {"angle": 45, "axis": "y", "origin": [8, 0.5, 8]},
			"faces": {
				"north": {"uv": [1, 9, 2.29294, 16], "texture": "#3"},
				"south": {"uv": [1, 9, 2.29294, 16], "texture": "#3"},
				"down": {"uv": [1, 1, 2.29293, 7.5], "texture": "#3", "cullface": "down"}
			}
		},
		{
			"from": [4.75, 0, 7.35353],
			"to": [11.25, 7, 8.64647],
			"rotation": {"angle": -22.5, "axis": "y", "origin": [8, 0.5, 8]},
			"faces": {
				"east": {"uv": [1, 9, 2.29294, 16], "texture": "#3"},
				"west": {"uv": [1, 9, 2.29294, 16], "texture": "#3"},
				"down": {"uv": [1, 1, 7.5, 2.29293], "texture": "#3", "cullface": "down"}
			}
		},
		{
			"from": [4.75, 0, 7.35353],
			"to": [11.25, 7, 8.64647],
			"rotation": {"angle": 0, "axis": "y", "origin": [8, 0.5, 8]},
			"faces": {
				"east": {"uv": [1, 9, 2.29294, 16], "texture": "#3"},
				"west": {"uv": [1, 9, 2.29294, 16], "texture": "#3"},
				"down": {"uv": [1, 1, 7.5, 2.29293], "texture": "#3", "cullface": "down"}
			}
		},
		{
			"from": [4.75, 0, 7.35353],
			"to": [11.25, 7, 8.64647],
			"rotation": {"angle": 22.5, "axis": "y", "origin": [8, 0.5, 8]},
			"faces": {
				"east": {"uv": [1, 9, 2.29294, 16], "texture": "#3"},
				"west": {"uv": [1, 9, 2.29294, 16], "texture": "#3"},
				"down": {"uv": [1, 1, 7.5, 2.29294], "texture": "#3", "cullface": "down"}
			}
		},
		{
			"from": [7.34707, 2.625, 4.7175],
			"to": [8.65293, 4.375, 11.2825],
			"rotation": {"angle": -45, "axis": "y", "origin": [8, 3.125, 8]},
			"faces": {
				"north": {"uv": [1, 14.25, 2.29294, 16], "texture": "#4"},
				"south": {"uv": [1, 14.25, 2.29294, 16], "texture": "#4"}
			}
		},
		{
			"from": [7.34707, 2.625, 4.7175],
			"to": [8.65293, 4.375, 11.2825],
			"rotation": {"angle": -22.5, "axis": "y", "origin": [8, 3.125, 8]},
			"faces": {
				"north": {"uv": [1, 14.25, 2.29294, 16], "texture": "#4"},
				"south": {"uv": [1, 14.25, 2.29294, 16], "texture": "#4"}
			}
		},
		{
			"from": [7.34707, 2.625, 4.7175],
			"to": [8.65293, 4.375, 11.2825],
			"rotation": {"angle": 0, "axis": "y", "origin": [8, 3.125, 8]},
			"faces": {
				"north": {"uv": [1, 14.25, 2.29294, 16], "texture": "#4"},
				"south": {"uv": [1, 14.25, 2.29294, 16], "texture": "#4"}
			}
		},
		{
			"from": [7.34707, 2.625, 4.7175],
			"to": [8.65293, 4.375, 11.2825],
			"rotation": {"angle": 22.5, "axis": "y", "origin": [8, 3.125, 8]},
			"faces": {
				"north": {"uv": [1, 14.25, 2.29294, 16], "texture": "#4"},
				"south": {"uv": [1, 14.25, 2.29294, 16], "texture": "#4"}
			}
		},
		{
			"from": [7.34707, 2.625, 4.7175],
			"to": [8.65293, 4.375, 11.2825],
			"rotation": {"angle": 45, "axis": "y", "origin": [8, 3.125, 8]},
			"faces": {
				"north": {"uv": [1, 14.25, 2.29294, 16], "texture": "#4"},
				"south": {"uv": [1, 14.25, 2.29294, 16], "texture": "#4"}
			}
		},
		{
			"from": [4.7175, 2.625, 7.34707],
			"to": [11.2825, 4.375, 8.65293],
			"rotation": {"angle": -22.5, "axis": "y", "origin": [8, 3.125, 8]},
			"faces": {
				"east": {"uv": [1, 14.25, 2.29294, 16], "texture": "#4"},
				"west": {"uv": [1, 14.25, 2.29294, 16], "texture": "#4"}
			}
		},
		{
			"from": [4.7175, 2.625, 7.34707],
			"to": [11.2825, 4.375, 8.65293],
			"rotation": {"angle": 0, "axis": "y", "origin": [8, 3.125, 8]},
			"faces": {
				"east": {"uv": [1, 14.25, 2.29294, 16], "texture": "#4"},
				"west": {"uv": [1, 14.25, 2.29294, 16], "texture": "#4"}
			}
		},
		{
			"from": [4.7175, 2.625, 7.34707],
			"to": [11.2825, 4.375, 8.65293],
			"rotation": {"angle": 22.5, "axis": "y", "origin": [8, 3.125, 8]},
			"faces": {
				"east": {"uv": [1, 14.25, 2.29294, 16], "texture": "#4"},
				"west": {"uv": [1, 14.25, 2.29294, 16], "texture": "#4"}
			}
		},
		{
			"from": [7.20435, 4.333, 4],
			"to": [8.79565, 5.333, 12],
			"rotation": {"angle": -45, "axis": "y", "origin": [8, 5.4, 8]},
			"faces": {
				"north": {"uv": [1, 0, 2.5913, 1], "texture": "#4"},
				"south": {"uv": [1, 0, 2.5913, 1], "texture": "#4"},
				"up": {"uv": [1, 1, 2.5913, 9], "texture": "#4"},
				"down": {"uv": [1, 1, 2.5913, 9], "texture": "#4"}
			}
		},
		{
			"from": [7.20435, 4.333, 4],
			"to": [8.79565, 5.333, 12],
			"rotation": {"angle": -22.5, "axis": "y", "origin": [8, 5.4, 8]},
			"faces": {
				"north": {"uv": [1, 0, 2.5913, 1], "texture": "#4"},
				"south": {"uv": [1, 0, 2.5913, 1], "texture": "#4"},
				"up": {"uv": [1, 1, 2.5913, 9], "texture": "#4"},
				"down": {"uv": [1, 1, 2.5913, 9], "texture": "#4"}
			}
		},
		{
			"from": [7.20435, 4.333, 4],
			"to": [8.79565, 5.333, 12],
			"rotation": {"angle": 0, "axis": "y", "origin": [8, 5.4, 8]},
			"faces": {
				"north": {"uv": [1, 0, 2.5913, 1], "texture": "#4"},
				"south": {"uv": [1, 0, 2.5913, 1], "texture": "#4"},
				"up": {"uv": [1, 1, 2.5913, 9], "texture": "#4"},
				"down": {"uv": [1, 1, 2.5913, 9], "texture": "#4"}
			}
		},
		{
			"from": [7.20435, 4.333, 4],
			"to": [8.79565, 5.333, 12],
			"rotation": {"angle": 22.5, "axis": "y", "origin": [8, 5.4, 8]},
			"faces": {
				"north": {"uv": [1, 0, 2.5913, 1], "texture": "#4"},
				"south": {"uv": [1, 0, 2.5913, 1], "texture": "#4"},
				"up": {"uv": [1, 1, 2.5913, 9], "texture": "#4"},
				"down": {"uv": [1, 1, 2.5913, 9], "texture": "#4"}
			}
		},
		{
			"from": [7.20435, 4.333, 4],
			"to": [8.79565, 5.333, 12],
			"rotation": {"angle": 45, "axis": "y", "origin": [8, 5.4, 8]},
			"faces": {
				"north": {"uv": [1, 0, 2.5913, 1], "texture": "#4"},
				"south": {"uv": [1, 0, 2.5913, 1], "texture": "#4"},
				"up": {"uv": [1, 1, 2.5913, 9], "texture": "#4"},
				"down": {"uv": [1, 1, 2.5913, 9], "texture": "#4"}
			}
		},
		{
			"from": [4, 4.333, 7.20435],
			"to": [12, 5.333, 8.79565],
			"rotation": {"angle": -22.5, "axis": "y", "origin": [8, 5.4, 8]},
			"faces": {
				"east": {"uv": [1, 0, 2.5913, 1], "texture": "#4"},
				"west": {"uv": [1, 0, 2.5913, 1], "texture": "#4"},
				"up": {"uv": [1, 1, 9, 2.5913], "texture": "#4"},
				"down": {"uv": [1, 1, 9, 2.5913], "texture": "#4"}
			}
		},
		{
			"from": [4, 4.333, 7.20435],
			"to": [12, 5.333, 8.79565],
			"rotation": {"angle": 0, "axis": "y", "origin": [8, 5.4, 8]},
			"faces": {
				"east": {"uv": [1, 0, 2.5913, 1], "texture": "#4"},
				"west": {"uv": [1, 0, 2.5913, 1], "texture": "#4"},
				"up": {"uv": [1, 1, 9, 2.5913], "texture": "#4"},
				"down": {"uv": [1, 1, 9, 2.5913], "texture": "#4"}
			}
		},
		{
			"from": [4, 4.333, 7.20435],
			"to": [12, 5.333, 8.79565],
			"rotation": {"angle": 22.5, "axis": "y", "origin": [8, 5.4, 8]},
			"faces": {
				"east": {"uv": [1, 0, 2.5913, 1], "texture": "#4"},
				"west": {"uv": [1, 0, 2.5913, 1], "texture": "#4"},
				"up": {"uv": [1, 1, 9, 2.5913], "texture": "#4"},
				"down": {"uv": [1, 1, 9, 2.5913], "texture": "#4"}
			}
		},
		{
			"from": [7.20435, 7, 4],
			"to": [8.79565, 8, 12],
			"rotation": {"angle": -45, "axis": "y", "origin": [8, 5.4, 8]},
			"faces": {
				"north": {"uv": [1, 0, 2.5913, 1], "texture": "#3"},
				"south": {"uv": [1, 0, 2.5913, 1], "texture": "#3"},
				"down": {"uv": [1, 1, 2.5913, 9], "texture": "#3"}
			}
		},
		{
			"from": [7.20435, 7, 4],
			"to": [8.79565, 8, 12],
			"rotation": {"angle": -22.5, "axis": "y", "origin": [8, 5.4, 8]},
			"faces": {
				"north": {"uv": [1, 0, 2.5913, 1], "texture": "#3"},
				"south": {"uv": [1, 0, 2.5913, 1], "texture": "#3"},
				"up": {"uv": [1, 1, 2.5913, 9], "texture": "#3"},
				"down": {"uv": [1, 1, 2.5913, 9], "texture": "#3"}
			}
		},
		{
			"from": [7.20435, 7, 4],
			"to": [8.79565, 8, 12],
			"rotation": {"angle": 0, "axis": "y", "origin": [8, 5.4, 8]},
			"faces": {
				"north": {"uv": [1, 0, 2.5913, 1], "texture": "#3"},
				"south": {"uv": [1, 0, 2.5913, 1], "texture": "#3"},
				"up": {"uv": [1, 1, 2.5913, 9], "texture": "#3"},
				"down": {"uv": [1, 1, 2.5913, 9], "texture": "#3"}
			}
		},
		{
			"from": [7.20435, 7, 4],
			"to": [8.79565, 8, 12],
			"rotation": {"angle": 22.5, "axis": "y", "origin": [8, 5.4, 8]},
			"faces": {
				"north": {"uv": [1, 0, 2.5913, 1], "texture": "#3"},
				"south": {"uv": [1, 0, 2.5913, 1], "texture": "#3"},
				"up": {"uv": [1, 1, 2.5913, 9], "texture": "#3"},
				"down": {"uv": [1, 1, 2.5913, 9], "texture": "#3"}
			}
		},
		{
			"from": [7.20435, 7, 4],
			"to": [8.79565, 8, 12],
			"rotation": {"angle": 45, "axis": "y", "origin": [8, 5.4, 8]},
			"faces": {
				"north": {"uv": [1, 0, 2.5913, 1], "texture": "#3"},
				"south": {"uv": [1, 0, 2.5913, 1], "texture": "#3"},
				"down": {"uv": [1, 1, 2.5913, 9], "texture": "#3"}
			}
		},
		{
			"from": [4, 7, 7.20435],
			"to": [12, 8, 8.79565],
			"rotation": {"angle": -22.5, "axis": "y", "origin": [8, 5.4, 8]},
			"faces": {
				"east": {"uv": [1, 0, 2.5913, 1], "texture": "#3"},
				"west": {"uv": [1, 0, 2.5913, 1], "texture": "#3"},
				"up": {"uv": [1, 1, 9, 2.5913], "texture": "#3"},
				"down": {"uv": [1, 1, 9, 2.5913], "texture": "#3"}
			}
		},
		{
			"from": [4, 7, 7.20435],
			"to": [12, 8, 8.79565],
			"rotation": {"angle": 0, "axis": "y", "origin": [8, 5.4, 8]},
			"faces": {
				"east": {"uv": [1, 0, 2.5913, 1], "texture": "#3"},
				"west": {"uv": [1, 0, 2.5913, 1], "texture": "#3"},
				"up": {"uv": [1, 1, 9, 2.5913], "texture": "#3"},
				"down": {"uv": [1, 1, 9, 2.5913], "texture": "#3"}
			}
		},
		{
			"from": [4, 7, 7.20435],
			"to": [12, 8, 8.79565],
			"rotation": {"angle": 22.5, "axis": "y", "origin": [8, 5.4, 8]},
			"faces": {
				"east": {"uv": [1, 0, 2.5913, 1], "texture": "#3"},
				"west": {"uv": [1, 0, 2.5913, 1], "texture": "#3"},
				"up": {"uv": [1, 1, 9, 2.5913], "texture": "#3"},
				"down": {"uv": [1, 1, 9, 2.5913], "texture": "#3"}
			}
		},
		{
			"from": [3.25, 10.666, -1.5],
			"to": [10.75, 13.332, 13.5],
			"rotation": {"angle": 22.5, "axis": "y", "origin": [3.25, 13.062, 6]},
			"faces": {
				"north": {"uv": [1, 0, 7, 2.666], "texture": "#1"},
				"east": {"uv": [1, 0, 13, 2.666], "texture": "#1"},
				"west": {"uv": [1, 0, 13, 2.666], "texture": "#1"},
				"up": {"uv": [1, 1, 7, 13], "rotation": 180, "texture": "#1"},
				"down": {"uv": [1, 1, 7, 13], "rotation": 180, "texture": "#1"}
			}
		},
		{
			"from": [-4.25, 10.666, 6],
			"to": [10.75, 13.332, 13.5],
			"rotation": {"angle": 22.5, "axis": "y", "origin": [3.25, 13.062, 6]},
			"faces": {
				"north": {"uv": [1, 0, 13, 2.666], "texture": "#1"},
				"south": {"uv": [1, 0, 13, 2.666], "texture": "#1"},
				"west": {"uv": [1, 0, 7, 2.666], "texture": "#1"},
				"up": {"uv": [1, 1, 13, 7], "rotation": 180, "texture": "#1"},
				"down": {"uv": [1, 7, 13, 13], "rotation": 180, "texture": "#1"}
			}
		},
		{
			"from": [7.1788, 13.332, 1.62676],
			"to": [9.12042, 14.582, 6.31426],
			"rotation": {"angle": 45, "axis": "y", "origin": [3.25, 13.062, 6]},
			"faces": {
				"north": {"uv": [1, 0, 2.5533, 1.25], "texture": "#1"},
				"south": {"uv": [1, 0, 2.5533, 1.25], "texture": "#1"},
				"up": {"uv": [1, 1, 2.5533, 4.75], "rotation": 180, "texture": "#1"}
			}
		},
		{
			"from": [4.30867, 13.332, -1.24336],
			"to": [6.2503, 14.582, 3.44414],
			"rotation": {"angle": 0, "axis": "y", "origin": [3.25, 13.062, 6]},
			"faces": {
				"north": {"uv": [1, 0, 2.5533, 1.25], "texture": "#1"},
				"south": {"uv": [1, 0, 2.5533, 1.25], "texture": "#1"},
				"up": {"uv": [1, 1, 2.5533, 4.75], "rotation": 180, "texture": "#1"}
			}
		},
		{
			"from": [5.80586, 13.332, 2.9997],
			"to": [10.49336, 14.582, 4.94133],
			"rotation": {"angle": 45, "axis": "y", "origin": [3.25, 13.062, 6]},
			"faces": {
				"east": {"uv": [1, 0, 2.5533, 1.25], "texture": "#1"},
				"west": {"uv": [1, 0, 2.5533, 1.25], "texture": "#1"},
				"up": {"uv": [1, 1, 4.75, 2.5533], "rotation": 180, "texture": "#1"}
			}
		},
		{
			"from": [2.93574, 13.332, 0.12958],
			"to": [7.62324, 14.582, 2.0712],
			"rotation": {"angle": 0, "axis": "y", "origin": [3.25, 13.062, 6]},
			"faces": {
				"east": {"uv": [1, 0, 2.5533, 1.25], "texture": "#1"},
				"west": {"uv": [1, 0, 2.5533, 1.25], "texture": "#1"},
				"up": {"uv": [1, 1, 4.75, 2.5533], "rotation": 180, "texture": "#1"}
			}
		},
		{
			"from": [-2.62042, 13.332, 5.68574],
			"to": [-0.6788, 14.582, 10.37324],
			"rotation": {"angle": 45, "axis": "y", "origin": [3.25, 13.062, 6]},
			"faces": {
				"north": {"uv": [1, 0, 2.5533, 1.25], "texture": "#1"},
				"south": {"uv": [1, 0, 2.5533, 1.25], "texture": "#1"},
				"up": {"uv": [1, 1, 2.5533, 4.75], "rotation": 180, "texture": "#1"}
			}
		},
		{
			"from": [0.2497, 13.332, 8.55586],
			"to": [2.19133, 14.582, 13.24336],
			"rotation": {"angle": 0, "axis": "y", "origin": [3.25, 13.062, 6]},
			"faces": {
				"north": {"uv": [1, 0, 2.5533, 1.25], "texture": "#1"},
				"south": {"uv": [1, 0, 2.5533, 1.25], "texture": "#1"},
				"up": {"uv": [1, 1, 2.5533, 4.75], "rotation": 180, "texture": "#1"}
			}
		},
		{
			"from": [-3.99336, 13.332, 7.05867],
			"to": [0.69414, 14.582, 9.0003],
			"rotation": {"angle": 45, "axis": "y", "origin": [3.25, 13.062, 6]},
			"faces": {
				"east": {"uv": [1, 0, 2.5533, 1.25], "texture": "#1"},
				"west": {"uv": [1, 0, 2.5533, 1.25], "texture": "#1"},
				"up": {"uv": [1, 1, 4.75, 2.5533], "rotation": 180, "texture": "#1"}
			}
		},
		{
			"from": [-1.12324, 13.332, 9.9288],
			"to": [3.56426, 14.582, 11.87042],
			"rotation": {"angle": 0, "axis": "y", "origin": [3.25, 13.062, 6]},
			"faces": {
				"east": {"uv": [1, 0, 2.5533, 1.25], "texture": "#1"},
				"west": {"uv": [1, 0, 2.5533, 1.25], "texture": "#1"},
				"up": {"uv": [1, 1, 4.75, 2.5533], "rotation": 180, "texture": "#1"}
			}
		},
		{
			"from": [5.80251, 13.332, 1.71848],
			"to": [13.30251, 15.998, 16.71848],
			"rotation": {"angle": 45, "axis": "y", "origin": [11.97668, 15.644, 8.6693]},
			"faces": {
				"east": {"uv": [1, 0, 13, 2.666], "texture": "#1"},
				"south": {"uv": [1, 0, 7, 2.666], "texture": "#1"},
				"west": {"uv": [1, 0, 13, 2.666], "texture": "#1"},
				"up": {"uv": [1, 1, 7, 13], "texture": "#1"},
				"down": {"uv": [1, 1, 7, 13], "texture": "#1"}
			}
		},
		{
			"from": [5.80251, 13.332, 1.71848],
			"to": [20.80251, 15.998, 9.21848],
			"rotation": {"angle": 45, "axis": "y", "origin": [11.97668, 15.644, 8.6693]},
			"faces": {
				"north": {"uv": [1, 0, 13, 2.666], "texture": "#1"},
				"east": {"uv": [1, 0, 7, 2.666], "texture": "#1"},
				"south": {"uv": [1, 0, 13, 2.666], "texture": "#1"},
				"up": {"uv": [1, 1, 13, 7], "texture": "#1"},
				"down": {"uv": [1, 7, 13, 13], "texture": "#1"}
			}
		},
		{
			"from": [12.67716, 15.998, 11.58336],
			"to": [17.36466, 17.248, 13.52498],
			"rotation": {"angle": -22.5, "axis": "y", "origin": [11.97668, 15.644, 8.6693]},
			"faces": {
				"east": {"uv": [1, 0, 2.5533, 1.25], "texture": "#1"},
				"west": {"uv": [1, 0, 2.5533, 1.25], "texture": "#1"},
				"up": {"uv": [1, 1, 2.5533, 4.75], "rotation": 270, "texture": "#1"}
			}
		},
		{
			"from": [10.41144, 15.998, 11.22516],
			"to": [12.35307, 17.248, 15.91266],
			"rotation": {"angle": 22.5, "axis": "y", "origin": [11.97668, 15.644, 8.6693]},
			"faces": {
				"north": {"uv": [1, 0, 2.5533, 1.25], "texture": "#1"},
				"south": {"uv": [1, 0, 2.5533, 1.25], "texture": "#1"},
				"up": {"uv": [1, 1, 2.5533, 4.75], "texture": "#1"}
			}
		},
		{
			"from": [14.0501, 15.998, 10.21042],
			"to": [15.99172, 17.248, 14.89792],
			"rotation": {"angle": -22.5, "axis": "y", "origin": [11.97668, 15.644, 8.6693]},
			"faces": {
				"north": {"uv": [1, 0, 2.5533, 1.25], "texture": "#1"},
				"south": {"uv": [1, 0, 2.5533, 1.25], "texture": "#1"},
				"up": {"uv": [1, 1, 4.75, 2.5533], "rotation": 270, "texture": "#1"}
			}
		},
		{
			"from": [9.03851, 15.998, 12.5981],
			"to": [13.72601, 17.248, 14.53972],
			"rotation": {"angle": 22.5, "axis": "y", "origin": [11.97668, 15.644, 8.6693]},
			"faces": {
				"east": {"uv": [1, 0, 2.5533, 1.25], "texture": "#1"},
				"west": {"uv": [1, 0, 2.5533, 1.25], "texture": "#1"},
				"up": {"uv": [1, 1, 4.75, 2.5533], "texture": "#1"}
			}
		},
		{
			"from": [8.61819, 15.998, 1.78413],
			"to": [13.30569, 17.248, 3.72576],
			"rotation": {"angle": -22.5, "axis": "y", "origin": [11.97668, 15.644, 8.6693]},
			"faces": {
				"east": {"uv": [1, 0, 2.5533, 1.25], "texture": "#1"},
				"west": {"uv": [1, 0, 2.5533, 1.25], "texture": "#1"},
				"up": {"uv": [1, 1, 2.5533, 4.75], "rotation": 270, "texture": "#1"}
			}
		},
		{
			"from": [14.47042, 15.998, 1.42594],
			"to": [16.41204, 17.248, 6.11344],
			"rotation": {"angle": 22.5, "axis": "y", "origin": [11.97668, 15.644, 8.6693]},
			"faces": {
				"north": {"uv": [1, 0, 2.5533, 1.25], "texture": "#1"},
				"south": {"uv": [1, 0, 2.5533, 1.25], "texture": "#1"},
				"up": {"uv": [1, 1, 2.5533, 4.75], "texture": "#1"}
			}
		},
		{
			"from": [9.99112, 15.998, 0.4112],
			"to": [11.93275, 17.248, 5.0987],
			"rotation": {"angle": -22.5, "axis": "y", "origin": [11.97668, 15.644, 8.6693]},
			"faces": {
				"north": {"uv": [1, 0, 2.5533, 1.25], "texture": "#1"},
				"south": {"uv": [1, 0, 2.5533, 1.25], "texture": "#1"},
				"up": {"uv": [1, 1, 4.75, 2.5533], "rotation": 270, "texture": "#1"}
			}
		},
		{
			"from": [13.09748, 15.998, 2.79888],
			"to": [17.78498, 17.248, 4.7405],
			"rotation": {"angle": 22.5, "axis": "y", "origin": [11.97668, 15.644, 8.6693]},
			"faces": {
				"east": {"uv": [1, 0, 2.5533, 1.25], "texture": "#1"},
				"west": {"uv": [1, 0, 2.5533, 1.25], "texture": "#1"},
				"up": {"uv": [1, 1, 4.75, 2.5533], "texture": "#1"}
			}
		},
		{
			"from": [7.50272, 18.6662, 5.5],
			"to": [8.49728, 19.9162, 10.5],
			"rotation": {"angle": -45, "axis": "y", "origin": [8, 19.1662, 8]},
			"faces": {
				"north": {"uv": [1, 0, 1.99456, 1.25], "texture": "#1"},
				"south": {"uv": [1, 0, 1.99456, 1.25], "texture": "#1"},
				"up": {"uv": [1, 1, 1.99456, 6], "texture": "#1"}
			}
		},
		{
			"from": [7.50272, 18.6662, 5.5],
			"to": [8.49728, 19.9162, 10.5],
			"rotation": {"angle": -22.5, "axis": "y", "origin": [8, 19.1662, 8]},
			"faces": {
				"north": {"uv": [1, 0, 1.99456, 1.25], "texture": "#1"},
				"south": {"uv": [1, 0, 1.99456, 1.25], "texture": "#1"},
				"up": {"uv": [1, 1, 1.99456, 6], "texture": "#1"}
			}
		},
		{
			"from": [7.50272, 18.6662, 5.5],
			"to": [8.49728, 19.9162, 10.5],
			"rotation": {"angle": 0, "axis": "y", "origin": [8, 19.1662, 8]},
			"faces": {
				"north": {"uv": [1, 0, 1.99456, 1.25], "texture": "#1"},
				"south": {"uv": [1, 0, 1.99456, 1.25], "texture": "#1"},
				"up": {"uv": [1, 1, 1.99456, 6], "texture": "#1"}
			}
		},
		{
			"from": [7.50272, 18.6662, 5.5],
			"to": [8.49728, 19.9162, 10.5],
			"rotation": {"angle": 22.5, "axis": "y", "origin": [8, 19.1662, 8]},
			"faces": {
				"north": {"uv": [1, 0, 1.99456, 1.25], "texture": "#1"},
				"south": {"uv": [1, 0, 1.99456, 1.25], "texture": "#1"},
				"up": {"uv": [1, 1, 1.99456, 6], "texture": "#1"}
			}
		},
		{
			"from": [7.50272, 18.6662, 5.5],
			"to": [8.49728, 19.9162, 10.5],
			"rotation": {"angle": 45, "axis": "y", "origin": [8, 19.1662, 8]},
			"faces": {
				"north": {"uv": [1, 0, 1.99456, 1.25], "texture": "#1"},
				"south": {"uv": [1, 0, 1.99456, 1.25], "texture": "#1"},
				"up": {"uv": [1, 1, 1.99456, 6], "texture": "#1"}
			}
		},
		{
			"from": [5.5, 18.6662, 7.50272],
			"to": [10.5, 19.9162, 8.49728],
			"rotation": {"angle": -22.5, "axis": "y", "origin": [8, 19.1662, 8]},
			"faces": {
				"east": {"uv": [1, 0, 1.99456, 1.25], "texture": "#1"},
				"west": {"uv": [1, 0, 1.99456, 1.25], "texture": "#1"},
				"up": {"uv": [1, 1, 6, 1.99456], "texture": "#1"}
			}
		},
		{
			"from": [5.5, 18.6662, 7.50272],
			"to": [10.5, 19.9162, 8.49728],
			"rotation": {"angle": 0, "axis": "y", "origin": [8, 19.1662, 8]},
			"faces": {
				"east": {"uv": [1, 0, 1.99456, 1.25], "texture": "#1"},
				"west": {"uv": [1, 0, 1.99456, 1.25], "texture": "#1"},
				"up": {"uv": [1, 1, 6, 1.99456], "texture": "#1"}
			}
		},
		{
			"from": [5.5, 18.6662, 7.50272],
			"to": [10.5, 19.9162, 8.49728],
			"rotation": {"angle": 22.5, "axis": "y", "origin": [8, 19.1662, 8]},
			"faces": {
				"east": {"uv": [1, 0, 1.99456, 1.25], "texture": "#1"},
				"west": {"uv": [1, 0, 1.99456, 1.25], "texture": "#1"},
				"up": {"uv": [1, 1, 6, 1.99456], "texture": "#1"}
			}
		},
		{
			"from": [7.20435, 17.6668, 4],
			"to": [8.79565, 18.6668, 12],
			"rotation": {"angle": -45, "axis": "y", "origin": [8, 18.15, 8]},
			"faces": {
				"north": {"uv": [1, 0, 2.5913, 1], "texture": "#1"},
				"south": {"uv": [1, 0, 2.5913, 1], "texture": "#1"},
				"up": {"uv": [1, 1, 2.5913, 9], "texture": "#1"},
				"down": {"uv": [1, 1, 2.5913, 9], "texture": "#1"}
			}
		},
		{
			"from": [7.20435, 17.6668, 4],
			"to": [8.79565, 18.6668, 12],
			"rotation": {"angle": -22.5, "axis": "y", "origin": [8, 18.15, 8]},
			"faces": {
				"north": {"uv": [1, 0, 2.5913, 1], "texture": "#1"},
				"south": {"uv": [1, 0, 2.5913, 1], "texture": "#1"},
				"up": {"uv": [1, 1, 2.5913, 9], "texture": "#1"},
				"down": {"uv": [1, 1, 2.5913, 9], "texture": "#1"}
			}
		},
		{
			"from": [7.20435, 17.6668, 4],
			"to": [8.79565, 18.6668, 12],
			"rotation": {"angle": 0, "axis": "y", "origin": [8, 18.15, 8]},
			"faces": {
				"north": {"uv": [1, 0, 2.5913, 1], "texture": "#1"},
				"south": {"uv": [1, 0, 2.5913, 1], "texture": "#1"},
				"up": {"uv": [1, 1, 2.5913, 9], "texture": "#1"},
				"down": {"uv": [1, 1, 2.5913, 9], "texture": "#1"}
			}
		},
		{
			"from": [7.20435, 17.6668, 4],
			"to": [8.79565, 18.6668, 12],
			"rotation": {"angle": 22.5, "axis": "y", "origin": [8, 18.15, 8]},
			"faces": {
				"north": {"uv": [1, 0, 2.5913, 1], "texture": "#1"},
				"south": {"uv": [1, 0, 2.5913, 1], "texture": "#1"},
				"up": {"uv": [1, 1, 2.5913, 9], "texture": "#1"},
				"down": {"uv": [1, 1, 2.5913, 9], "texture": "#1"}
			}
		},
		{
			"from": [7.20435, 17.6668, 4],
			"to": [8.79565, 18.6668, 12],
			"rotation": {"angle": 45, "axis": "y", "origin": [8, 18.15, 8]},
			"faces": {
				"north": {"uv": [1, 0, 2.5913, 1], "texture": "#1"},
				"south": {"uv": [1, 0, 2.5913, 1], "texture": "#1"},
				"up": {"uv": [1, 1, 2.5913, 9], "texture": "#1"},
				"down": {"uv": [1, 1, 2.5913, 9], "texture": "#1"}
			}
		},
		{
			"from": [4, 17.6668, 7.20435],
			"to": [12, 18.6668, 8.79565],
			"rotation": {"angle": -22.5, "axis": "y", "origin": [8, 18.15, 8]},
			"faces": {
				"east": {"uv": [1, 0, 2.5913, 1], "texture": "#1"},
				"west": {"uv": [1, 0, 2.5913, 1], "texture": "#1"},
				"up": {"uv": [1, 1, 9, 2.5913], "texture": "#1"},
				"down": {"uv": [1, 1, 9, 2.5913], "texture": "#1"}
			}
		},
		{
			"from": [4, 17.6668, 7.20435],
			"to": [12, 18.6668, 8.79565],
			"rotation": {"angle": 0, "axis": "y", "origin": [8, 18.15, 8]},
			"faces": {
				"east": {"uv": [1, 0, 2.5913, 1], "texture": "#1"},
				"west": {"uv": [1, 0, 2.5913, 1], "texture": "#1"},
				"up": {"uv": [1, 1, 9, 2.5913], "texture": "#1"},
				"down": {"uv": [1, 1, 9, 2.5913], "texture": "#1"}
			}
		},
		{
			"from": [4, 17.6668, 7.20435],
			"to": [12, 18.6668, 8.79565],
			"rotation": {"angle": 22.5, "axis": "y", "origin": [8, 18.15, 8]},
			"faces": {
				"east": {"uv": [1, 0, 2.5913, 1], "texture": "#1"},
				"west": {"uv": [1, 0, 2.5913, 1], "texture": "#1"},
				"up": {"uv": [1, 1, 9, 2.5913], "texture": "#1"},
				"down": {"uv": [1, 1, 9, 2.5913], "texture": "#1"}
			}
		},
		{
			"from": [7.35353, 16, 4.75],
			"to": [8.64647, 17.75, 11.25],
			"rotation": {"angle": -45, "axis": "y", "origin": [8, 16.5, 8]},
			"faces": {
				"north": {"uv": [1, 14, 2.29293, 15.75], "texture": "#1"},
				"south": {"uv": [1, 14, 2.29293, 15.75], "texture": "#1"}
			}
		},
		{
			"from": [7.35353, 16, 4.75],
			"to": [8.64647, 17.75, 11.25],
			"rotation": {"angle": -22.5, "axis": "y", "origin": [8, 16.5, 8]},
			"faces": {
				"north": {"uv": [1, 14, 2.29293, 15.75], "texture": "#1"},
				"south": {"uv": [1, 14, 2.29293, 15.75], "texture": "#1"}
			}
		},
		{
			"from": [7.35353, 16, 4.75],
			"to": [8.64647, 17.75, 11.25],
			"rotation": {"angle": 0, "axis": "y", "origin": [8, 16.5, 8]},
			"faces": {
				"north": {"uv": [1, 14, 2.29293, 15.75], "texture": "#1"},
				"south": {"uv": [1, 14, 2.29293, 15.75], "texture": "#1"}
			}
		},
		{
			"from": [7.35353, 16, 4.75],
			"to": [8.64647, 17.75, 11.25],
			"rotation": {"angle": 22.5, "axis": "y", "origin": [8, 16.5, 8]},
			"faces": {
				"north": {"uv": [1, 14, 2.29293, 15.75], "texture": "#1"},
				"south": {"uv": [1, 14, 2.29293, 15.75], "texture": "#1"}
			}
		},
		{
			"from": [7.35353, 16, 4.75],
			"to": [8.64647, 17.75, 11.25],
			"rotation": {"angle": 45, "axis": "y", "origin": [8, 16.5, 8]},
			"faces": {
				"north": {"uv": [1, 14, 2.29293, 15.75], "texture": "#1"},
				"south": {"uv": [1, 14, 2.29293, 15.75], "texture": "#1"}
			}
		},
		{
			"from": [4.75, 16, 7.35353],
			"to": [11.25, 17.75, 8.64647],
			"rotation": {"angle": -22.5, "axis": "y", "origin": [8, 16.5, 8]},
			"faces": {
				"east": {"uv": [1, 14, 2.29293, 15.75], "texture": "#1"},
				"west": {"uv": [1, 14, 2.29293, 15.75], "texture": "#1"}
			}
		},
		{
			"from": [4.75, 16, 7.35353],
			"to": [11.25, 17.75, 8.64647],
			"rotation": {"angle": 0, "axis": "y", "origin": [8, 16.5, 8]},
			"faces": {
				"east": {"uv": [1, 14, 2.29293, 15.75], "texture": "#1"},
				"west": {"uv": [1, 14, 2.29293, 15.75], "texture": "#1"}
			}
		},
		{
			"from": [4.75, 16, 7.35353],
			"to": [11.25, 17.75, 8.64647],
			"rotation": {"angle": 22.5, "axis": "y", "origin": [8, 16.5, 8]},
			"faces": {
				"east": {"uv": [1, 14, 2.29293, 15.75], "texture": "#1"},
				"west": {"uv": [1, 14, 2.29293, 15.75], "texture": "#1"}
			}
		}
	],
	"display": {
		"thirdperson_righthand": {
			"rotation": [75, 45, 0],
			"translation": [0, 2.5, 0],
			"scale": [0.375, 0.375, 0.375]
		},
		"thirdperson_lefthand": {
			"rotation": [75, 45, 0],
			"translation": [0, 2.5, 0],
			"scale": [0.375, 0.375, 0.375]
		},
		"firstperson_righthand": {
			"rotation": [0, 45, 0],
			"scale": [0.4, 0.4, 0.4]
		},
		"firstperson_lefthand": {
			"rotation": [0, 225, 0],
			"scale": [0.4, 0.4, 0.4]
		},
		"ground": {
			"translation": [0, 3, 0],
			"scale": [0.25, 0.25, 0.25]
		},
		"gui": {
			"rotation": [30, 225, 0],
			"scale": [0.625, 0.625, 0.625]
		},
		"fixed": {
			"scale": [0.5, 0.5, 0.5]
		}
	},
	"groups": [
		{
			"name": "brick_corner",
			"origin": [8, 8, 8],
			"color": 0,
			"children": [
				0,
				1,
				{
					"name": "studs",
					"origin": [8, 8, 8],
					"color": 0,
					"children": [
						{
							"name": "stud",
							"origin": [8, 8, 8],
							"color": 0,
							"children": [2, 3, 4, 5]
						},
						{
							"name": "stud",
							"origin": [8, 8, 8],
							"color": 0,
							"children": [6, 7, 8, 9]
						}
					]
				}
			]
		},
		{
			"name": "small_round1x1",
			"origin": [8, 8, 8],
			"color": 0,
			"children": [
				{
					"name": "center",
					"origin": [8, 8, 8],
					"color": 0,
					"children": [10, 11, 12, 13, 14, 15, 16, 17]
				},
				{
					"name": "bottom",
					"origin": [8, 8, 8],
					"color": 0,
					"children": [18, 19, 20, 21, 22, 23, 24, 25]
				}
			]
		},
		{
			"name": "small_round1x1",
			"origin": [8, 8, 8],
			"color": 0,
			"children": [
				{
					"name": "bottom",
					"origin": [8, 8, 8],
					"color": 0,
					"children": [26, 27, 28, 29, 30, 31, 32, 33]
				},
				{
					"name": "center",
					"origin": [8, 8, 8],
					"color": 0,
					"children": [34, 35, 36, 37, 38, 39, 40, 41]
				},
				{
					"name": "center",
					"origin": [8, 8, 8],
					"color": 0,
					"children": [42, 43, 44, 45, 46, 47, 48, 49]
				}
			]
		},
		{
			"name": "brick_corner",
			"origin": [8, 8, 8],
			"color": 0,
			"children": [
				50,
				51,
				{
					"name": "studs",
					"origin": [8, 8, 8],
					"color": 0,
					"children": [
						{
							"name": "stud",
							"origin": [8, 8, 8],
							"color": 0,
							"children": [52, 53, 54, 55]
						},
						{
							"name": "stud",
							"origin": [8, 8, 8],
							"color": 0,
							"children": [56, 57, 58, 59]
						}
					]
				}
			]
		},
		{
			"name": "brick_corner",
			"origin": [8, 8, 8],
			"color": 0,
			"children": [
				60,
				61,
				{
					"name": "studs",
					"origin": [8, 8, 8],
					"color": 0,
					"children": [
						{
							"name": "stud",
							"origin": [8, 8, 8],
							"color": 0,
							"children": [62, 63, 64, 65]
						},
						{
							"name": "stud",
							"origin": [8, 8, 8],
							"color": 0,
							"children": [66, 67, 68, 69]
						}
					]
				}
			]
		},
		{
			"name": "small_round1x1",
			"origin": [8, 8, 8],
			"color": 0,
			"children": [
				{
					"name": "top",
					"origin": [8, 8, 8],
					"color": 0,
					"children": [70, 71, 72, 73, 74, 75, 76, 77]
				},
				{
					"name": "center",
					"origin": [8, 8, 8],
					"color": 0,
					"children": [78, 79, 80, 81, 82, 83, 84, 85]
				},
				{
					"name": "bottom",
					"origin": [8, 8, 8],
					"color": 0,
					"children": [86, 87, 88, 89, 90, 91, 92, 93]
				}
			]
		}
	]
}