{
	"credit": "AlexTestria | https://alex-bauerndistel.de",
	"textures": {
		"0": "brickcraft/material/plastics/texture/brain_coral01",
		"1": "brickcraft/material/plastics/texture/brain_coral02",
		"particle": "brickcraft/material/plastics/texture/brain_coral01"
	},
	"elements": [
		{
			"from": [14.75, 1.25, 6.4087],
			"to": [16, 2.6666, 9.5913],
			"rotation": {"angle": 45, "axis": "y", "origin": [8, 2.2955, 8]},
			"faces": {
				"east": {"uv": [1, 14.5834, 4.1826, 16], "texture": "#0"},
				"west": {"uv": [1, 14.5834, 4.1826, 16], "texture": "#0"},
				"up": {"uv": [1, 0, 4.1826, 1.25], "rotation": 90, "texture": "#0"},
				"down": {"uv": [1, 1, 4.1826, 2.25], "rotation": 270, "texture": "#0"}
			}
		},
		{
			"from": [6.4087, 0, 0],
			"to": [9.5913, 2.6666, 1.25],
			"rotation": {"angle": -22.5, "axis": "y", "origin": [8, 2.2955, 8]},
			"faces": {
				"north": {"uv": [1, 13.3334, 4.1826, 16], "texture": "#0"},
				"east": {"uv": [14.75, 13.3334, 16, 16], "texture": "#0"},
				"south": {"uv": [1, 13.3334, 4.1826, 16], "texture": "#0"},
				"up": {"uv": [1, 0, 4.1826, 1.25], "texture": "#0"},
				"down": {"uv": [1, 1, 4.1826, 2.25], "texture": "#0", "cullface": "down"}
			}
		},
		{
			"from": [6.4087, 0, 0],
			"to": [9.5913, 2.6666, 1.25],
			"rotation": {"angle": 0, "axis": "y", "origin": [8, 2.2955, 8]},
			"faces": {
				"north": {"uv": [1, 13.3334, 4.1826, 16], "texture": "#0", "cullface": "north"},
				"south": {"uv": [1, 13.3334, 4.1826, 16], "texture": "#0"},
				"up": {"uv": [1, 0, 4.1826, 1.25], "texture": "#0"},
				"down": {"uv": [1, 1, 4.1826, 2.25], "texture": "#0", "cullface": "down"}
			}
		},
		{
			"from": [6.4087, 0, 0],
			"to": [9.5913, 2.6666, 1.25],
			"rotation": {"angle": 22.5, "axis": "y", "origin": [8, 2.2955, 8]},
			"faces": {
				"north": {"uv": [1, 13.3334, 4.1826, 16], "texture": "#0"},
				"south": {"uv": [1, 13.3334, 4.1826, 16], "texture": "#0"},
				"west": {"uv": [0, 13.3334, 1.25, 16], "texture": "#0"},
				"up": {"uv": [1, 0, 4.1826, 1.25], "texture": "#0"},
				"down": {"uv": [1, 1, 4.1826, 2.25], "texture": "#0", "cullface": "down"}
			}
		},
		{
			"from": [6.4087, 1.25, 0],
			"to": [9.5913, 2.6666, 1.25],
			"rotation": {"angle": 45, "axis": "y", "origin": [8, 2.2955, 8]},
			"faces": {
				"north": {"uv": [1, 14.5834, 4.1826, 16], "texture": "#0"},
				"south": {"uv": [1, 14.5834, 4.1826, 16], "texture": "#0"},
				"up": {"uv": [1, 0, 4.1826, 1.25], "texture": "#0"},
				"down": {"uv": [1, 1, 4.1826, 2.25], "texture": "#0"}
			}
		},
		{
			"from": [0, 1.25, 6.4087],
			"to": [1.25, 2.6666, 9.5913],
			"rotation": {"angle": 45, "axis": "y", "origin": [8, 2.2955, 8]},
			"faces": {
				"east": {"uv": [1, 14.5834, 4.1826, 16], "texture": "#0"},
				"west": {"uv": [1, 14.5834, 4.1826, 16], "texture": "#0"},
				"up": {"uv": [1, 14.75, 4.1826, 16], "rotation": 90, "texture": "#0"},
				"down": {"uv": [1, 1, 4.1826, 2.25], "rotation": 270, "texture": "#0"}
			}
		},
		{
			"from": [6.4087, 0, 14.75],
			"to": [9.5913, 2.6666, 16],
			"rotation": {"angle": -22.5, "axis": "y", "origin": [8, 2.2955, 8]},
			"faces": {
				"north": {"uv": [1, 13.3334, 4.1826, 16], "texture": "#0"},
				"south": {"uv": [1, 13.3334, 4.1826, 16], "texture": "#0"},
				"west": {"uv": [14.75, 13.3334, 16, 16], "texture": "#0"},
				"up": {"uv": [1, 14.75, 4.1826, 16], "texture": "#0"},
				"down": {"uv": [1, 1, 4.1826, 2.25], "texture": "#0", "cullface": "down"}
			}
		},
		{
			"from": [6.4087, 0, 14.75],
			"to": [9.5913, 2.6666, 16],
			"rotation": {"angle": 0, "axis": "y", "origin": [8, 2.2955, 8]},
			"faces": {
				"north": {"uv": [1, 13.3334, 4.1826, 16], "texture": "#0"},
				"south": {"uv": [1, 13.3334, 4.1826, 16], "texture": "#0", "cullface": "south"},
				"up": {"uv": [1, 14.75, 4.1826, 16], "texture": "#0"},
				"down": {"uv": [1, 1, 4.1826, 2.25], "texture": "#0", "cullface": "down"}
			}
		},
		{
			"from": [6.4087, 0, 14.75],
			"to": [9.5913, 2.6666, 16],
			"rotation": {"angle": 22.5, "axis": "y", "origin": [8, 2.2955, 8]},
			"faces": {
				"north": {"uv": [1, 13.3334, 4.1826, 16], "texture": "#0"},
				"east": {"uv": [0, 13.3334, 1.25, 16], "texture": "#0"},
				"south": {"uv": [1, 13.3334, 4.1826, 16], "texture": "#0"},
				"up": {"uv": [1, 14.75, 4.1826, 16], "texture": "#0"},
				"down": {"uv": [1, 1, 4.1826, 2.25], "texture": "#0", "cullface": "down"}
			}
		},
		{
			"from": [6.4087, 1.25, 14.75],
			"to": [9.5913, 2.6666, 16],
			"rotation": {"angle": 45, "axis": "y", "origin": [8, 2.2955, 8]},
			"faces": {
				"north": {"uv": [1, 14.5834, 4.1826, 16], "texture": "#0"},
				"south": {"uv": [1, 14.5834, 4.1826, 16], "texture": "#0"},
				"up": {"uv": [1, 14.75, 4.1826, 16], "texture": "#0"},
				"down": {"uv": [1, 1, 4.1826, 2.25], "texture": "#0"}
			}
		},
		{
			"from": [0, 0, 6.4087],
			"to": [1.25, 2.6666, 9.5913],
			"rotation": {"angle": -22.5, "axis": "y", "origin": [8, 2.2955, 8]},
			"faces": {
				"north": {"uv": [14.75, 13.3334, 16, 16], "texture": "#0"},
				"east": {"uv": [1, 13.3334, 4.1826, 16], "texture": "#0"},
				"west": {"uv": [1, 13.3334, 4.1826, 16], "texture": "#0"},
				"up": {"uv": [0, 1, 1.25, 4.1826], "texture": "#0"},
				"down": {"uv": [1, 1, 2.25, 4.1826], "texture": "#0", "cullface": "down"}
			}
		},
		{
			"from": [0, 0, 6.4087],
			"to": [1.25, 2.6666, 9.5913],
			"rotation": {"angle": 0, "axis": "y", "origin": [8, 2.2955, 8]},
			"faces": {
				"east": {"uv": [1, 13.3334, 4.1826, 16], "texture": "#0"},
				"west": {"uv": [1, 13.3334, 4.1826, 16], "texture": "#0", "cullface": "west"},
				"up": {"uv": [0, 1, 1.25, 4.1826], "texture": "#0"},
				"down": {"uv": [1, 1, 2.25, 4.1826], "texture": "#0", "cullface": "down"}
			}
		},
		{
			"from": [0, 0, 6.4087],
			"to": [1.25, 2.6666, 9.5913],
			"rotation": {"angle": 22.5, "axis": "y", "origin": [8, 2.2955, 8]},
			"faces": {
				"east": {"uv": [1, 13.3334, 4.1826, 16], "texture": "#0"},
				"south": {"uv": [0, 13.3334, 1.25, 16], "texture": "#0"},
				"west": {"uv": [1, 13.3334, 4.1826, 16], "texture": "#0"},
				"up": {"uv": [0, 1, 1.25, 4.1826], "texture": "#0"},
				"down": {"uv": [1, 1, 2.25, 4.1826], "texture": "#0", "cullface": "down"}
			}
		},
		{
			"from": [14.75, 0, 6.4087],
			"to": [16, 2.6666, 9.5913],
			"rotation": {"angle": -22.5, "axis": "y", "origin": [8, 2.2955, 8]},
			"faces": {
				"east": {"uv": [1, 13.3334, 4.1826, 16], "texture": "#0"},
				"south": {"uv": [14.75, 13.3334, 16, 16], "texture": "#0"},
				"west": {"uv": [1, 13.3334, 4.1826, 16], "texture": "#0"},
				"up": {"uv": [14.75, 1, 16, 4.1826], "texture": "#0"},
				"down": {"uv": [1, 1, 2.25, 4.1826], "texture": "#0", "cullface": "down"}
			}
		},
		{
			"from": [14.75, 0, 6.4087],
			"to": [16, 2.6666, 9.5913],
			"rotation": {"angle": 0, "axis": "y", "origin": [8, 2.2955, 8]},
			"faces": {
				"east": {"uv": [1, 13.3334, 4.1826, 16], "texture": "#0", "cullface": "east"},
				"west": {"uv": [1, 13.3334, 4.1826, 16], "texture": "#0"},
				"up": {"uv": [14.75, 1, 16, 4.1826], "texture": "#0"},
				"down": {"uv": [1, 1, 2.25, 4.1826], "texture": "#0", "cullface": "down"}
			}
		},
		{
			"from": [1.25, 2.2916, 3.6587],
			"to": [14.75, 2.6666, 12.3413],
			"rotation": {"angle": 0, "axis": "y", "origin": [8, 2.2955, 8]},
			"faces": {
				"up": {"uv": [1, 1, 14.5, 9.6826], "texture": "#0"},
				"down": {"uv": [1, 1, 14.5, 9.6826], "texture": "#0"}
			}
		},
		{
			"from": [3.6587, 2.2916, 1.25],
			"to": [12.3413, 2.6666, 14.75],
			"rotation": {"angle": -22.5, "axis": "y", "origin": [8, 2.2955, 8]},
			"faces": {
				"up": {"uv": [1, 1, 9.6826, 14.5], "texture": "#0"},
				"down": {"uv": [1, 1, 9.6826, 14.5], "texture": "#0"}
			}
		},
		{
			"from": [3.6587, 2.2916, 1.25],
			"to": [12.3413, 2.6666, 14.75],
			"rotation": {"angle": 45, "axis": "y", "origin": [8, 2.2955, 8]},
			"faces": {
				"up": {"uv": [1, 1, 14.5, 9.6826], "rotation": 90, "texture": "#0"},
				"down": {"uv": [1, 1, 14.5, 9.6826], "rotation": 270, "texture": "#0"}
			}
		},
		{
			"from": [14.75, 0, 6.4087],
			"to": [16, 2.6666, 9.5913],
			"rotation": {"angle": 22.5, "axis": "y", "origin": [8, 2.2955, 8]},
			"faces": {
				"north": {"uv": [0, 13.3334, 1.25, 16], "texture": "#0"},
				"east": {"uv": [1, 13.3334, 4.1826, 16], "texture": "#0"},
				"west": {"uv": [1, 13.3334, 4.1826, 16], "texture": "#0"},
				"up": {"uv": [14.75, 1, 16, 4.1826], "texture": "#0"},
				"down": {"uv": [1, 1, 2.25, 4.1826], "texture": "#0", "cullface": "down"}
			}
		},
		{
			"from": [4.5, 0, 6.55025],
			"to": [5.5, 2.6, 9.44975],
			"rotation": {"angle": -22.5, "axis": "y", "origin": [8, 2.2955, 8]},
			"faces": {
				"east": {"uv": [1, 13.4, 3.89949, 16], "texture": "#0", "cullface": "down"},
				"west": {"uv": [1, 13.4, 3.89949, 16], "texture": "#0"},
				"down": {"uv": [1, 1, 3.89949, 2], "rotation": 90, "texture": "#0", "cullface": "down"}
			}
		},
		{
			"from": [6.55025, 0, 4.5],
			"to": [9.44975, 2.6, 5.5],
			"rotation": {"angle": 22.5, "axis": "y", "origin": [8, 2.2955, 8]},
			"faces": {
				"north": {"uv": [1, 13.4, 3.89949, 16], "texture": "#0"},
				"south": {"uv": [1, 13.4, 3.89949, 16], "texture": "#0", "cullface": "down"},
				"up": {"uv": [0, 0, 0, 0], "texture": "#0"},
				"down": {"uv": [1, 1, 3.89949, 2], "texture": "#0", "cullface": "down"}
			}
		},
		{
			"from": [10.5, 0, 6.55025],
			"to": [11.5, 2.6, 9.44975],
			"rotation": {"angle": -22.5, "axis": "y", "origin": [8, 2.2955, 8]},
			"faces": {
				"east": {"uv": [1, 13.4, 3.89949, 16], "texture": "#0"},
				"west": {"uv": [1, 13.4, 3.89949, 16], "texture": "#0", "cullface": "down"},
				"down": {"uv": [1, 1, 3.89949, 2], "rotation": 90, "texture": "#0", "cullface": "down"}
			}
		},
		{
			"from": [6.55025, 0, 10.5],
			"to": [9.44975, 2.6, 11.5],
			"rotation": {"angle": 22.5, "axis": "y", "origin": [8, 2.2955, 8]},
			"faces": {
				"north": {"uv": [1, 13.4, 3.89949, 16], "texture": "#0", "cullface": "down"},
				"south": {"uv": [1, 13.4, 3.89949, 16], "texture": "#0"},
				"up": {"uv": [0, 0, 0, 0], "texture": "#0"},
				"down": {"uv": [1, 1, 3.89949, 2], "texture": "#0", "cullface": "down"}
			}
		},
		{
			"from": [6.55025, 0, 10.5],
			"to": [9.44975, 2.6, 11.5],
			"rotation": {"angle": -22.5, "axis": "y", "origin": [8, 2.2955, 8]},
			"faces": {
				"north": {"uv": [1, 13.4, 3.89949, 16], "texture": "#0", "cullface": "down"},
				"south": {"uv": [1, 13.4, 3.89949, 16], "texture": "#0"},
				"down": {"uv": [1, 1, 2, 3.89949], "rotation": 90, "texture": "#0", "cullface": "down"}
			}
		},
		{
			"from": [4.5, 0, 6.55025],
			"to": [5.5, 2.6, 9.44975],
			"rotation": {"angle": 22.5, "axis": "y", "origin": [8, 2.2955, 8]},
			"faces": {
				"east": {"uv": [1, 13.4, 3.89949, 16], "texture": "#0", "cullface": "down"},
				"west": {"uv": [1, 13.4, 3.89949, 16], "texture": "#0", "cullface": "down"},
				"up": {"uv": [0, 0, 0, 0], "texture": "#0"},
				"down": {"uv": [1, 1, 2, 3.89949], "texture": "#0", "cullface": "down"}
			}
		},
		{
			"from": [6.55025, 0, 4.5],
			"to": [9.44975, 2.6, 5.5],
			"rotation": {"angle": -22.5, "axis": "y", "origin": [8, 2.2955, 8]},
			"faces": {
				"north": {"uv": [1, 13.4, 3.89949, 16], "texture": "#0"},
				"south": {"uv": [1, 13.4, 3.89949, 16], "texture": "#0", "cullface": "down"},
				"down": {"uv": [1, 1, 2, 3.89949], "rotation": 90, "texture": "#0", "cullface": "down"}
			}
		},
		{
			"from": [10.5, 0, 6.55025],
			"to": [11.5, 2.6, 9.44975],
			"rotation": {"angle": 22.5, "axis": "y", "origin": [8, 2.2955, 8]},
			"faces": {
				"east": {"uv": [0, 0, 1, 1], "texture": "#0"},
				"west": {"uv": [1, 13.4, 3.89949, 16], "texture": "#0", "cullface": "down"},
				"up": {"uv": [0, 0, 0, 0], "texture": "#0"},
				"down": {"uv": [1, 1, 2, 3.89949], "texture": "#0", "cullface": "down"}
			}
		},
		{
			"from": [0.01992, 2.666, 6.96447],
			"to": [5.01992, 3.916, 9.03553],
			"rotation": {"angle": 45, "axis": "y", "origin": [8, 2.2955, 8]},
			"faces": {
				"east": {"uv": [1, 0, 3.07106, 1.25], "texture": "#0", "cullface": "up"},
				"west": {"uv": [1, 0, 3.07106, 1.25], "texture": "#0", "cullface": "up"},
				"up": {"uv": [1, 1, 3.07106, 6], "rotation": 270, "texture": "#0", "cullface": "up"}
			}
		},
		{
			"from": [1.625, 2.666, 10.83947],
			"to": [6.625, 3.916, 12.91053],
			"rotation": {"angle": 0, "axis": "y", "origin": [8, 2.2955, 8]},
			"faces": {
				"east": {"uv": [1, 0, 3.07106, 1.25], "texture": "#0", "cullface": "up"},
				"west": {"uv": [1, 0, 3.07106, 1.25], "texture": "#0", "cullface": "up"},
				"up": {"uv": [1, 1, 3.07106, 6], "rotation": 270, "texture": "#0", "cullface": "up"}
			}
		},
		{
			"from": [1.48439, 2.666, 5.5],
			"to": [3.55545, 3.916, 10.5],
			"rotation": {"angle": 45, "axis": "y", "origin": [8, 2.2955, 8]},
			"faces": {
				"north": {"uv": [1, 0, 3.07106, 1.25], "texture": "#0", "cullface": "up"},
				"south": {"uv": [1, 0, 3.07106, 1.25], "texture": "#0", "cullface": "up"},
				"up": {"uv": [1, 1, 6, 3.07106], "rotation": 270, "texture": "#0", "cullface": "up"}
			}
		},
		{
			"from": [3.08947, 2.666, 9.375],
			"to": [5.16053, 3.916, 14.375],
			"rotation": {"angle": 0, "axis": "y", "origin": [8, 2.2955, 8]},
			"faces": {
				"north": {"uv": [1, 0, 3.07106, 1.25], "texture": "#0", "cullface": "up"},
				"south": {"uv": [1, 0, 3.07106, 1.25], "texture": "#0", "cullface": "up"},
				"up": {"uv": [1, 1, 6, 3.07106], "rotation": 270, "texture": "#0", "cullface": "up"}
			}
		},
		{
			"from": [6.96447, 2.666, 0.01992],
			"to": [9.03553, 3.916, 5.01992],
			"rotation": {"angle": -45, "axis": "y", "origin": [8, 2.2955, 8]},
			"faces": {
				"north": {"uv": [1, 0, 3.07106, 1.25], "texture": "#0", "cullface": "up"},
				"south": {"uv": [1, 0, 3.07106, 1.25], "texture": "#0", "cullface": "up"},
				"up": {"uv": [1, 1, 3.07106, 6], "texture": "#0", "cullface": "up"}
			}
		},
		{
			"from": [9.375, 2.666, 3.08947],
			"to": [14.375, 3.916, 5.16053],
			"rotation": {"angle": 0, "axis": "y", "origin": [8, 2.2955, 8]},
			"faces": {
				"east": {"uv": [1, 0, 3.07106, 1.25], "texture": "#0", "cullface": "up"},
				"west": {"uv": [1, 0, 3.07106, 1.25], "texture": "#0", "cullface": "up"},
				"up": {"uv": [1, 1, 3.07106, 6], "rotation": 90, "texture": "#0", "cullface": "up"}
			}
		},
		{
			"from": [5.5, 2.666, 1.48439],
			"to": [10.5, 3.916, 3.55545],
			"rotation": {"angle": -45, "axis": "y", "origin": [8, 2.2955, 8]},
			"faces": {
				"east": {"uv": [1, 0, 3.07106, 1.25], "texture": "#0", "cullface": "up"},
				"west": {"uv": [1, 0, 3.07106, 1.25], "texture": "#0", "cullface": "up"},
				"up": {"uv": [1, 1, 6, 3.07106], "texture": "#0", "cullface": "up"}
			}
		},
		{
			"from": [10.83947, 2.666, 1.625],
			"to": [12.91053, 3.916, 6.625],
			"rotation": {"angle": 0, "axis": "y", "origin": [8, 2.2955, 8]},
			"faces": {
				"north": {"uv": [1, 0, 3.07106, 1.25], "texture": "#0", "cullface": "up"},
				"south": {"uv": [1, 0, 3.07106, 1.25], "texture": "#0", "cullface": "up"},
				"up": {"uv": [1, 1, 6, 3.07106], "rotation": 90, "texture": "#0", "cullface": "up"}
			}
		},
		{
			"from": [10.83947, 5.3322, 9.375],
			"to": [12.91053, 6.5822, 14.375],
			"rotation": {"angle": 22.5, "axis": "y", "origin": [11.875, 4.7491, 11.875]},
			"faces": {
				"north": {"uv": [1, 0, 3.07107, 1.25], "texture": "#0"},
				"south": {"uv": [1, 0, 3.07107, 1.25], "texture": "#0"},
				"up": {"uv": [1, 1, 3.07107, 6], "rotation": 180, "texture": "#0"}
			}
		},
		{
			"from": [10.83947, 5.3322, 9.375],
			"to": [12.91053, 6.5822, 14.375],
			"rotation": {"angle": -22.5, "axis": "y", "origin": [11.875, 4.7491, 11.875]},
			"faces": {
				"north": {"uv": [1, 0, 3.07107, 1.25], "texture": "#0"},
				"south": {"uv": [1, 0, 3.07107, 1.25], "texture": "#0"},
				"up": {"uv": [1, 1, 3.07107, 6], "rotation": 180, "texture": "#0"}
			}
		},
		{
			"from": [9.375, 5.3322, 10.83947],
			"to": [14.375, 6.5822, 12.91053],
			"rotation": {"angle": 22.5, "axis": "y", "origin": [11.875, 4.7491, 11.875]},
			"faces": {
				"east": {"uv": [1, 0, 3.07107, 1.25], "texture": "#0"},
				"west": {"uv": [1, 0, 3.07107, 1.25], "texture": "#0"},
				"up": {"uv": [1, 1, 6, 3.07107], "rotation": 180, "texture": "#0"}
			}
		},
		{
			"from": [9.375, 5.3322, 10.83947],
			"to": [14.375, 6.5822, 12.91053],
			"rotation": {"angle": -22.5, "axis": "y", "origin": [11.875, 4.7491, 11.875]},
			"faces": {
				"east": {"uv": [1, 0, 3.07107, 1.25], "texture": "#0"},
				"west": {"uv": [1, 0, 3.07107, 1.25], "texture": "#0"},
				"up": {"uv": [1, 1, 6, 3.07107], "rotation": 180, "texture": "#0"}
			}
		},
		{
			"from": [10.21815, 4.3328, 7.875],
			"to": [13.53185, 5.3328, 15.875],
			"rotation": {"angle": 45, "axis": "y", "origin": [11.875, 4.7491, 11.875]},
			"faces": {
				"north": {"uv": [1, 0, 4.31371, 1], "texture": "#0"},
				"south": {"uv": [1, 0, 4.31371, 1], "texture": "#0"},
				"up": {"uv": [1, 1, 4.31371, 9], "rotation": 180, "texture": "#0"},
				"down": {"uv": [1, 1, 4.31371, 9], "rotation": 180, "texture": "#0"}
			}
		},
		{
			"from": [10.21815, 4.3328, 7.875],
			"to": [13.53185, 5.3328, 15.875],
			"rotation": {"angle": 0, "axis": "y", "origin": [11.875, 4.7491, 11.875]},
			"faces": {
				"north": {"uv": [1, 0, 4.31371, 1], "texture": "#0"},
				"south": {"uv": [1, 0, 4.31371, 1], "texture": "#0"},
				"up": {"uv": [1, 1, 4.31371, 9], "rotation": 180, "texture": "#0"},
				"down": {"uv": [1, 1, 4.31371, 9], "rotation": 180, "texture": "#0"}
			}
		},
		{
			"from": [7.875, 4.3328, 10.21815],
			"to": [15.875, 5.3328, 13.53185],
			"rotation": {"angle": 45, "axis": "y", "origin": [11.875, 4.7491, 11.875]},
			"faces": {
				"east": {"uv": [1, 0, 4.31371, 1], "texture": "#0"},
				"west": {"uv": [1, 0, 4.31371, 1], "texture": "#0"},
				"up": {"uv": [1, 1, 9, 4.31371], "rotation": 180, "texture": "#0"},
				"down": {"uv": [1, 1, 9, 4.31371], "rotation": 180, "texture": "#0"}
			}
		},
		{
			"from": [7.875, 4.3328, 10.21815],
			"to": [15.875, 5.3328, 13.53185],
			"rotation": {"angle": 0, "axis": "y", "origin": [11.875, 4.7491, 11.875]},
			"faces": {
				"east": {"uv": [1, 0, 4.31371, 1], "texture": "#0"},
				"west": {"uv": [1, 0, 4.31371, 1], "texture": "#0"},
				"up": {"uv": [1, 1, 9, 4.31371], "rotation": 180, "texture": "#0"},
				"down": {"uv": [1, 1, 9, 4.31371], "rotation": 180, "texture": "#0"}
			}
		},
		{
			"from": [10.52881, 2.666, 8.625],
			"to": [13.22119, 4.416, 15.125],
			"rotation": {"angle": 22.5, "axis": "y", "origin": [11.875, 4.7491, 11.875]},
			"faces": {
				"north": {"uv": [1, 14.25, 3.69239, 16], "texture": "#0"},
				"south": {"uv": [1, 14.25, 3.69239, 16], "texture": "#0"},
				"down": {"uv": [1, 1, 3.69239, 7.5], "rotation": 180, "texture": "#0"}
			}
		},
		{
			"from": [10.52881, 2.666, 8.625],
			"to": [13.22119, 4.416, 15.125],
			"rotation": {"angle": -22.5, "axis": "y", "origin": [11.875, 4.7491, 11.875]},
			"faces": {
				"north": {"uv": [1, 14.25, 3.69239, 16], "texture": "#0"},
				"south": {"uv": [1, 14.25, 3.69239, 16], "texture": "#0"},
				"down": {"uv": [1, 1, 3.69239, 7.5], "rotation": 180, "texture": "#0"}
			}
		},
		{
			"from": [8.625, 2.666, 10.52881],
			"to": [15.125, 4.416, 13.22119],
			"rotation": {"angle": 22.5, "axis": "y", "origin": [11.875, 4.7491, 11.875]},
			"faces": {
				"east": {"uv": [1, 14.25, 3.69239, 16], "texture": "#0"},
				"west": {"uv": [1, 14.25, 3.69239, 16], "texture": "#0"},
				"down": {"uv": [1, 1, 7.5, 3.69239], "rotation": 180, "texture": "#0"}
			}
		},
		{
			"from": [8.625, 2.666, 10.52881],
			"to": [15.125, 4.416, 13.22119],
			"rotation": {"angle": -22.5, "axis": "y", "origin": [11.875, 4.7491, 11.875]},
			"faces": {
				"east": {"uv": [1, 14.25, 3.69239, 16], "texture": "#0"},
				"west": {"uv": [1, 14.25, 3.69239, 16], "texture": "#0"},
				"down": {"uv": [1, 1, 7.5, 3.69239], "rotation": 180, "texture": "#0"}
			}
		},
		{
			"from": [0.125, 4.3328, 3.32935],
			"to": [8.125, 5.3328, 4.92065],
			"rotation": {"angle": 45, "axis": "y", "origin": [4.125, 4.7491, 4.125]},
			"faces": {
				"east": {"uv": [1, 1, 2.5913, 2], "texture": "#0"},
				"west": {"uv": [1, 1, 2.5913, 2], "texture": "#0"},
				"up": {"uv": [1, 1, 2.5913, 9], "rotation": 270, "texture": "#0"},
				"down": {"uv": [1, 1, 2.5913, 9], "rotation": 90, "texture": "#0"}
			}
		},
		{
			"from": [3.32935, 4.3328, 0.125],
			"to": [4.92065, 5.3328, 8.125],
			"rotation": {"angle": -22.5, "axis": "y", "origin": [4.125, 4.7491, 4.125]},
			"faces": {
				"north": {"uv": [1, 1, 2.5913, 2], "texture": "#0"},
				"south": {"uv": [1, 1, 2.5913, 2], "texture": "#0"},
				"up": {"uv": [1, 1, 2.5913, 9], "rotation": 180, "texture": "#0"},
				"down": {"uv": [1, 1, 2.5913, 9], "rotation": 180, "texture": "#0"}
			}
		},
		{
			"from": [3.32935, 4.3328, 0.125],
			"to": [4.92065, 5.3328, 8.125],
			"rotation": {"angle": 0, "axis": "y", "origin": [4.125, 4.7491, 4.125]},
			"faces": {
				"north": {"uv": [1, 1, 2.5913, 2], "texture": "#0"},
				"south": {"uv": [1, 1, 2.5913, 2], "texture": "#0"},
				"up": {"uv": [1, 1, 2.5913, 9], "rotation": 180, "texture": "#0"},
				"down": {"uv": [1, 1, 2.5913, 9], "rotation": 180, "texture": "#0"}
			}
		},
		{
			"from": [3.57935, 4.3328, -0.875],
			"to": [4.67065, 5.3328, 9.125],
			"rotation": {"angle": 22.5, "axis": "y", "origin": [4.125, 4.7491, 4.125]},
			"faces": {
				"north": {"uv": [1, 1, 2.0913, 2], "texture": "#0"},
				"south": {"uv": [1, 1, 2.0913, 2], "texture": "#0"},
				"up": {"uv": [1, 1, 2.0913, 11], "rotation": 180, "texture": "#0"},
				"down": {"uv": [1, 1, 2.0913, 11], "rotation": 180, "texture": "#0"}
			}
		},
		{
			"from": [-0.875, 4.3328, 3.57935],
			"to": [9.125, 5.3328, 4.67065],
			"rotation": {"angle": 22.5, "axis": "y", "origin": [4.125, 4.7491, 4.125]},
			"faces": {
				"east": {"uv": [1, 1, 2.0913, 2], "texture": "#0"},
				"west": {"uv": [1, 1, 2.0913, 2], "texture": "#0"},
				"up": {"uv": [1, 1, 2.0913, 11], "rotation": 270, "texture": "#0"},
				"down": {"uv": [1, 1, 2.0913, 11], "rotation": 90, "texture": "#0"}
			}
		},
		{
			"from": [3.32935, 4.3328, 0.125],
			"to": [4.92065, 5.3328, 8.125],
			"rotation": {"angle": 45, "axis": "y", "origin": [4.125, 4.7491, 4.125]},
			"faces": {
				"north": {"uv": [1, 1, 2.5913, 2], "texture": "#0"},
				"south": {"uv": [1, 1, 2.5913, 2], "texture": "#0"},
				"up": {"uv": [1, 1, 9, 2.5913], "rotation": 270, "texture": "#0"},
				"down": {"uv": [1, 1, 9, 2.5913], "rotation": 90, "texture": "#0"}
			}
		},
		{
			"from": [0.125, 4.3328, 3.32935],
			"to": [8.125, 5.3328, 4.92065],
			"rotation": {"angle": -22.5, "axis": "y", "origin": [4.125, 4.7491, 4.125]},
			"faces": {
				"east": {"uv": [1, 1, 2.5913, 2], "texture": "#0"},
				"west": {"uv": [1, 1, 2.5913, 2], "texture": "#0"},
				"up": {"uv": [1, 1, 9, 2.5913], "rotation": 180, "texture": "#0"},
				"down": {"uv": [1, 1, 9, 2.5913], "rotation": 180, "texture": "#0"}
			}
		},
		{
			"from": [0.20363, 4.3353, 6.1834],
			"to": [8.04637, 5.3303, 7.2747],
			"rotation": {"angle": -22.5, "axis": "y", "origin": [4.125, 4.7491, 4.125]},
			"faces": {
				"east": {"uv": [1, 1, 2.0913, 2], "texture": "#0"},
				"west": {"uv": [1, 1, 2.0913, 2], "texture": "#0"},
				"up": {"uv": [1, 1, 8.84273, 2.0913], "rotation": 180, "texture": "#0"},
				"down": {"uv": [1, 1, 8.84273, 2.0913], "rotation": 180, "texture": "#0"}
			}
		},
		{
			"from": [6.1834, 4.3353, 0.20363],
			"to": [7.2747, 5.3303, 8.04637],
			"rotation": {"angle": -22.5, "axis": "y", "origin": [4.125, 4.7491, 4.125]},
			"faces": {
				"north": {"uv": [1, 1, 2.0913, 2], "texture": "#0"},
				"south": {"uv": [1, 1, 2.0913, 2], "texture": "#0"},
				"up": {"uv": [1, 1, 8.84273, 2.0913], "rotation": 270, "texture": "#0"},
				"down": {"uv": [1, 1, 8.84273, 2.0913], "rotation": 90, "texture": "#0"}
			}
		},
		{
			"from": [0.9753, 4.3353, 0.20363],
			"to": [2.0666, 5.3303, 8.04637],
			"rotation": {"angle": -22.5, "axis": "y", "origin": [4.125, 4.7491, 4.125]},
			"faces": {
				"north": {"uv": [1, 1, 2.0913, 2], "texture": "#0"},
				"south": {"uv": [1, 1, 2.0913, 2], "texture": "#0"},
				"up": {"uv": [1, 1, 8.84273, 2.0913], "rotation": 270, "texture": "#0"},
				"down": {"uv": [1, 1, 8.84273, 2.0913], "rotation": 90, "texture": "#0"}
			}
		},
		{
			"from": [0.20363, 4.3353, 0.9753],
			"to": [8.04637, 5.3303, 2.0666],
			"rotation": {"angle": -22.5, "axis": "y", "origin": [4.125, 4.7491, 4.125]},
			"faces": {
				"east": {"uv": [1, 1, 2.0913, 2], "texture": "#0"},
				"west": {"uv": [1, 1, 2.0913, 2], "texture": "#0"},
				"up": {"uv": [1, 1, 8.84273, 2.0913], "texture": "#0"},
				"down": {"uv": [1, 1, 8.84273, 2.0913], "texture": "#0"}
			}
		},
		{
			"from": [2.80769, 4.3353, -0.10333],
			"to": [5.44232, 5.3303, 8.35334],
			"rotation": {"angle": 22.5, "axis": "y", "origin": [4.125, 4.7491, 4.125]},
			"faces": {
				"east": {"uv": [1, 1, 9.45667, 2], "texture": "#0"},
				"west": {"uv": [1, 1, 2.5913, 2], "texture": "#0"},
				"up": {"uv": [1, 1, 3.63463, 9.45667], "rotation": 180, "texture": "#0"},
				"down": {"uv": [1, 1, 3.63463, 9.45667], "rotation": 180, "texture": "#0"}
			}
		},
		{
			"from": [-0.10333, 4.3353, 2.80768],
			"to": [8.35333, 5.3303, 5.44232],
			"rotation": {"angle": 22.5, "axis": "y", "origin": [4.125, 4.7491, 4.125]},
			"faces": {
				"north": {"uv": [1, 1, 2.5913, 2], "texture": "#0"},
				"south": {"uv": [1, 1, 9.45667, 2], "texture": "#0"},
				"up": {"uv": [1, 1, 3.63463, 9.45667], "rotation": 270, "texture": "#0"},
				"down": {"uv": [1, 1, 3.63463, 9.45667], "rotation": 90, "texture": "#0"}
			}
		},
		{
			"from": [0.125, 4.3328, 3.32935],
			"to": [8.125, 5.3328, 4.92065],
			"rotation": {"angle": 0, "axis": "y", "origin": [4.125, 4.7491, 4.125]},
			"faces": {
				"east": {"uv": [1, 1, 2.5913, 2], "texture": "#0"},
				"west": {"uv": [1, 1, 2.5913, 2], "texture": "#0"},
				"up": {"uv": [1, 1, 9, 2.5913], "rotation": 180, "texture": "#0"},
				"down": {"uv": [1, 1, 9, 2.5913], "rotation": 180, "texture": "#0"}
			}
		},
		{
			"from": [3.08947, 5.3322, 1.625],
			"to": [5.16053, 6.5822, 6.625],
			"rotation": {"angle": 0, "axis": "y", "origin": [4.125, 4.7491, 4.125]},
			"faces": {
				"north": {"uv": [1, 0, 3.07107, 1.25], "texture": "#0"},
				"south": {"uv": [1, 0, 3.07107, 1.25], "texture": "#0"},
				"up": {"uv": [1, 1, 3.07107, 6], "rotation": 180, "texture": "#0"}
			}
		},
		{
			"from": [1.625, 5.3322, 3.08947],
			"to": [6.625, 6.5822, 5.16053],
			"rotation": {"angle": 45, "axis": "y", "origin": [4.125, 4.7491, 4.125]},
			"faces": {
				"east": {"uv": [1, 0, 3.07107, 1.25], "texture": "#0"},
				"west": {"uv": [1, 0, 3.07107, 1.25], "texture": "#0"},
				"up": {"uv": [1, 1, 3.07107, 6], "rotation": 270, "texture": "#0"}
			}
		},
		{
			"from": [1.625, 5.3322, 3.08947],
			"to": [6.625, 6.5822, 5.16053],
			"rotation": {"angle": 0, "axis": "y", "origin": [4.125, 4.7491, 4.125]},
			"faces": {
				"east": {"uv": [1, 0, 3.07107, 1.25], "texture": "#0"},
				"west": {"uv": [1, 0, 3.07107, 1.25], "texture": "#0"},
				"up": {"uv": [1, 1, 6, 3.07107], "rotation": 180, "texture": "#0"}
			}
		},
		{
			"from": [3.08947, 5.3322, 1.625],
			"to": [5.16053, 6.5822, 6.625],
			"rotation": {"angle": 45, "axis": "y", "origin": [4.125, 4.7491, 4.125]},
			"faces": {
				"north": {"uv": [1, 0, 3.07107, 1.25], "texture": "#0"},
				"south": {"uv": [1, 0, 3.07107, 1.25], "texture": "#0"},
				"up": {"uv": [1, 1, 6, 3.07107], "rotation": 270, "texture": "#0"}
			}
		},
		{
			"from": [2.77881, 2.666, 0.875],
			"to": [5.47119, 4.416, 7.375],
			"rotation": {"angle": 0, "axis": "y", "origin": [4.125, 4.7491, 4.125]},
			"faces": {
				"north": {"uv": [1, 14.25, 3.69239, 16], "texture": "#0"},
				"south": {"uv": [1, 14.25, 3.69239, 16], "texture": "#0"},
				"down": {"uv": [1, 1, 3.69238, 7.5], "rotation": 180, "texture": "#0"}
			}
		},
		{
			"from": [0.875, 2.666, 2.77881],
			"to": [7.375, 4.416, 5.47119],
			"rotation": {"angle": 45, "axis": "y", "origin": [4.125, 4.7491, 4.125]},
			"faces": {
				"east": {"uv": [1, 14.25, 3.69239, 16], "texture": "#0"},
				"west": {"uv": [1, 14.25, 3.69239, 16], "texture": "#0"}
			}
		},
		{
			"from": [0.875, 2.666, 2.77881],
			"to": [7.375, 4.416, 5.47119],
			"rotation": {"angle": 0, "axis": "y", "origin": [4.125, 4.7491, 4.125]},
			"faces": {
				"east": {"uv": [1, 14.25, 3.69239, 16], "texture": "#0"},
				"west": {"uv": [1, 14.25, 3.69239, 16], "texture": "#0"},
				"down": {"uv": [1, 1, 3.69238, 7.5], "rotation": 90, "texture": "#0"}
			}
		},
		{
			"from": [2.77881, 2.666, 0.875],
			"to": [5.47119, 4.416, 7.375],
			"rotation": {"angle": 45, "axis": "y", "origin": [4.125, 4.7491, 4.125]},
			"faces": {
				"north": {"uv": [1, 14.25, 3.69239, 16], "texture": "#0"},
				"south": {"uv": [1, 14.25, 3.69239, 16], "texture": "#0"},
				"down": {"uv": [1, 1, 7.5, 3.69238], "rotation": 90, "texture": "#0"}
			}
		},
		{
			"from": [9.09146, 7.265, 11.46186],
			"to": [10.4951, 8.075, 11.95903],
			"rotation": {"angle": 22.5, "axis": "y", "origin": [12, 6.725, 12]},
			"faces": {
				"east": {"uv": [1, 0, 1.46034, 0.75], "texture": "#1"},
				"south": {"uv": [1, 0, 2.29966, 0.75], "texture": "#1"},
				"up": {"uv": [1, 1, 2.29966, 1.46034], "texture": "#1"},
				"down": {"uv": [1, 1, 2.29966, 1.46034], "texture": "#1"}
			}
		},
		{
			"from": [8.1837, 7.265, 8.94322],
			"to": [8.56422, 8.075, 9.70426],
			"rotation": {"angle": 45, "axis": "y", "origin": [12, 6.725, 12]},
			"faces": {
				"west": {"uv": [1, 0, 1.70467, 0.75], "texture": "#1"},
				"up": {"uv": [1, 1, 1.35233, 1.70467], "texture": "#1"},
				"down": {"uv": [1, 1, 1.35233, 1.70467], "texture": "#1"}
			}
		},
		{
			"from": [7.14, 7.265, 11.46294],
			"to": [11.46, 8.075, 12.53706],
			"rotation": {"angle": 0, "axis": "y", "origin": [12, 6.725, 12]},
			"faces": {
				"north": {"uv": [1, 0, 5, 0.75], "texture": "#1"},
				"east": {"uv": [1, 0, 1.99456, 0.75], "texture": "#1"},
				"south": {"uv": [1, 0, 5, 0.75], "texture": "#1"},
				"west": {"uv": [1, 0, 1.99456, 0.75], "texture": "#1"},
				"up": {"uv": [1, 1, 5, 1.99456], "texture": "#1"},
				"down": {"uv": [1, 1, 5, 1.99456], "texture": "#1"}
			}
		},
		{
			"from": [9.09146, 7.265, 12.04097],
			"to": [10.4951, 8.075, 12.53814],
			"rotation": {"angle": -22.5, "axis": "y", "origin": [12, 6.725, 12]},
			"faces": {
				"north": {"uv": [1, 0, 2.29966, 0.75], "texture": "#1"},
				"east": {"uv": [1, 0, 1.46034, 0.75], "texture": "#1"},
				"up": {"uv": [1, 1, 2.29966, 1.46034], "texture": "#1"},
				"down": {"uv": [1, 1, 2.29966, 1.46034], "texture": "#1"}
			}
		},
		{
			"from": [7.67813, 7.265, 10.92481],
			"to": [9.29718, 8.075, 13.07519],
			"rotation": {"angle": 0, "axis": "y", "origin": [12, 6.725, 12]},
			"faces": {
				"north": {"uv": [1, 0, 2.49912, 0.75], "texture": "#1"},
				"south": {"uv": [1, 0, 2.49912, 0.75], "texture": "#1"},
				"up": {"uv": [1, 1, 2.49912, 2.9911], "texture": "#1"},
				"down": {"uv": [1, 1, 2.49912, 2.9911], "texture": "#1"}
			}
		},
		{
			"from": [8.94322, 7.265, 8.1837],
			"to": [9.70426, 8.075, 8.56422],
			"rotation": {"angle": 45, "axis": "y", "origin": [12, 6.725, 12]},
			"faces": {
				"north": {"uv": [1, 0, 1.70467, 0.75], "texture": "#1"},
				"up": {"uv": [1, 1, 1.70467, 1.35233], "texture": "#1"},
				"down": {"uv": [1, 1, 1.70467, 1.35233], "texture": "#1"}
			}
		},
		{
			"from": [13.5049, 7.265, 11.46186],
			"to": [14.90854, 8.075, 11.95903],
			"rotation": {"angle": -22.5, "axis": "y", "origin": [12, 6.725, 12]},
			"faces": {
				"south": {"uv": [1, 0, 2.29966, 0.75], "texture": "#1"},
				"west": {"uv": [1, 0, 1.46034, 0.75], "texture": "#1"},
				"up": {"uv": [1, 1, 2.29966, 1.46034], "texture": "#1"},
				"down": {"uv": [1, 1, 2.29966, 1.46034], "texture": "#1"}
			}
		},
		{
			"from": [14.70282, 7.265, 10.92481],
			"to": [16.32187, 8.075, 13.07519],
			"rotation": {"angle": 0, "axis": "y", "origin": [12, 6.725, 12]},
			"faces": {
				"north": {"uv": [1, 0, 2.49912, 0.75], "texture": "#1"},
				"south": {"uv": [1, 0, 2.49912, 0.75], "texture": "#1"},
				"up": {"uv": [1, 1, 2.49912, 2.9911], "texture": "#1"},
				"down": {"uv": [1, 1, 2.49912, 2.9911], "texture": "#1"}
			}
		},
		{
			"from": [14.29574, 7.265, 15.43578],
			"to": [15.05678, 8.075, 15.8163],
			"rotation": {"angle": 45, "axis": "y", "origin": [12, 6.725, 12]},
			"faces": {
				"south": {"uv": [1, 0, 1.70467, 0.75], "texture": "#1"},
				"up": {"uv": [1, 1, 1.35233, 1.70467], "rotation": 90, "texture": "#1"},
				"down": {"uv": [1, 1, 1.35233, 1.70467], "rotation": 270, "texture": "#1"}
			}
		},
		{
			"from": [12.54, 7.265, 11.46294],
			"to": [16.86, 8.075, 12.53706],
			"rotation": {"angle": 0, "axis": "y", "origin": [12, 6.725, 12]},
			"faces": {
				"north": {"uv": [1, 0, 5, 0.75], "texture": "#1"},
				"east": {"uv": [1, 0, 1.99456, 0.75], "texture": "#1"},
				"south": {"uv": [1, 0, 5, 0.75], "texture": "#1"},
				"west": {"uv": [1, 0, 1.99456, 0.75], "texture": "#1"},
				"up": {"uv": [1, 1, 5, 1.99456], "texture": "#1"},
				"down": {"uv": [1, 1, 5, 1.99456], "texture": "#1"}
			}
		},
		{
			"from": [13.5049, 7.265, 12.04097],
			"to": [14.90854, 8.075, 12.53814],
			"rotation": {"angle": 22.5, "axis": "y", "origin": [12, 6.725, 12]},
			"faces": {
				"north": {"uv": [1, 0, 2.29966, 0.75], "texture": "#1"},
				"west": {"uv": [1, 0, 1.46034, 0.75], "texture": "#1"},
				"up": {"uv": [1, 1, 2.29966, 1.46034], "texture": "#1"},
				"down": {"uv": [1, 1, 2.29966, 1.46034], "texture": "#1"}
			}
		},
		{
			"from": [15.43578, 7.265, 14.29574],
			"to": [15.8163, 8.075, 15.05678],
			"rotation": {"angle": 45, "axis": "y", "origin": [12, 6.725, 12]},
			"faces": {
				"east": {"uv": [1, 0, 1.70467, 0.75], "texture": "#1"},
				"up": {"uv": [1, 1, 1.70467, 1.35233], "rotation": 90, "texture": "#1"},
				"down": {"uv": [1, 1, 1.70467, 1.35233], "rotation": 270, "texture": "#1"}
			}
		},
		{
			"from": [9.09146, 7.265, 11.46186],
			"to": [10.4951, 8.075, 11.95903],
			"rotation": {"angle": -22.5, "axis": "y", "origin": [12, 6.725, 12]},
			"faces": {
				"east": {"uv": [1, 0, 1.46034, 0.75], "texture": "#1"},
				"south": {"uv": [1, 0, 2.29967, 0.75], "texture": "#1"},
				"up": {"uv": [1, 1, 2.29967, 1.46034], "texture": "#1"},
				"down": {"uv": [1, 1, 2.29967, 1.46034], "texture": "#1"}
			}
		},
		{
			"from": [8.1837, 7.265, 8.94322],
			"to": [8.56422, 8.075, 9.70427],
			"rotation": {"angle": 0, "axis": "y", "origin": [12, 6.725, 12]},
			"faces": {
				"west": {"uv": [1, 0, 1.70467, 0.75], "texture": "#1"},
				"up": {"uv": [1, 1, 1.35233, 1.70467], "texture": "#1"},
				"down": {"uv": [1, 1, 1.35233, 1.70467], "texture": "#1"}
			}
		},
		{
			"from": [11.46294, 7.265, 7.14],
			"to": [12.53706, 8.075, 11.46],
			"rotation": {"angle": 45, "axis": "y", "origin": [12, 6.725, 12]},
			"faces": {
				"north": {"uv": [1, 0, 1.99456, 0.75], "texture": "#1"},
				"east": {"uv": [1, 0, 5, 0.75], "texture": "#1"},
				"south": {"uv": [1, 0, 1.99456, 0.75], "texture": "#1"},
				"west": {"uv": [1, 0, 5, 0.75], "texture": "#1"},
				"up": {"uv": [1, 1, 5, 1.99456], "rotation": 90, "texture": "#1"},
				"down": {"uv": [1, 1, 5, 1.99456], "rotation": 270, "texture": "#1"}
			}
		},
		{
			"from": [11.46186, 7.265, 9.09146],
			"to": [11.95903, 8.075, 10.4951],
			"rotation": {"angle": 22.5, "axis": "y", "origin": [12, 6.725, 12]},
			"faces": {
				"east": {"uv": [1, 0, 2.29967, 0.75], "texture": "#1"},
				"south": {"uv": [1, 0, 1.46034, 0.75], "texture": "#1"},
				"up": {"uv": [1, 1, 1.46034, 2.29967], "texture": "#1"},
				"down": {"uv": [1, 1, 1.46034, 2.29967], "texture": "#1"}
			}
		},
		{
			"from": [10.92481, 7.265, 7.67813],
			"to": [13.07519, 8.075, 9.29718],
			"rotation": {"angle": 45, "axis": "y", "origin": [12, 6.725, 12]},
			"faces": {
				"east": {"uv": [1, 0, 2.49912, 0.75], "texture": "#1"},
				"west": {"uv": [1, 0, 2.49912, 0.75], "texture": "#1"},
				"up": {"uv": [1, 1, 2.49912, 2.9911], "rotation": 90, "texture": "#1"},
				"down": {"uv": [1, 1, 2.49912, 2.9911], "rotation": 270, "texture": "#1"}
			}
		},
		{
			"from": [8.94322, 7.265, 8.1837],
			"to": [9.70427, 8.075, 8.56422],
			"rotation": {"angle": 0, "axis": "y", "origin": [12, 6.725, 12]},
			"faces": {
				"north": {"uv": [1, 0, 1.70467, 0.75], "texture": "#1"},
				"up": {"uv": [1, 1, 1.70467, 1.35233], "texture": "#1"},
				"down": {"uv": [1, 1, 1.70467, 1.35233], "texture": "#1"}
			}
		},
		{
			"from": [13.5049, 7.265, 11.46186],
			"to": [14.90854, 8.075, 11.95903],
			"rotation": {"angle": 22.5, "axis": "y", "origin": [12, 6.725, 12]},
			"faces": {
				"south": {"uv": [1, 0, 2.29967, 0.75], "texture": "#1"},
				"west": {"uv": [1, 0, 1.46034, 0.75], "texture": "#1"},
				"up": {"uv": [1, 1, 2.29967, 1.46034], "texture": "#1"},
				"down": {"uv": [1, 1, 2.29967, 1.46034], "texture": "#1"}
			}
		},
		{
			"from": [14.70282, 7.265, 10.92481],
			"to": [16.32187, 8.075, 13.07519],
			"rotation": {"angle": 45, "axis": "y", "origin": [12, 6.725, 12]},
			"faces": {
				"north": {"uv": [1, 0, 2.49912, 0.75], "texture": "#1"},
				"south": {"uv": [1, 0, 2.49912, 0.75], "texture": "#1"},
				"up": {"uv": [1, 1, 2.49912, 2.9911], "texture": "#1"},
				"down": {"uv": [1, 1, 2.49912, 2.9911], "texture": "#1"}
			}
		},
		{
			"from": [15.43578, 7.265, 8.94322],
			"to": [15.8163, 8.075, 9.70427],
			"rotation": {"angle": 0, "axis": "y", "origin": [12, 6.725, 12]},
			"faces": {
				"east": {"uv": [1, 0, 1.70467, 0.75], "texture": "#1"},
				"up": {"uv": [1, 1, 1.35233, 1.70467], "texture": "#1"},
				"down": {"uv": [1, 1, 1.35233, 1.70467], "texture": "#1"}
			}
		},
		{
			"from": [12.54, 7.265, 11.46294],
			"to": [16.86, 8.075, 12.53706],
			"rotation": {"angle": 45, "axis": "y", "origin": [12, 6.725, 12]},
			"faces": {
				"north": {"uv": [1, 0, 5, 0.75], "texture": "#1"},
				"east": {"uv": [1, 0, 1.99456, 0.75], "texture": "#1"},
				"south": {"uv": [1, 0, 5, 0.75], "texture": "#1"},
				"west": {"uv": [1, 0, 1.99456, 0.75], "texture": "#1"},
				"up": {"uv": [1, 1, 5, 1.99456], "texture": "#1"},
				"down": {"uv": [1, 1, 5, 1.99456], "texture": "#1"}
			}
		},
		{
			"from": [12.04097, 7.265, 9.09146],
			"to": [12.53814, 8.075, 10.4951],
			"rotation": {"angle": -22.5, "axis": "y", "origin": [12, 6.725, 12]},
			"faces": {
				"south": {"uv": [1, 0, 1.46034, 0.75], "texture": "#1"},
				"west": {"uv": [1, 0, 2.29967, 0.75], "texture": "#1"},
				"up": {"uv": [1, 1, 1.46034, 2.29967], "texture": "#1"},
				"down": {"uv": [1, 1, 1.46034, 2.29967], "texture": "#1"}
			}
		},
		{
			"from": [14.29573, 7.265, 8.1837],
			"to": [15.05678, 8.075, 8.56422],
			"rotation": {"angle": 0, "axis": "y", "origin": [12, 6.725, 12]},
			"faces": {
				"north": {"uv": [1, 0, 1.70467, 0.75], "texture": "#1"},
				"up": {"uv": [1, 1, 1.70467, 1.35233], "texture": "#1"},
				"down": {"uv": [1, 1, 1.70467, 1.35233], "texture": "#1"}
			}
		},
		{
			"from": [13.5049, 7.265, 12.04097],
			"to": [14.90854, 8.075, 12.53814],
			"rotation": {"angle": -22.5, "axis": "y", "origin": [12, 6.725, 12]},
			"faces": {
				"north": {"uv": [1, 0, 2.29967, 0.75], "texture": "#1"},
				"west": {"uv": [1, 0, 1.46034, 0.75], "texture": "#1"},
				"up": {"uv": [1, 1, 2.29967, 1.46034], "texture": "#1"},
				"down": {"uv": [1, 1, 2.29967, 1.46034], "texture": "#1"}
			}
		},
		{
			"from": [15.43578, 7.265, 14.29573],
			"to": [15.8163, 8.075, 15.05678],
			"rotation": {"angle": 0, "axis": "y", "origin": [12, 6.725, 12]},
			"faces": {
				"east": {"uv": [1, 0, 1.70467, 0.75], "texture": "#1"},
				"up": {"uv": [1, 1, 1.35233, 1.70467], "texture": "#1"},
				"down": {"uv": [1, 1, 1.35233, 1.70467], "texture": "#1"}
			}
		},
		{
			"from": [11.46294, 7.265, 12.54],
			"to": [12.53706, 8.075, 16.86],
			"rotation": {"angle": 45, "axis": "y", "origin": [12, 6.725, 12]},
			"faces": {
				"north": {"uv": [1, 0, 1.99456, 0.75], "texture": "#1"},
				"east": {"uv": [1, 0, 5, 0.75], "texture": "#1"},
				"south": {"uv": [1, 0, 1.99456, 0.75], "texture": "#1"},
				"west": {"uv": [1, 0, 5, 0.75], "texture": "#1"},
				"up": {"uv": [1, 1, 5, 1.99456], "rotation": 90, "texture": "#1"},
				"down": {"uv": [1, 1, 5, 1.99456], "rotation": 270, "texture": "#1"}
			}
		},
		{
			"from": [12.04097, 7.265, 13.5049],
			"to": [12.53814, 8.075, 14.90854],
			"rotation": {"angle": 22.5, "axis": "y", "origin": [12, 6.725, 12]},
			"faces": {
				"north": {"uv": [1, 0, 1.46034, 0.75], "texture": "#1"},
				"west": {"uv": [1, 0, 2.29967, 0.75], "texture": "#1"},
				"up": {"uv": [1, 1, 1.46034, 2.29967], "texture": "#1"},
				"down": {"uv": [1, 1, 1.46034, 2.29967], "texture": "#1"}
			}
		},
		{
			"from": [10.92481, 7.265, 14.70282],
			"to": [13.07519, 8.075, 16.32187],
			"rotation": {"angle": 45, "axis": "y", "origin": [12, 6.725, 12]},
			"faces": {
				"east": {"uv": [1, 0, 2.49912, 0.75], "texture": "#1"},
				"west": {"uv": [1, 0, 2.49912, 0.75], "texture": "#1"},
				"up": {"uv": [1, 1, 2.49912, 2.9911], "rotation": 90, "texture": "#1"},
				"down": {"uv": [1, 1, 2.49912, 2.9911], "rotation": 270, "texture": "#1"}
			}
		},
		{
			"from": [14.29573, 7.265, 15.43578],
			"to": [15.05678, 8.075, 15.8163],
			"rotation": {"angle": 0, "axis": "y", "origin": [12, 6.725, 12]},
			"faces": {
				"south": {"uv": [1, 0, 1.70467, 0.75], "texture": "#1"},
				"up": {"uv": [1, 1, 1.70467, 1.35233], "texture": "#1"},
				"down": {"uv": [1, 1, 1.70467, 1.35233], "texture": "#1"}
			}
		},
		{
			"from": [9.09146, 7.265, 12.04097],
			"to": [10.4951, 8.075, 12.53814],
			"rotation": {"angle": 22.5, "axis": "y", "origin": [12, 6.725, 12]},
			"faces": {
				"north": {"uv": [1, 0, 2.29967, 0.75], "texture": "#1"},
				"east": {"uv": [1, 0, 1.46034, 0.75], "texture": "#1"},
				"up": {"uv": [1, 1, 2.29967, 1.46034], "texture": "#1"},
				"down": {"uv": [1, 1, 2.29967, 1.46034], "texture": "#1"}
			}
		},
		{
			"from": [7.67813, 7.265, 10.92481],
			"to": [9.29718, 8.075, 13.07519],
			"rotation": {"angle": 45, "axis": "y", "origin": [12, 6.725, 12]},
			"faces": {
				"north": {"uv": [1, 0, 2.49912, 0.75], "texture": "#1"},
				"south": {"uv": [1, 0, 2.49912, 0.75], "texture": "#1"},
				"up": {"uv": [1, 1, 2.49912, 2.9911], "texture": "#1"},
				"down": {"uv": [1, 1, 2.49912, 2.9911], "texture": "#1"}
			}
		},
		{
			"from": [8.1837, 7.265, 14.29573],
			"to": [8.56422, 8.075, 15.05678],
			"rotation": {"angle": 0, "axis": "y", "origin": [12, 6.725, 12]},
			"faces": {
				"west": {"uv": [1, 0, 1.70467, 0.75], "texture": "#1"},
				"up": {"uv": [1, 1, 1.35233, 1.70467], "texture": "#1"},
				"down": {"uv": [1, 1, 1.35233, 1.70467], "texture": "#1"}
			}
		},
		{
			"from": [7.14, 7.265, 11.46294],
			"to": [11.46, 8.075, 12.53706],
			"rotation": {"angle": 45, "axis": "y", "origin": [12, 6.725, 12]},
			"faces": {
				"north": {"uv": [1, 0, 5, 0.75], "texture": "#1"},
				"east": {"uv": [1, 0, 1.99456, 0.75], "texture": "#1"},
				"south": {"uv": [1, 0, 5, 0.75], "texture": "#1"},
				"west": {"uv": [1, 0, 1.99456, 0.75], "texture": "#1"},
				"up": {"uv": [1, 1, 5, 1.99456], "texture": "#1"},
				"down": {"uv": [1, 1, 5, 1.99456], "texture": "#1"}
			}
		},
		{
			"from": [11.46186, 7.265, 13.5049],
			"to": [11.95903, 8.075, 14.90854],
			"rotation": {"angle": -22.5, "axis": "y", "origin": [12, 6.725, 12]},
			"faces": {
				"north": {"uv": [1, 0, 1.46034, 0.75], "texture": "#1"},
				"east": {"uv": [1, 0, 2.29967, 0.75], "texture": "#1"},
				"up": {"uv": [1, 1, 1.46034, 2.29967], "texture": "#1"},
				"down": {"uv": [1, 1, 1.46034, 2.29967], "texture": "#1"}
			}
		},
		{
			"from": [8.94322, 7.265, 15.43578],
			"to": [9.70427, 8.075, 15.8163],
			"rotation": {"angle": 0, "axis": "y", "origin": [12, 6.725, 12]},
			"faces": {
				"south": {"uv": [1, 0, 1.70467, 0.75], "texture": "#1"},
				"up": {"uv": [1, 1, 1.70467, 1.35233], "texture": "#1"},
				"down": {"uv": [1, 1, 1.70467, 1.35233], "texture": "#1"}
			}
		},
		{
			"from": [12.04097, 7.265, 9.09146],
			"to": [12.53814, 8.075, 10.4951],
			"rotation": {"angle": 22.5, "axis": "y", "origin": [12, 6.725, 12]},
			"faces": {
				"south": {"uv": [1, 0, 1.46034, 0.75], "texture": "#1"},
				"west": {"uv": [1, 0, 2.29967, 0.75], "texture": "#1"},
				"up": {"uv": [1, 1, 1.46034, 2.29967], "texture": "#1"},
				"down": {"uv": [1, 1, 1.46034, 2.29967], "texture": "#1"}
			}
		},
		{
			"from": [14.29573, 7.265, 8.1837],
			"to": [15.05678, 8.075, 8.56422],
			"rotation": {"angle": 45, "axis": "y", "origin": [12, 6.725, 12]},
			"faces": {
				"north": {"uv": [1, 0, 1.70467, 0.75], "texture": "#1"},
				"up": {"uv": [1, 1, 1.35233, 1.70467], "rotation": 90, "texture": "#1"},
				"down": {"uv": [1, 1, 1.35233, 1.70467], "rotation": 270, "texture": "#1"}
			}
		},
		{
			"from": [11.46294, 7.265, 7.14],
			"to": [12.53706, 8.075, 11.46],
			"rotation": {"angle": 0, "axis": "y", "origin": [12, 6.725, 12]},
			"faces": {
				"north": {"uv": [1, 0, 1.99456, 0.75], "texture": "#1"},
				"east": {"uv": [1, 0, 5, 0.75], "texture": "#1"},
				"south": {"uv": [1, 0, 1.99456, 0.75], "texture": "#1"},
				"west": {"uv": [1, 0, 5, 0.75], "texture": "#1"},
				"up": {"uv": [1, 1, 1.99456, 5], "texture": "#1"},
				"down": {"uv": [1, 1, 1.99456, 5], "texture": "#1"}
			}
		},
		{
			"from": [11.46186, 7.265, 9.09146],
			"to": [11.95903, 8.075, 10.4951],
			"rotation": {"angle": -22.5, "axis": "y", "origin": [12, 6.725, 12]},
			"faces": {
				"east": {"uv": [1, 0, 2.29967, 0.75], "texture": "#1"},
				"south": {"uv": [1, 0, 1.46034, 0.75], "texture": "#1"},
				"up": {"uv": [1, 1, 1.46034, 2.29967], "texture": "#1"},
				"down": {"uv": [1, 1, 1.46034, 2.29967], "texture": "#1"}
			}
		},
		{
			"from": [10.92481, 7.265, 7.67813],
			"to": [13.07519, 8.075, 9.29718],
			"rotation": {"angle": 0, "axis": "y", "origin": [12, 6.725, 12]},
			"faces": {
				"east": {"uv": [1, 0, 2.49912, 0.75], "texture": "#1"},
				"west": {"uv": [1, 0, 2.49912, 0.75], "texture": "#1"},
				"up": {"uv": [1, 1, 2.9911, 2.49912], "texture": "#1"},
				"down": {"uv": [1, 1, 2.9911, 2.49912], "texture": "#1"}
			}
		},
		{
			"from": [15.43578, 7.265, 8.94322],
			"to": [15.8163, 8.075, 9.70426],
			"rotation": {"angle": 45, "axis": "y", "origin": [12, 6.725, 12]},
			"faces": {
				"east": {"uv": [1, 0, 1.70466, 0.75], "texture": "#1"},
				"up": {"uv": [1, 1, 1.70466, 1.35233], "rotation": 90, "texture": "#1"},
				"down": {"uv": [1, 1, 1.70466, 1.35233], "rotation": 270, "texture": "#1"}
			}
		},
		{
			"from": [12.04097, 7.265, 13.5049],
			"to": [12.53814, 8.075, 14.90854],
			"rotation": {"angle": -22.5, "axis": "y", "origin": [12, 6.725, 12]},
			"faces": {
				"north": {"uv": [1, 0, 1.46034, 0.75], "texture": "#1"},
				"west": {"uv": [1, 0, 2.29967, 0.75], "texture": "#1"},
				"up": {"uv": [1, 1, 1.46034, 2.29967], "texture": "#1"},
				"down": {"uv": [1, 1, 1.46034, 2.29967], "texture": "#1"}
			}
		},
		{
			"from": [10.92481, 7.265, 14.70282],
			"to": [13.07519, 8.075, 16.32187],
			"rotation": {"angle": 0, "axis": "y", "origin": [12, 6.725, 12]},
			"faces": {
				"east": {"uv": [1, 0, 2.49912, 0.75], "texture": "#1"},
				"west": {"uv": [1, 0, 2.49912, 0.75], "texture": "#1"},
				"up": {"uv": [1, 1, 2.9911, 2.49912], "texture": "#1"},
				"down": {"uv": [1, 1, 2.9911, 2.49912], "texture": "#1"}
			}
		},
		{
			"from": [8.1837, 7.265, 14.29573],
			"to": [8.56422, 8.075, 15.05678],
			"rotation": {"angle": 45, "axis": "y", "origin": [12, 6.725, 12]},
			"faces": {
				"west": {"uv": [1, 0, 1.70467, 0.75], "texture": "#1"},
				"up": {"uv": [1, 1, 1.35233, 1.70467], "texture": "#1"},
				"down": {"uv": [1, 1, 1.35233, 1.70467], "texture": "#1"}
			}
		},
		{
			"from": [11.46294, 7.265, 12.54],
			"to": [12.53706, 8.075, 16.86],
			"rotation": {"angle": 0, "axis": "y", "origin": [12, 6.725, 12]},
			"faces": {
				"north": {"uv": [1, 0, 1.99456, 0.75], "texture": "#1"},
				"east": {"uv": [1, 0, 5, 0.75], "texture": "#1"},
				"south": {"uv": [1, 0, 1.99456, 0.75], "texture": "#1"},
				"west": {"uv": [1, 0, 5, 0.75], "texture": "#1"},
				"up": {"uv": [1, 1, 1.99456, 5], "texture": "#1"},
				"down": {"uv": [1, 1, 1.99456, 5], "texture": "#1"}
			}
		},
		{
			"from": [11.46186, 7.265, 13.5049],
			"to": [11.95903, 8.075, 14.90854],
			"rotation": {"angle": 22.5, "axis": "y", "origin": [12, 6.725, 12]},
			"faces": {
				"north": {"uv": [1, 0, 1.46034, 0.75], "texture": "#1"},
				"east": {"uv": [1, 0, 2.29967, 0.75], "texture": "#1"},
				"up": {"uv": [1, 1, 1.46034, 2.29967], "texture": "#1"},
				"down": {"uv": [1, 1, 1.46034, 2.29967], "texture": "#1"}
			}
		},
		{
			"from": [8.94322, 7.265, 15.43578],
			"to": [9.70426, 8.075, 15.8163],
			"rotation": {"angle": 45, "axis": "y", "origin": [12, 6.725, 12]},
			"faces": {
				"south": {"uv": [1, 0, 1.70466, 0.75], "texture": "#1"},
				"up": {"uv": [1, 1, 1.70466, 1.35233], "texture": "#1"},
				"down": {"uv": [1, 1, 1.70466, 1.35233], "texture": "#1"}
			}
		},
		{
			"from": [11.32897, 5.375, 10.38],
			"to": [12.67103, 7.535, 13.62],
			"rotation": {"angle": 45, "axis": "y", "origin": [12, 6.455, 12]},
			"faces": {
				"north": {"uv": [1, 1, 2.34205, 3.16], "texture": "#1"},
				"south": {"uv": [1, 1, 2.34205, 3.16], "texture": "#1"},
				"up": {"uv": [1, 1, 2.34205, 4.24], "texture": "#1"}
			}
		},
		{
			"from": [11.32897, 5.375, 10.38],
			"to": [12.67103, 7.535, 13.62],
			"rotation": {"angle": 0, "axis": "y", "origin": [12, 6.455, 12]},
			"faces": {
				"north": {"uv": [1, 1, 2.34205, 3.16], "texture": "#1"},
				"south": {"uv": [1, 1, 2.34205, 3.16], "texture": "#1"},
				"up": {"uv": [1, 1, 2.34205, 4.24], "texture": "#1"}
			}
		},
		{
			"from": [10.38, 5.375, 11.32897],
			"to": [13.62, 7.535, 12.67103],
			"rotation": {"angle": 45, "axis": "y", "origin": [12, 6.455, 12]},
			"faces": {
				"east": {"uv": [1, 1, 2.34205, 3.16], "texture": "#1"},
				"west": {"uv": [1, 1, 2.34205, 3.16], "texture": "#1"},
				"up": {"uv": [1, 1, 4.24, 2.34205], "texture": "#1"}
			}
		},
		{
			"from": [10.38, 5.375, 11.32897],
			"to": [13.62, 7.535, 12.67103],
			"rotation": {"angle": 0, "axis": "y", "origin": [12, 6.455, 12]},
			"faces": {
				"east": {"uv": [1, 1, 2.34205, 3.16], "texture": "#1"},
				"west": {"uv": [1, 1, 2.34205, 3.16], "texture": "#1"},
				"up": {"uv": [1, 1, 4.24, 2.34205], "texture": "#1"}
			}
		}
	],
	"display": {
		"thirdperson_righthand": {
			"rotation": [75, 45, 0],
			"translation": [0, 2.5, 0],
			"scale": [0.375, 0.375, 0.375]
		},
		"thirdperson_lefthand": {
			"rotation": [75, 45, 0],
			"translation": [0, 2.5, 0],
			"scale": [0.375, 0.375, 0.375]
		},
		"firstperson_righthand": {
			"rotation": [0, 45, 0],
			"translation": [0, 3, 0],
			"scale": [0.4, 0.4, 0.4]
		},
		"firstperson_lefthand": {
			"rotation": [0, 45, 0],
			"translation": [0, 3, 0],
			"scale": [0.4, 0.4, 0.4]
		},
		"ground": {
			"translation": [0, 3, 0],
			"scale": [0.25, 0.25, 0.25]
		},
		"gui": {
			"rotation": [30, 0, 0],
			"translation": [0, 2.75, 0],
			"scale": [0.7, 0.7, 0.7]
		},
		"head": {
			"translation": [0, 14.5, 0]
		},
		"fixed": {
			"scale": [0.5, 0.5, 0.5]
		}
	},
	"groups": [
		{
			"name": "round_plate2x2_simple",
			"origin": [8, 8, 8],
			"color": 0,
			"children": [
				{
					"name": "round_brick",
					"origin": [8, 8, 8],
					"color": 0,
					"children": [0, 1, 2, 3, 4, 5, 6, 7, 8, 9, 10, 11, 12, 13, 14, 15, 16, 17, 18]
				},
				{
					"name": "circle_bottom",
					"origin": [8, 8, 8],
					"color": 0,
					"children": [19, 20, 21, 22, 23, 24, 25, 26]
				},
				{
					"name": ".studs_simple",
					"origin": [8, 8, 8],
					"color": 0,
					"children": [
						{
							"name": "stud",
							"origin": [8, 8, 8],
							"color": 0,
							"children": [27, 28, 29, 30]
						},
						{
							"name": "stud",
							"origin": [8, 8, 8],
							"color": 0,
							"children": [31, 32, 33, 34]
						}
					]
				}
			]
		},
		{
			"name": "small_round1x1_simple",
			"origin": [8, 8, 8],
			"color": 0,
			"children": [
				{
					"name": "top",
					"origin": [8, 8, 8],
					"color": 0,
					"children": [35, 36, 37, 38]
				},
				{
					"name": "center",
					"origin": [8, 8, 8],
					"color": 0,
					"children": [39, 40, 41, 42]
				},
				{
					"name": "bottom",
					"origin": [8, 8, 8],
					"color": 0,
					"children": [43, 44, 45, 46]
				}
			]
		},
		{
			"name": "small_round_corners1x1",
			"origin": [8, 8, 8],
			"color": 0,
			"children": [
				{
					"name": "center",
					"origin": [8, 8, 8],
					"color": 0,
					"children": [47, 48, 49, 50, 51, 52, 53, 54, 55, 56, 57, 58, 59, 60]
				},
				{
					"name": "top",
					"origin": [8, 8, 8],
					"color": 0,
					"children": [61, 62, 63, 64]
				},
				{
					"name": "bottom",
					"origin": [8, 8, 8],
					"color": 0,
					"children": [65, 66, 67, 68]
				}
			]
		},
		{
			"name": "small_round_flower1x1",
			"origin": [8, 8, 8],
			"color": 0,
			"children": [
				{
					"name": "top",
					"origin": [8, 8, 8],
					"color": 0,
					"children": [
						{
							"name": "leave",
							"origin": [4.38196, 3.375, 7.32402],
							"color": 0,
							"children": [69, 70, 71, 72, 73, 74]
						},
						{
							"name": "leave",
							"origin": [4.38196, 3.375, 7.32402],
							"color": 0,
							"children": [75, 76, 77, 78, 79, 80]
						},
						{
							"name": "leave",
							"origin": [4.38196, 3.375, 7.32402],
							"color": 0,
							"children": [81, 82, 83, 84, 85, 86]
						},
						{
							"name": "leave",
							"origin": [4.38196, 3.375, 7.32402],
							"color": 0,
							"children": [87, 88, 89, 90, 91, 92]
						},
						{
							"name": "leave",
							"origin": [4.38196, 3.375, 7.32402],
							"color": 0,
							"children": [93, 94, 95, 96, 97, 98]
						},
						{
							"name": "leave",
							"origin": [4.38196, 3.375, 7.32402],
							"color": 0,
							"children": [99, 100, 101, 102, 103, 104]
						},
						{
							"name": "leave",
							"origin": [4.38196, 3.375, 7.32402],
							"color": 0,
							"children": [105, 106, 107, 108, 109, 110]
						},
						{
							"name": "leave",
							"origin": [4.38196, 3.375, 7.32402],
							"color": 0,
							"children": [111, 112, 113, 114, 115, 116]
						}
					]
				},
				{
					"name": "bottom",
					"origin": [8, 8, 8],
					"color": 0,
					"children": [117, 118, 119, 120]
				}
			]
		}
	]
}