{
	"credit": "AlexTestria | https://alex-bauerndistel.de",
	"textures": {
		"0": "brickcraft/material/plastics/texture/brain_coral01",
		"1": "brickcraft/material/plastics/texture/brain_coral02",
		"particle": "brickcraft/material/plastics/texture/brain_coral01"
	},
	"elements": [
		{
			"from": [8.76829, 12.2875, 3.40207],
			"to": [10.32788, 13.1875, 3.95447],
			"rotation": {"angle": 22.5, "axis": "y", "origin": [12, 11.6875, 4]},
			"faces": {
				"east": {"uv": [1, 0, 1.46034, 0.75], "texture": "#0"},
				"south": {"uv": [1, 0, 2.29966, 0.75], "texture": "#0"},
				"up": {"uv": [1, 1, 2.29966, 1.46034], "texture": "#0"},
				"down": {"uv": [1, 1, 2.29966, 1.46034], "texture": "#0"}
			}
		},
		{
			"from": [7.75967, 12.2875, 0.60358],
			"to": [8.18246, 13.1875, 1.44918],
			"rotation": {"angle": 45, "axis": "y", "origin": [12, 11.6875, 4]},
			"faces": {
				"west": {"uv": [1, 0, 1.70467, 0.75], "texture": "#0"},
				"up": {"uv": [1, 1, 1.35233, 1.70467], "texture": "#0"},
				"down": {"uv": [1, 1, 1.35233, 1.70467], "texture": "#0"}
			}
		},
		{
			"from": [6.6, 12.2875, 3.40326],
			"to": [11.4, 13.1875, 4.59674],
			"rotation": {"angle": 0, "axis": "y", "origin": [12, 11.6875, 4]},
			"faces": {
				"north": {"uv": [1, 0, 5, 0.75], "texture": "#0"},
				"east": {"uv": [1, 0, 1.99456, 0.75], "texture": "#0"},
				"south": {"uv": [1, 0, 5, 0.75], "texture": "#0"},
				"west": {"uv": [1, 0, 1.99456, 0.75], "texture": "#0"},
				"up": {"uv": [1, 1, 5, 1.99456], "texture": "#0"},
				"down": {"uv": [1, 1, 5, 1.99456], "texture": "#0"}
			}
		},
		{
			"from": [8.76829, 12.2875, 4.04553],
			"to": [10.32788, 13.1875, 4.59793],
			"rotation": {"angle": -22.5, "axis": "y", "origin": [12, 11.6875, 4]},
			"faces": {
				"north": {"uv": [1, 0, 2.29966, 0.75], "texture": "#0"},
				"east": {"uv": [1, 0, 1.46034, 0.75], "texture": "#0"},
				"up": {"uv": [1, 1, 2.29966, 1.46034], "texture": "#0"},
				"down": {"uv": [1, 1, 2.29966, 1.46034], "texture": "#0"}
			}
		},
		{
			"from": [7.19792, 12.2875, 2.80534],
			"to": [8.99687, 13.1875, 5.19466],
			"rotation": {"angle": 0, "axis": "y", "origin": [12, 11.6875, 4]},
			"faces": {
				"north": {"uv": [1, 0, 2.49912, 0.75], "texture": "#0"},
				"south": {"uv": [1, 0, 2.49912, 0.75], "texture": "#0"},
				"up": {"uv": [1, 1, 2.49912, 2.9911], "texture": "#0"},
				"down": {"uv": [1, 1, 2.49912, 2.9911], "texture": "#0"}
			}
		},
		{
			"from": [8.60358, 12.2875, -0.24033],
			"to": [9.44918, 13.1875, 0.18246],
			"rotation": {"angle": 45, "axis": "y", "origin": [12, 11.6875, 4]},
			"faces": {
				"north": {"uv": [1, 0, 1.70467, 0.75], "texture": "#0"},
				"up": {"uv": [1, 1, 1.70467, 1.35233], "texture": "#0"},
				"down": {"uv": [1, 1, 1.70467, 1.35233], "texture": "#0"}
			}
		},
		{
			"from": [13.67212, 12.2875, 3.40207],
			"to": [15.23171, 13.1875, 3.95447],
			"rotation": {"angle": -22.5, "axis": "y", "origin": [12, 11.6875, 4]},
			"faces": {
				"south": {"uv": [1, 0, 2.29966, 0.75], "texture": "#0"},
				"west": {"uv": [1, 0, 1.46034, 0.75], "texture": "#0"},
				"up": {"uv": [1, 1, 2.29966, 1.46034], "texture": "#0"},
				"down": {"uv": [1, 1, 2.29966, 1.46034], "texture": "#0"}
			}
		},
		{
			"from": [15.00313, 12.2875, 2.80534],
			"to": [16.80208, 13.1875, 5.19466],
			"rotation": {"angle": 0, "axis": "y", "origin": [12, 11.6875, 4]},
			"faces": {
				"north": {"uv": [1, 0, 2.49912, 0.75], "texture": "#0"},
				"south": {"uv": [1, 0, 2.49912, 0.75], "texture": "#0"},
				"up": {"uv": [1, 1, 2.49912, 2.9911], "texture": "#0"},
				"down": {"uv": [1, 1, 2.49912, 2.9911], "texture": "#0"}
			}
		},
		{
			"from": [14.55082, 12.2875, 7.81754],
			"to": [15.39642, 13.1875, 8.24033],
			"rotation": {"angle": 45, "axis": "y", "origin": [12, 11.6875, 4]},
			"faces": {
				"south": {"uv": [1, 0, 1.70467, 0.75], "texture": "#0"},
				"up": {"uv": [1, 1, 1.35233, 1.70467], "rotation": 90, "texture": "#0"},
				"down": {"uv": [1, 1, 1.35233, 1.70467], "rotation": 270, "texture": "#0"}
			}
		},
		{
			"from": [12.6, 12.2875, 3.40326],
			"to": [17.4, 13.1875, 4.59674],
			"rotation": {"angle": 0, "axis": "y", "origin": [12, 11.6875, 4]},
			"faces": {
				"north": {"uv": [1, 0, 5, 0.75], "texture": "#0"},
				"east": {"uv": [1, 0, 1.99456, 0.75], "texture": "#0"},
				"south": {"uv": [1, 0, 5, 0.75], "texture": "#0"},
				"west": {"uv": [1, 0, 1.99456, 0.75], "texture": "#0"},
				"up": {"uv": [1, 1, 5, 1.99456], "texture": "#0"},
				"down": {"uv": [1, 1, 5, 1.99456], "texture": "#0"}
			}
		},
		{
			"from": [13.67212, 12.2875, 4.04553],
			"to": [15.23171, 13.1875, 4.59793],
			"rotation": {"angle": 22.5, "axis": "y", "origin": [12, 11.6875, 4]},
			"faces": {
				"north": {"uv": [1, 0, 2.29966, 0.75], "texture": "#0"},
				"west": {"uv": [1, 0, 1.46034, 0.75], "texture": "#0"},
				"up": {"uv": [1, 1, 2.29966, 1.46034], "texture": "#0"},
				"down": {"uv": [1, 1, 2.29966, 1.46034], "texture": "#0"}
			}
		},
		{
			"from": [15.81754, 12.2875, 6.55082],
			"to": [16.24033, 13.1875, 7.39642],
			"rotation": {"angle": 45, "axis": "y", "origin": [12, 11.6875, 4]},
			"faces": {
				"east": {"uv": [1, 0, 1.70467, 0.75], "texture": "#0"},
				"up": {"uv": [1, 1, 1.70467, 1.35233], "rotation": 90, "texture": "#0"},
				"down": {"uv": [1, 1, 1.70467, 1.35233], "rotation": 270, "texture": "#0"}
			}
		},
		{
			"from": [8.76829, 12.2875, 3.40207],
			"to": [10.32789, 13.1875, 3.95447],
			"rotation": {"angle": -22.5, "axis": "y", "origin": [12, 11.6875, 4]},
			"faces": {
				"east": {"uv": [1, 0, 1.46034, 0.75], "texture": "#0"},
				"south": {"uv": [1, 0, 2.29967, 0.75], "texture": "#0"},
				"up": {"uv": [1, 1, 2.29967, 1.46034], "texture": "#0"},
				"down": {"uv": [1, 1, 2.29967, 1.46034], "texture": "#0"}
			}
		},
		{
			"from": [7.75967, 12.2875, 0.60358],
			"to": [8.18246, 13.1875, 1.44918],
			"rotation": {"angle": 0, "axis": "y", "origin": [12, 11.6875, 4]},
			"faces": {
				"west": {"uv": [1, 0, 1.70467, 0.75], "texture": "#0"},
				"up": {"uv": [1, 1, 1.35233, 1.70467], "texture": "#0"},
				"down": {"uv": [1, 1, 1.35233, 1.70467], "texture": "#0"}
			}
		},
		{
			"from": [11.40326, 12.2875, -1.4],
			"to": [12.59674, 13.1875, 3.4],
			"rotation": {"angle": 45, "axis": "y", "origin": [12, 11.6875, 4]},
			"faces": {
				"north": {"uv": [1, 0, 1.99456, 0.75], "texture": "#0"},
				"east": {"uv": [1, 0, 5, 0.75], "texture": "#0"},
				"south": {"uv": [1, 0, 1.99456, 0.75], "texture": "#0"},
				"west": {"uv": [1, 0, 5, 0.75], "texture": "#0"},
				"up": {"uv": [1, 1, 5, 1.99456], "rotation": 90, "texture": "#0"},
				"down": {"uv": [1, 1, 5, 1.99456], "rotation": 270, "texture": "#0"}
			}
		},
		{
			"from": [11.40207, 12.2875, 0.76829],
			"to": [11.95447, 13.1875, 2.32789],
			"rotation": {"angle": 22.5, "axis": "y", "origin": [12, 11.6875, 4]},
			"faces": {
				"east": {"uv": [1, 0, 2.29967, 0.75], "texture": "#0"},
				"south": {"uv": [1, 0, 1.46034, 0.75], "texture": "#0"},
				"up": {"uv": [1, 1, 1.46034, 2.29967], "texture": "#0"},
				"down": {"uv": [1, 1, 1.46034, 2.29967], "texture": "#0"}
			}
		},
		{
			"from": [10.80534, 12.2875, -0.80208],
			"to": [13.19466, 13.1875, 0.99687],
			"rotation": {"angle": 45, "axis": "y", "origin": [12, 11.6875, 4]},
			"faces": {
				"east": {"uv": [1, 0, 2.49912, 0.75], "texture": "#0"},
				"west": {"uv": [1, 0, 2.49912, 0.75], "texture": "#0"},
				"up": {"uv": [1, 1, 2.49912, 2.9911], "rotation": 90, "texture": "#0"},
				"down": {"uv": [1, 1, 2.49912, 2.9911], "rotation": 270, "texture": "#0"}
			}
		},
		{
			"from": [8.60358, 12.2875, -0.24033],
			"to": [9.44918, 13.1875, 0.18246],
			"rotation": {"angle": 0, "axis": "y", "origin": [12, 11.6875, 4]},
			"faces": {
				"north": {"uv": [1, 0, 1.70467, 0.75], "texture": "#0"},
				"up": {"uv": [1, 1, 1.70467, 1.35233], "texture": "#0"},
				"down": {"uv": [1, 1, 1.70467, 1.35233], "texture": "#0"}
			}
		},
		{
			"from": [13.67211, 12.2875, 3.40207],
			"to": [15.23171, 13.1875, 3.95447],
			"rotation": {"angle": 22.5, "axis": "y", "origin": [12, 11.6875, 4]},
			"faces": {
				"south": {"uv": [1, 0, 2.29967, 0.75], "texture": "#0"},
				"west": {"uv": [1, 0, 1.46034, 0.75], "texture": "#0"},
				"up": {"uv": [1, 1, 2.29967, 1.46034], "texture": "#0"},
				"down": {"uv": [1, 1, 2.29967, 1.46034], "texture": "#0"}
			}
		},
		{
			"from": [15.00313, 12.2875, 2.80534],
			"to": [16.80208, 13.1875, 5.19466],
			"rotation": {"angle": 45, "axis": "y", "origin": [12, 11.6875, 4]},
			"faces": {
				"north": {"uv": [1, 0, 2.49912, 0.75], "texture": "#0"},
				"south": {"uv": [1, 0, 2.49912, 0.75], "texture": "#0"},
				"up": {"uv": [1, 1, 2.49912, 2.9911], "texture": "#0"},
				"down": {"uv": [1, 1, 2.49912, 2.9911], "texture": "#0"}
			}
		},
		{
			"from": [15.81754, 12.2875, 0.60358],
			"to": [16.24033, 13.1875, 1.44918],
			"rotation": {"angle": 0, "axis": "y", "origin": [12, 11.6875, 4]},
			"faces": {
				"east": {"uv": [1, 0, 1.70467, 0.75], "texture": "#0"},
				"up": {"uv": [1, 1, 1.35233, 1.70467], "texture": "#0"},
				"down": {"uv": [1, 1, 1.35233, 1.70467], "texture": "#0"}
			}
		},
		{
			"from": [12.6, 12.2875, 3.40326],
			"to": [17.4, 13.1875, 4.59674],
			"rotation": {"angle": 45, "axis": "y", "origin": [12, 11.6875, 4]},
			"faces": {
				"north": {"uv": [1, 0, 5, 0.75], "texture": "#0"},
				"east": {"uv": [1, 0, 1.99456, 0.75], "texture": "#0"},
				"south": {"uv": [1, 0, 5, 0.75], "texture": "#0"},
				"west": {"uv": [1, 0, 1.99456, 0.75], "texture": "#0"},
				"up": {"uv": [1, 1, 5, 1.99456], "texture": "#0"},
				"down": {"uv": [1, 1, 5, 1.99456], "texture": "#0"}
			}
		},
		{
			"from": [12.04553, 12.2875, 0.76829],
			"to": [12.59793, 13.1875, 2.32789],
			"rotation": {"angle": -22.5, "axis": "y", "origin": [12, 11.6875, 4]},
			"faces": {
				"south": {"uv": [1, 0, 1.46034, 0.75], "texture": "#0"},
				"west": {"uv": [1, 0, 2.29967, 0.75], "texture": "#0"},
				"up": {"uv": [1, 1, 1.46034, 2.29967], "texture": "#0"},
				"down": {"uv": [1, 1, 1.46034, 2.29967], "texture": "#0"}
			}
		},
		{
			"from": [14.55082, 12.2875, -0.24033],
			"to": [15.39642, 13.1875, 0.18246],
			"rotation": {"angle": 0, "axis": "y", "origin": [12, 11.6875, 4]},
			"faces": {
				"north": {"uv": [1, 0, 1.70467, 0.75], "texture": "#0"},
				"up": {"uv": [1, 1, 1.70467, 1.35233], "texture": "#0"},
				"down": {"uv": [1, 1, 1.70467, 1.35233], "texture": "#0"}
			}
		},
		{
			"from": [13.67211, 12.2875, 4.04553],
			"to": [15.23171, 13.1875, 4.59793],
			"rotation": {"angle": -22.5, "axis": "y", "origin": [12, 11.6875, 4]},
			"faces": {
				"north": {"uv": [1, 0, 2.29967, 0.75], "texture": "#0"},
				"west": {"uv": [1, 0, 1.46034, 0.75], "texture": "#0"},
				"up": {"uv": [1, 1, 2.29967, 1.46034], "texture": "#0"},
				"down": {"uv": [1, 1, 2.29967, 1.46034], "texture": "#0"}
			}
		},
		{
			"from": [15.81754, 12.2875, 6.55082],
			"to": [16.24033, 13.1875, 7.39642],
			"rotation": {"angle": 0, "axis": "y", "origin": [12, 11.6875, 4]},
			"faces": {
				"east": {"uv": [1, 0, 1.70467, 0.75], "texture": "#0"},
				"up": {"uv": [1, 1, 1.35233, 1.70467], "texture": "#0"},
				"down": {"uv": [1, 1, 1.35233, 1.70467], "texture": "#0"}
			}
		},
		{
			"from": [11.40326, 12.2875, 4.6],
			"to": [12.59674, 13.1875, 9.4],
			"rotation": {"angle": 45, "axis": "y", "origin": [12, 11.6875, 4]},
			"faces": {
				"north": {"uv": [1, 0, 1.99456, 0.75], "texture": "#0"},
				"east": {"uv": [1, 0, 5, 0.75], "texture": "#0"},
				"south": {"uv": [1, 0, 1.99456, 0.75], "texture": "#0"},
				"west": {"uv": [1, 0, 5, 0.75], "texture": "#0"},
				"up": {"uv": [1, 1, 5, 1.99456], "rotation": 90, "texture": "#0"},
				"down": {"uv": [1, 1, 5, 1.99456], "rotation": 270, "texture": "#0"}
			}
		},
		{
			"from": [12.04553, 12.2875, 5.67211],
			"to": [12.59793, 13.1875, 7.23171],
			"rotation": {"angle": 22.5, "axis": "y", "origin": [12, 11.6875, 4]},
			"faces": {
				"north": {"uv": [1, 0, 1.46034, 0.75], "texture": "#0"},
				"west": {"uv": [1, 0, 2.29967, 0.75], "texture": "#0"},
				"up": {"uv": [1, 1, 1.46034, 2.29967], "texture": "#0"},
				"down": {"uv": [1, 1, 1.46034, 2.29967], "texture": "#0"}
			}
		},
		{
			"from": [10.80534, 12.2875, 7.00313],
			"to": [13.19466, 13.1875, 8.80208],
			"rotation": {"angle": 45, "axis": "y", "origin": [12, 11.6875, 4]},
			"faces": {
				"east": {"uv": [1, 0, 2.49912, 0.75], "texture": "#0"},
				"west": {"uv": [1, 0, 2.49912, 0.75], "texture": "#0"},
				"up": {"uv": [1, 1, 2.49912, 2.9911], "rotation": 90, "texture": "#0"},
				"down": {"uv": [1, 1, 2.49912, 2.9911], "rotation": 270, "texture": "#0"}
			}
		},
		{
			"from": [14.55082, 12.2875, 7.81754],
			"to": [15.39642, 13.1875, 8.24033],
			"rotation": {"angle": 0, "axis": "y", "origin": [12, 11.6875, 4]},
			"faces": {
				"south": {"uv": [1, 0, 1.70467, 0.75], "texture": "#0"},
				"up": {"uv": [1, 1, 1.70467, 1.35233], "texture": "#0"},
				"down": {"uv": [1, 1, 1.70467, 1.35233], "texture": "#0"}
			}
		},
		{
			"from": [8.76829, 12.2875, 4.04553],
			"to": [10.32789, 13.1875, 4.59793],
			"rotation": {"angle": 22.5, "axis": "y", "origin": [12, 11.6875, 4]},
			"faces": {
				"north": {"uv": [1, 0, 2.29967, 0.75], "texture": "#0"},
				"east": {"uv": [1, 0, 1.46034, 0.75], "texture": "#0"},
				"up": {"uv": [1, 1, 2.29967, 1.46034], "texture": "#0"},
				"down": {"uv": [1, 1, 2.29967, 1.46034], "texture": "#0"}
			}
		},
		{
			"from": [7.19792, 12.2875, 2.80534],
			"to": [8.99687, 13.1875, 5.19466],
			"rotation": {"angle": 45, "axis": "y", "origin": [12, 11.6875, 4]},
			"faces": {
				"north": {"uv": [1, 0, 2.49912, 0.75], "texture": "#0"},
				"south": {"uv": [1, 0, 2.49912, 0.75], "texture": "#0"},
				"up": {"uv": [1, 1, 2.49912, 2.9911], "texture": "#0"},
				"down": {"uv": [1, 1, 2.49912, 2.9911], "texture": "#0"}
			}
		},
		{
			"from": [7.75967, 12.2875, 6.55082],
			"to": [8.18246, 13.1875, 7.39642],
			"rotation": {"angle": 0, "axis": "y", "origin": [12, 11.6875, 4]},
			"faces": {
				"west": {"uv": [1, 0, 1.70467, 0.75], "texture": "#0"},
				"up": {"uv": [1, 1, 1.35233, 1.70467], "texture": "#0"},
				"down": {"uv": [1, 1, 1.35233, 1.70467], "texture": "#0"}
			}
		},
		{
			"from": [6.6, 12.2875, 3.40326],
			"to": [11.4, 13.1875, 4.59674],
			"rotation": {"angle": 45, "axis": "y", "origin": [12, 11.6875, 4]},
			"faces": {
				"north": {"uv": [1, 0, 5, 0.75], "texture": "#0"},
				"east": {"uv": [1, 0, 1.99456, 0.75], "texture": "#0"},
				"south": {"uv": [1, 0, 5, 0.75], "texture": "#0"},
				"west": {"uv": [1, 0, 1.99456, 0.75], "texture": "#0"},
				"up": {"uv": [1, 1, 5, 1.99456], "texture": "#0"},
				"down": {"uv": [1, 1, 5, 1.99456], "texture": "#0"}
			}
		},
		{
			"from": [11.40207, 12.2875, 5.67211],
			"to": [11.95447, 13.1875, 7.23171],
			"rotation": {"angle": -22.5, "axis": "y", "origin": [12, 11.6875, 4]},
			"faces": {
				"north": {"uv": [1, 0, 1.46034, 0.75], "texture": "#0"},
				"east": {"uv": [1, 0, 2.29967, 0.75], "texture": "#0"},
				"up": {"uv": [1, 1, 1.46034, 2.29967], "texture": "#0"},
				"down": {"uv": [1, 1, 1.46034, 2.29967], "texture": "#0"}
			}
		},
		{
			"from": [8.60358, 12.2875, 7.81754],
			"to": [9.44918, 13.1875, 8.24033],
			"rotation": {"angle": 0, "axis": "y", "origin": [12, 11.6875, 4]},
			"faces": {
				"south": {"uv": [1, 0, 1.70467, 0.75], "texture": "#0"},
				"up": {"uv": [1, 1, 1.70467, 1.35233], "texture": "#0"},
				"down": {"uv": [1, 1, 1.70467, 1.35233], "texture": "#0"}
			}
		},
		{
			"from": [12.04553, 12.2875, 0.76829],
			"to": [12.59793, 13.1875, 2.32789],
			"rotation": {"angle": 22.5, "axis": "y", "origin": [12, 11.6875, 4]},
			"faces": {
				"south": {"uv": [1, 0, 1.46034, 0.75], "texture": "#0"},
				"west": {"uv": [1, 0, 2.29967, 0.75], "texture": "#0"},
				"up": {"uv": [1, 1, 1.46034, 2.29967], "texture": "#0"},
				"down": {"uv": [1, 1, 1.46034, 2.29967], "texture": "#0"}
			}
		},
		{
			"from": [14.55082, 12.2875, -0.24033],
			"to": [15.39642, 13.1875, 0.18246],
			"rotation": {"angle": 45, "axis": "y", "origin": [12, 11.6875, 4]},
			"faces": {
				"north": {"uv": [1, 0, 1.70467, 0.75], "texture": "#0"},
				"up": {"uv": [1, 1, 1.35233, 1.70467], "rotation": 90, "texture": "#0"},
				"down": {"uv": [1, 1, 1.35233, 1.70467], "rotation": 270, "texture": "#0"}
			}
		},
		{
			"from": [11.40326, 12.2875, -1.4],
			"to": [12.59674, 13.1875, 3.4],
			"rotation": {"angle": 0, "axis": "y", "origin": [12, 11.6875, 4]},
			"faces": {
				"north": {"uv": [1, 0, 1.99456, 0.75], "texture": "#0"},
				"east": {"uv": [1, 0, 5, 0.75], "texture": "#0"},
				"south": {"uv": [1, 0, 1.99456, 0.75], "texture": "#0"},
				"west": {"uv": [1, 0, 5, 0.75], "texture": "#0"},
				"up": {"uv": [1, 1, 1.99456, 5], "texture": "#0"},
				"down": {"uv": [1, 1, 1.99456, 5], "texture": "#0"}
			}
		},
		{
			"from": [11.40207, 12.2875, 0.76829],
			"to": [11.95447, 13.1875, 2.32789],
			"rotation": {"angle": -22.5, "axis": "y", "origin": [12, 11.6875, 4]},
			"faces": {
				"east": {"uv": [1, 0, 2.29967, 0.75], "texture": "#0"},
				"south": {"uv": [1, 0, 1.46034, 0.75], "texture": "#0"},
				"up": {"uv": [1, 1, 1.46034, 2.29967], "texture": "#0"},
				"down": {"uv": [1, 1, 1.46034, 2.29967], "texture": "#0"}
			}
		},
		{
			"from": [10.80534, 12.2875, -0.80208],
			"to": [13.19466, 13.1875, 0.99687],
			"rotation": {"angle": 0, "axis": "y", "origin": [12, 11.6875, 4]},
			"faces": {
				"east": {"uv": [1, 0, 2.49912, 0.75], "texture": "#0"},
				"west": {"uv": [1, 0, 2.49912, 0.75], "texture": "#0"},
				"up": {"uv": [1, 1, 2.9911, 2.49912], "texture": "#0"},
				"down": {"uv": [1, 1, 2.9911, 2.49912], "texture": "#0"}
			}
		},
		{
			"from": [15.81754, 12.2875, 0.60358],
			"to": [16.24033, 13.1875, 1.44917],
			"rotation": {"angle": 45, "axis": "y", "origin": [12, 11.6875, 4]},
			"faces": {
				"east": {"uv": [1, 0, 1.70466, 0.75], "texture": "#0"},
				"up": {"uv": [1, 1, 1.70466, 1.35233], "rotation": 90, "texture": "#0"},
				"down": {"uv": [1, 1, 1.70466, 1.35233], "rotation": 270, "texture": "#0"}
			}
		},
		{
			"from": [12.04553, 12.2875, 5.67211],
			"to": [12.59793, 13.1875, 7.23171],
			"rotation": {"angle": -22.5, "axis": "y", "origin": [12, 11.6875, 4]},
			"faces": {
				"north": {"uv": [1, 0, 1.46034, 0.75], "texture": "#0"},
				"west": {"uv": [1, 0, 2.29967, 0.75], "texture": "#0"},
				"up": {"uv": [1, 1, 1.46034, 2.29967], "texture": "#0"},
				"down": {"uv": [1, 1, 1.46034, 2.29967], "texture": "#0"}
			}
		},
		{
			"from": [10.80534, 12.2875, 7.00313],
			"to": [13.19466, 13.1875, 8.80208],
			"rotation": {"angle": 0, "axis": "y", "origin": [12, 11.6875, 4]},
			"faces": {
				"east": {"uv": [1, 0, 2.49912, 0.75], "texture": "#0"},
				"west": {"uv": [1, 0, 2.49912, 0.75], "texture": "#0"},
				"up": {"uv": [1, 1, 2.9911, 2.49912], "texture": "#0"},
				"down": {"uv": [1, 1, 2.9911, 2.49912], "texture": "#0"}
			}
		},
		{
			"from": [7.75967, 12.2875, 6.55082],
			"to": [8.18246, 13.1875, 7.39642],
			"rotation": {"angle": 45, "axis": "y", "origin": [12, 11.6875, 4]},
			"faces": {
				"west": {"uv": [1, 0, 1.70467, 0.75], "texture": "#0"},
				"up": {"uv": [1, 1, 1.35233, 1.70467], "texture": "#0"},
				"down": {"uv": [1, 1, 1.35233, 1.70467], "texture": "#0"}
			}
		},
		{
			"from": [11.40326, 12.2875, 4.6],
			"to": [12.59674, 13.1875, 9.4],
			"rotation": {"angle": 0, "axis": "y", "origin": [12, 11.6875, 4]},
			"faces": {
				"north": {"uv": [1, 0, 1.99456, 0.75], "texture": "#0"},
				"east": {"uv": [1, 0, 5, 0.75], "texture": "#0"},
				"south": {"uv": [1, 0, 1.99456, 0.75], "texture": "#0"},
				"west": {"uv": [1, 0, 5, 0.75], "texture": "#0"},
				"up": {"uv": [1, 1, 1.99456, 5], "texture": "#0"},
				"down": {"uv": [1, 1, 1.99456, 5], "texture": "#0"}
			}
		},
		{
			"from": [11.40207, 12.2875, 5.67211],
			"to": [11.95447, 13.1875, 7.23171],
			"rotation": {"angle": 22.5, "axis": "y", "origin": [12, 11.6875, 4]},
			"faces": {
				"north": {"uv": [1, 0, 1.46034, 0.75], "texture": "#0"},
				"east": {"uv": [1, 0, 2.29967, 0.75], "texture": "#0"},
				"up": {"uv": [1, 1, 1.46034, 2.29967], "texture": "#0"},
				"down": {"uv": [1, 1, 1.46034, 2.29967], "texture": "#0"}
			}
		},
		{
			"from": [8.60358, 12.2875, 7.81754],
			"to": [9.44917, 13.1875, 8.24033],
			"rotation": {"angle": 45, "axis": "y", "origin": [12, 11.6875, 4]},
			"faces": {
				"south": {"uv": [1, 0, 1.70466, 0.75], "texture": "#0"},
				"up": {"uv": [1, 1, 1.70466, 1.35233], "texture": "#0"},
				"down": {"uv": [1, 1, 1.70466, 1.35233], "texture": "#0"}
			}
		},
		{
			"from": [11.25442, 10.1875, 2.2],
			"to": [12.74558, 12.5875, 5.8],
			"rotation": {"angle": 45, "axis": "y", "origin": [12, 11.3875, 4]},
			"faces": {
				"north": {"uv": [1, 1, 2.49117, 3.4], "texture": "#0"},
				"south": {"uv": [1, 1, 2.49117, 3.4], "texture": "#0"},
				"up": {"uv": [1, 1, 2.49117, 4.6], "texture": "#0"}
			}
		},
		{
			"from": [11.25442, 10.1875, 2.2],
			"to": [12.74558, 12.5875, 5.8],
			"rotation": {"angle": 0, "axis": "y", "origin": [12, 11.3875, 4]},
			"faces": {
				"north": {"uv": [1, 1, 2.49117, 3.4], "texture": "#0"},
				"south": {"uv": [1, 1, 2.49117, 3.4], "texture": "#0"},
				"up": {"uv": [1, 1, 2.49117, 4.6], "texture": "#0"}
			}
		},
		{
			"from": [10.2, 10.1875, 3.25442],
			"to": [13.8, 12.5875, 4.74558],
			"rotation": {"angle": 45, "axis": "y", "origin": [12, 11.3875, 4]},
			"faces": {
				"east": {"uv": [1, 1, 2.49117, 3.4], "texture": "#0"},
				"west": {"uv": [1, 1, 2.49117, 3.4], "texture": "#0"},
				"up": {"uv": [1, 1, 4.6, 2.49117], "texture": "#0"}
			}
		},
		{
			"from": [10.2, 10.1875, 3.25442],
			"to": [13.8, 12.5875, 4.74558],
			"rotation": {"angle": 0, "axis": "y", "origin": [12, 11.3875, 4]},
			"faces": {
				"east": {"uv": [1, 1, 2.49117, 3.4], "texture": "#0"},
				"west": {"uv": [1, 1, 2.49117, 3.4], "texture": "#0"},
				"up": {"uv": [1, 1, 4.6, 2.49117], "texture": "#0"}
			}
		},
		{
			"from": [5.09146, 7.265, 11.46186],
			"to": [6.4951, 8.075, 11.95903],
			"rotation": {"angle": 22.5, "axis": "y", "origin": [8, 6.725, 12]},
			"faces": {
				"east": {"uv": [1, 0, 1.46034, 0.75], "texture": "#0"},
				"south": {"uv": [1, 0, 2.29966, 0.75], "texture": "#0"},
				"up": {"uv": [1, 1, 2.29966, 1.46034], "texture": "#0"},
				"down": {"uv": [1, 1, 2.29966, 1.46034], "texture": "#0"}
			}
		},
		{
			"from": [4.1837, 7.265, 8.94322],
			"to": [4.56422, 8.075, 9.70426],
			"rotation": {"angle": 45, "axis": "y", "origin": [8, 6.725, 12]},
			"faces": {
				"west": {"uv": [1, 0, 1.70467, 0.75], "texture": "#0"},
				"up": {"uv": [1, 1, 1.35233, 1.70467], "texture": "#0"},
				"down": {"uv": [1, 1, 1.35233, 1.70467], "texture": "#0"}
			}
		},
		{
			"from": [3.14, 7.265, 11.46294],
			"to": [7.46, 8.075, 12.53706],
			"rotation": {"angle": 0, "axis": "y", "origin": [8, 6.725, 12]},
			"faces": {
				"north": {"uv": [1, 0, 5, 0.75], "texture": "#0"},
				"east": {"uv": [1, 0, 1.99456, 0.75], "texture": "#0"},
				"south": {"uv": [1, 0, 5, 0.75], "texture": "#0"},
				"west": {"uv": [1, 0, 1.99456, 0.75], "texture": "#0"},
				"up": {"uv": [1, 1, 5, 1.99456], "texture": "#0"},
				"down": {"uv": [1, 1, 5, 1.99456], "texture": "#0"}
			}
		},
		{
			"from": [5.09146, 7.265, 12.04097],
			"to": [6.4951, 8.075, 12.53814],
			"rotation": {"angle": -22.5, "axis": "y", "origin": [8, 6.725, 12]},
			"faces": {
				"north": {"uv": [1, 0, 2.29966, 0.75], "texture": "#0"},
				"east": {"uv": [1, 0, 1.46034, 0.75], "texture": "#0"},
				"up": {"uv": [1, 1, 2.29966, 1.46034], "texture": "#0"},
				"down": {"uv": [1, 1, 2.29966, 1.46034], "texture": "#0"}
			}
		},
		{
			"from": [3.67813, 7.265, 10.92481],
			"to": [5.29718, 8.075, 13.07519],
			"rotation": {"angle": 0, "axis": "y", "origin": [8, 6.725, 12]},
			"faces": {
				"north": {"uv": [1, 0, 2.49912, 0.75], "texture": "#0"},
				"south": {"uv": [1, 0, 2.49912, 0.75], "texture": "#0"},
				"up": {"uv": [1, 1, 2.49912, 2.9911], "texture": "#0"},
				"down": {"uv": [1, 1, 2.49912, 2.9911], "texture": "#0"}
			}
		},
		{
			"from": [4.94322, 7.265, 8.1837],
			"to": [5.70426, 8.075, 8.56422],
			"rotation": {"angle": 45, "axis": "y", "origin": [8, 6.725, 12]},
			"faces": {
				"north": {"uv": [1, 0, 1.70467, 0.75], "texture": "#0"},
				"up": {"uv": [1, 1, 1.70467, 1.35233], "texture": "#0"},
				"down": {"uv": [1, 1, 1.70467, 1.35233], "texture": "#0"}
			}
		},
		{
			"from": [9.5049, 7.265, 11.46186],
			"to": [10.90854, 8.075, 11.95903],
			"rotation": {"angle": -22.5, "axis": "y", "origin": [8, 6.725, 12]},
			"faces": {
				"south": {"uv": [1, 0, 2.29966, 0.75], "texture": "#0"},
				"west": {"uv": [1, 0, 1.46034, 0.75], "texture": "#0"},
				"up": {"uv": [1, 1, 2.29966, 1.46034], "texture": "#0"},
				"down": {"uv": [1, 1, 2.29966, 1.46034], "texture": "#0"}
			}
		},
		{
			"from": [10.70282, 7.265, 10.92481],
			"to": [12.32187, 8.075, 13.07519],
			"rotation": {"angle": 0, "axis": "y", "origin": [8, 6.725, 12]},
			"faces": {
				"north": {"uv": [1, 0, 2.49912, 0.75], "texture": "#0"},
				"south": {"uv": [1, 0, 2.49912, 0.75], "texture": "#0"},
				"up": {"uv": [1, 1, 2.49912, 2.9911], "texture": "#0"},
				"down": {"uv": [1, 1, 2.49912, 2.9911], "texture": "#0"}
			}
		},
		{
			"from": [10.29574, 7.265, 15.43578],
			"to": [11.05678, 8.075, 15.8163],
			"rotation": {"angle": 45, "axis": "y", "origin": [8, 6.725, 12]},
			"faces": {
				"south": {"uv": [1, 0, 1.70467, 0.75], "texture": "#0"},
				"up": {"uv": [1, 1, 1.35233, 1.70467], "rotation": 90, "texture": "#0"},
				"down": {"uv": [1, 1, 1.35233, 1.70467], "rotation": 270, "texture": "#0"}
			}
		},
		{
			"from": [8.54, 7.265, 11.46294],
			"to": [12.86, 8.075, 12.53706],
			"rotation": {"angle": 0, "axis": "y", "origin": [8, 6.725, 12]},
			"faces": {
				"north": {"uv": [1, 0, 5, 0.75], "texture": "#0"},
				"east": {"uv": [1, 0, 1.99456, 0.75], "texture": "#0"},
				"south": {"uv": [1, 0, 5, 0.75], "texture": "#0"},
				"west": {"uv": [1, 0, 1.99456, 0.75], "texture": "#0"},
				"up": {"uv": [1, 1, 5, 1.99456], "texture": "#0"},
				"down": {"uv": [1, 1, 5, 1.99456], "texture": "#0"}
			}
		},
		{
			"from": [9.5049, 7.265, 12.04097],
			"to": [10.90854, 8.075, 12.53814],
			"rotation": {"angle": 22.5, "axis": "y", "origin": [8, 6.725, 12]},
			"faces": {
				"north": {"uv": [1, 0, 2.29966, 0.75], "texture": "#0"},
				"west": {"uv": [1, 0, 1.46034, 0.75], "texture": "#0"},
				"up": {"uv": [1, 1, 2.29966, 1.46034], "texture": "#0"},
				"down": {"uv": [1, 1, 2.29966, 1.46034], "texture": "#0"}
			}
		},
		{
			"from": [11.43578, 7.265, 14.29574],
			"to": [11.8163, 8.075, 15.05678],
			"rotation": {"angle": 45, "axis": "y", "origin": [8, 6.725, 12]},
			"faces": {
				"east": {"uv": [1, 0, 1.70467, 0.75], "texture": "#0"},
				"up": {"uv": [1, 1, 1.70467, 1.35233], "rotation": 90, "texture": "#0"},
				"down": {"uv": [1, 1, 1.70467, 1.35233], "rotation": 270, "texture": "#0"}
			}
		},
		{
			"from": [5.09146, 7.265, 11.46186],
			"to": [6.4951, 8.075, 11.95903],
			"rotation": {"angle": -22.5, "axis": "y", "origin": [8, 6.725, 12]},
			"faces": {
				"east": {"uv": [1, 0, 1.46034, 0.75], "texture": "#0"},
				"south": {"uv": [1, 0, 2.29967, 0.75], "texture": "#0"},
				"up": {"uv": [1, 1, 2.29967, 1.46034], "texture": "#0"},
				"down": {"uv": [1, 1, 2.29967, 1.46034], "texture": "#0"}
			}
		},
		{
			"from": [4.1837, 7.265, 8.94322],
			"to": [4.56422, 8.075, 9.70427],
			"rotation": {"angle": 0, "axis": "y", "origin": [8, 6.725, 12]},
			"faces": {
				"west": {"uv": [1, 0, 1.70467, 0.75], "texture": "#0"},
				"up": {"uv": [1, 1, 1.35233, 1.70467], "texture": "#0"},
				"down": {"uv": [1, 1, 1.35233, 1.70467], "texture": "#0"}
			}
		},
		{
			"from": [7.46294, 7.265, 7.14],
			"to": [8.53706, 8.075, 11.46],
			"rotation": {"angle": 45, "axis": "y", "origin": [8, 6.725, 12]},
			"faces": {
				"north": {"uv": [1, 0, 1.99456, 0.75], "texture": "#0"},
				"east": {"uv": [1, 0, 5, 0.75], "texture": "#0"},
				"south": {"uv": [1, 0, 1.99456, 0.75], "texture": "#0"},
				"west": {"uv": [1, 0, 5, 0.75], "texture": "#0"},
				"up": {"uv": [1, 1, 5, 1.99456], "rotation": 90, "texture": "#0"},
				"down": {"uv": [1, 1, 5, 1.99456], "rotation": 270, "texture": "#0"}
			}
		},
		{
			"from": [7.46186, 7.265, 9.09146],
			"to": [7.95903, 8.075, 10.4951],
			"rotation": {"angle": 22.5, "axis": "y", "origin": [8, 6.725, 12]},
			"faces": {
				"east": {"uv": [1, 0, 2.29967, 0.75], "texture": "#0"},
				"south": {"uv": [1, 0, 1.46034, 0.75], "texture": "#0"},
				"up": {"uv": [1, 1, 1.46034, 2.29967], "texture": "#0"},
				"down": {"uv": [1, 1, 1.46034, 2.29967], "texture": "#0"}
			}
		},
		{
			"from": [6.92481, 7.265, 7.67813],
			"to": [9.07519, 8.075, 9.29718],
			"rotation": {"angle": 45, "axis": "y", "origin": [8, 6.725, 12]},
			"faces": {
				"east": {"uv": [1, 0, 2.49912, 0.75], "texture": "#0"},
				"west": {"uv": [1, 0, 2.49912, 0.75], "texture": "#0"},
				"up": {"uv": [1, 1, 2.49912, 2.9911], "rotation": 90, "texture": "#0"},
				"down": {"uv": [1, 1, 2.49912, 2.9911], "rotation": 270, "texture": "#0"}
			}
		},
		{
			"from": [4.94322, 7.265, 8.1837],
			"to": [5.70427, 8.075, 8.56422],
			"rotation": {"angle": 0, "axis": "y", "origin": [8, 6.725, 12]},
			"faces": {
				"north": {"uv": [1, 0, 1.70467, 0.75], "texture": "#0"},
				"up": {"uv": [1, 1, 1.70467, 1.35233], "texture": "#0"},
				"down": {"uv": [1, 1, 1.70467, 1.35233], "texture": "#0"}
			}
		},
		{
			"from": [9.5049, 7.265, 11.46186],
			"to": [10.90854, 8.075, 11.95903],
			"rotation": {"angle": 22.5, "axis": "y", "origin": [8, 6.725, 12]},
			"faces": {
				"south": {"uv": [1, 0, 2.29967, 0.75], "texture": "#0"},
				"west": {"uv": [1, 0, 1.46034, 0.75], "texture": "#0"},
				"up": {"uv": [1, 1, 2.29967, 1.46034], "texture": "#0"},
				"down": {"uv": [1, 1, 2.29967, 1.46034], "texture": "#0"}
			}
		},
		{
			"from": [10.70282, 7.265, 10.92481],
			"to": [12.32187, 8.075, 13.07519],
			"rotation": {"angle": 45, "axis": "y", "origin": [8, 6.725, 12]},
			"faces": {
				"north": {"uv": [1, 0, 2.49912, 0.75], "texture": "#0"},
				"south": {"uv": [1, 0, 2.49912, 0.75], "texture": "#0"},
				"up": {"uv": [1, 1, 2.49912, 2.9911], "texture": "#0"},
				"down": {"uv": [1, 1, 2.49912, 2.9911], "texture": "#0"}
			}
		},
		{
			"from": [11.43578, 7.265, 8.94322],
			"to": [11.8163, 8.075, 9.70427],
			"rotation": {"angle": 0, "axis": "y", "origin": [8, 6.725, 12]},
			"faces": {
				"east": {"uv": [1, 0, 1.70467, 0.75], "texture": "#0"},
				"up": {"uv": [1, 1, 1.35233, 1.70467], "texture": "#0"},
				"down": {"uv": [1, 1, 1.35233, 1.70467], "texture": "#0"}
			}
		},
		{
			"from": [8.54, 7.265, 11.46294],
			"to": [12.86, 8.075, 12.53706],
			"rotation": {"angle": 45, "axis": "y", "origin": [8, 6.725, 12]},
			"faces": {
				"north": {"uv": [1, 0, 5, 0.75], "texture": "#0"},
				"east": {"uv": [1, 0, 1.99456, 0.75], "texture": "#0"},
				"south": {"uv": [1, 0, 5, 0.75], "texture": "#0"},
				"west": {"uv": [1, 0, 1.99456, 0.75], "texture": "#0"},
				"up": {"uv": [1, 1, 5, 1.99456], "texture": "#0"},
				"down": {"uv": [1, 1, 5, 1.99456], "texture": "#0"}
			}
		},
		{
			"from": [8.04097, 7.265, 9.09146],
			"to": [8.53814, 8.075, 10.4951],
			"rotation": {"angle": -22.5, "axis": "y", "origin": [8, 6.725, 12]},
			"faces": {
				"south": {"uv": [1, 0, 1.46034, 0.75], "texture": "#0"},
				"west": {"uv": [1, 0, 2.29967, 0.75], "texture": "#0"},
				"up": {"uv": [1, 1, 1.46034, 2.29967], "texture": "#0"},
				"down": {"uv": [1, 1, 1.46034, 2.29967], "texture": "#0"}
			}
		},
		{
			"from": [10.29573, 7.265, 8.1837],
			"to": [11.05678, 8.075, 8.56422],
			"rotation": {"angle": 0, "axis": "y", "origin": [8, 6.725, 12]},
			"faces": {
				"north": {"uv": [1, 0, 1.70467, 0.75], "texture": "#0"},
				"up": {"uv": [1, 1, 1.70467, 1.35233], "texture": "#0"},
				"down": {"uv": [1, 1, 1.70467, 1.35233], "texture": "#0"}
			}
		},
		{
			"from": [9.5049, 7.265, 12.04097],
			"to": [10.90854, 8.075, 12.53814],
			"rotation": {"angle": -22.5, "axis": "y", "origin": [8, 6.725, 12]},
			"faces": {
				"north": {"uv": [1, 0, 2.29967, 0.75], "texture": "#0"},
				"west": {"uv": [1, 0, 1.46034, 0.75], "texture": "#0"},
				"up": {"uv": [1, 1, 2.29967, 1.46034], "texture": "#0"},
				"down": {"uv": [1, 1, 2.29967, 1.46034], "texture": "#0"}
			}
		},
		{
			"from": [11.43578, 7.265, 14.29573],
			"to": [11.8163, 8.075, 15.05678],
			"rotation": {"angle": 0, "axis": "y", "origin": [8, 6.725, 12]},
			"faces": {
				"east": {"uv": [1, 0, 1.70467, 0.75], "texture": "#0"},
				"up": {"uv": [1, 1, 1.35233, 1.70467], "texture": "#0"},
				"down": {"uv": [1, 1, 1.35233, 1.70467], "texture": "#0"}
			}
		},
		{
			"from": [7.46294, 7.265, 12.54],
			"to": [8.53706, 8.075, 16.86],
			"rotation": {"angle": 45, "axis": "y", "origin": [8, 6.725, 12]},
			"faces": {
				"north": {"uv": [1, 0, 1.99456, 0.75], "texture": "#0"},
				"east": {"uv": [1, 0, 5, 0.75], "texture": "#0"},
				"south": {"uv": [1, 0, 1.99456, 0.75], "texture": "#0"},
				"west": {"uv": [1, 0, 5, 0.75], "texture": "#0"},
				"up": {"uv": [1, 1, 5, 1.99456], "rotation": 90, "texture": "#0"},
				"down": {"uv": [1, 1, 5, 1.99456], "rotation": 270, "texture": "#0"}
			}
		},
		{
			"from": [8.04097, 7.265, 13.5049],
			"to": [8.53814, 8.075, 14.90854],
			"rotation": {"angle": 22.5, "axis": "y", "origin": [8, 6.725, 12]},
			"faces": {
				"north": {"uv": [1, 0, 1.46034, 0.75], "texture": "#0"},
				"west": {"uv": [1, 0, 2.29967, 0.75], "texture": "#0"},
				"up": {"uv": [1, 1, 1.46034, 2.29967], "texture": "#0"},
				"down": {"uv": [1, 1, 1.46034, 2.29967], "texture": "#0"}
			}
		},
		{
			"from": [6.92481, 7.265, 14.70282],
			"to": [9.07519, 8.075, 16.32187],
			"rotation": {"angle": 45, "axis": "y", "origin": [8, 6.725, 12]},
			"faces": {
				"east": {"uv": [1, 0, 2.49912, 0.75], "texture": "#0"},
				"west": {"uv": [1, 0, 2.49912, 0.75], "texture": "#0"},
				"up": {"uv": [1, 1, 2.49912, 2.9911], "rotation": 90, "texture": "#0"},
				"down": {"uv": [1, 1, 2.49912, 2.9911], "rotation": 270, "texture": "#0"}
			}
		},
		{
			"from": [10.29573, 7.265, 15.43578],
			"to": [11.05678, 8.075, 15.8163],
			"rotation": {"angle": 0, "axis": "y", "origin": [8, 6.725, 12]},
			"faces": {
				"south": {"uv": [1, 0, 1.70467, 0.75], "texture": "#0"},
				"up": {"uv": [1, 1, 1.70467, 1.35233], "texture": "#0"},
				"down": {"uv": [1, 1, 1.70467, 1.35233], "texture": "#0"}
			}
		},
		{
			"from": [5.09146, 7.265, 12.04097],
			"to": [6.4951, 8.075, 12.53814],
			"rotation": {"angle": 22.5, "axis": "y", "origin": [8, 6.725, 12]},
			"faces": {
				"north": {"uv": [1, 0, 2.29967, 0.75], "texture": "#0"},
				"east": {"uv": [1, 0, 1.46034, 0.75], "texture": "#0"},
				"up": {"uv": [1, 1, 2.29967, 1.46034], "texture": "#0"},
				"down": {"uv": [1, 1, 2.29967, 1.46034], "texture": "#0"}
			}
		},
		{
			"from": [3.67813, 7.265, 10.92481],
			"to": [5.29718, 8.075, 13.07519],
			"rotation": {"angle": 45, "axis": "y", "origin": [8, 6.725, 12]},
			"faces": {
				"north": {"uv": [1, 0, 2.49912, 0.75], "texture": "#0"},
				"south": {"uv": [1, 0, 2.49912, 0.75], "texture": "#0"},
				"up": {"uv": [1, 1, 2.49912, 2.9911], "texture": "#0"},
				"down": {"uv": [1, 1, 2.49912, 2.9911], "texture": "#0"}
			}
		},
		{
			"from": [4.1837, 7.265, 14.29573],
			"to": [4.56422, 8.075, 15.05678],
			"rotation": {"angle": 0, "axis": "y", "origin": [8, 6.725, 12]},
			"faces": {
				"west": {"uv": [1, 0, 1.70467, 0.75], "texture": "#0"},
				"up": {"uv": [1, 1, 1.35233, 1.70467], "texture": "#0"},
				"down": {"uv": [1, 1, 1.35233, 1.70467], "texture": "#0"}
			}
		},
		{
			"from": [3.14, 7.265, 11.46294],
			"to": [7.46, 8.075, 12.53706],
			"rotation": {"angle": 45, "axis": "y", "origin": [8, 6.725, 12]},
			"faces": {
				"north": {"uv": [1, 0, 5, 0.75], "texture": "#0"},
				"east": {"uv": [1, 0, 1.99456, 0.75], "texture": "#0"},
				"south": {"uv": [1, 0, 5, 0.75], "texture": "#0"},
				"west": {"uv": [1, 0, 1.99456, 0.75], "texture": "#0"},
				"up": {"uv": [1, 1, 5, 1.99456], "texture": "#0"},
				"down": {"uv": [1, 1, 5, 1.99456], "texture": "#0"}
			}
		},
		{
			"from": [7.46186, 7.265, 13.5049],
			"to": [7.95903, 8.075, 14.90854],
			"rotation": {"angle": -22.5, "axis": "y", "origin": [8, 6.725, 12]},
			"faces": {
				"north": {"uv": [1, 0, 1.46034, 0.75], "texture": "#0"},
				"east": {"uv": [1, 0, 2.29967, 0.75], "texture": "#0"},
				"up": {"uv": [1, 1, 1.46034, 2.29967], "texture": "#0"},
				"down": {"uv": [1, 1, 1.46034, 2.29967], "texture": "#0"}
			}
		},
		{
			"from": [4.94322, 7.265, 15.43578],
			"to": [5.70427, 8.075, 15.8163],
			"rotation": {"angle": 0, "axis": "y", "origin": [8, 6.725, 12]},
			"faces": {
				"south": {"uv": [1, 0, 1.70467, 0.75], "texture": "#0"},
				"up": {"uv": [1, 1, 1.70467, 1.35233], "texture": "#0"},
				"down": {"uv": [1, 1, 1.70467, 1.35233], "texture": "#0"}
			}
		},
		{
			"from": [8.04097, 7.265, 9.09146],
			"to": [8.53814, 8.075, 10.4951],
			"rotation": {"angle": 22.5, "axis": "y", "origin": [8, 6.725, 12]},
			"faces": {
				"south": {"uv": [1, 0, 1.46034, 0.75], "texture": "#0"},
				"west": {"uv": [1, 0, 2.29967, 0.75], "texture": "#0"},
				"up": {"uv": [1, 1, 1.46034, 2.29967], "texture": "#0"},
				"down": {"uv": [1, 1, 1.46034, 2.29967], "texture": "#0"}
			}
		},
		{
			"from": [10.29573, 7.265, 8.1837],
			"to": [11.05678, 8.075, 8.56422],
			"rotation": {"angle": 45, "axis": "y", "origin": [8, 6.725, 12]},
			"faces": {
				"north": {"uv": [1, 0, 1.70467, 0.75], "texture": "#0"},
				"up": {"uv": [1, 1, 1.35233, 1.70467], "rotation": 90, "texture": "#0"},
				"down": {"uv": [1, 1, 1.35233, 1.70467], "rotation": 270, "texture": "#0"}
			}
		},
		{
			"from": [7.46294, 7.265, 7.14],
			"to": [8.53706, 8.075, 11.46],
			"rotation": {"angle": 0, "axis": "y", "origin": [8, 6.725, 12]},
			"faces": {
				"north": {"uv": [1, 0, 1.99456, 0.75], "texture": "#0"},
				"east": {"uv": [1, 0, 5, 0.75], "texture": "#0"},
				"south": {"uv": [1, 0, 1.99456, 0.75], "texture": "#0"},
				"west": {"uv": [1, 0, 5, 0.75], "texture": "#0"},
				"up": {"uv": [1, 1, 1.99456, 5], "texture": "#0"},
				"down": {"uv": [1, 1, 1.99456, 5], "texture": "#0"}
			}
		},
		{
			"from": [7.46186, 7.265, 9.09146],
			"to": [7.95903, 8.075, 10.4951],
			"rotation": {"angle": -22.5, "axis": "y", "origin": [8, 6.725, 12]},
			"faces": {
				"east": {"uv": [1, 0, 2.29967, 0.75], "texture": "#0"},
				"south": {"uv": [1, 0, 1.46034, 0.75], "texture": "#0"},
				"up": {"uv": [1, 1, 1.46034, 2.29967], "texture": "#0"},
				"down": {"uv": [1, 1, 1.46034, 2.29967], "texture": "#0"}
			}
		},
		{
			"from": [6.92481, 7.265, 7.67813],
			"to": [9.07519, 8.075, 9.29718],
			"rotation": {"angle": 0, "axis": "y", "origin": [8, 6.725, 12]},
			"faces": {
				"east": {"uv": [1, 0, 2.49912, 0.75], "texture": "#0"},
				"west": {"uv": [1, 0, 2.49912, 0.75], "texture": "#0"},
				"up": {"uv": [1, 1, 2.9911, 2.49912], "texture": "#0"},
				"down": {"uv": [1, 1, 2.9911, 2.49912], "texture": "#0"}
			}
		},
		{
			"from": [11.43578, 7.265, 8.94322],
			"to": [11.8163, 8.075, 9.70426],
			"rotation": {"angle": 45, "axis": "y", "origin": [8, 6.725, 12]},
			"faces": {
				"east": {"uv": [1, 0, 1.70466, 0.75], "texture": "#0"},
				"up": {"uv": [1, 1, 1.70466, 1.35233], "rotation": 90, "texture": "#0"},
				"down": {"uv": [1, 1, 1.70466, 1.35233], "rotation": 270, "texture": "#0"}
			}
		},
		{
			"from": [8.04097, 7.265, 13.5049],
			"to": [8.53814, 8.075, 14.90854],
			"rotation": {"angle": -22.5, "axis": "y", "origin": [8, 6.725, 12]},
			"faces": {
				"north": {"uv": [1, 0, 1.46034, 0.75], "texture": "#0"},
				"west": {"uv": [1, 0, 2.29967, 0.75], "texture": "#0"},
				"up": {"uv": [1, 1, 1.46034, 2.29967], "texture": "#0"},
				"down": {"uv": [1, 1, 1.46034, 2.29967], "texture": "#0"}
			}
		},
		{
			"from": [6.92481, 7.265, 14.70282],
			"to": [9.07519, 8.075, 16.32187],
			"rotation": {"angle": 0, "axis": "y", "origin": [8, 6.725, 12]},
			"faces": {
				"east": {"uv": [1, 0, 2.49912, 0.75], "texture": "#0"},
				"west": {"uv": [1, 0, 2.49912, 0.75], "texture": "#0"},
				"up": {"uv": [1, 1, 2.9911, 2.49912], "texture": "#0"},
				"down": {"uv": [1, 1, 2.9911, 2.49912], "texture": "#0"}
			}
		},
		{
			"from": [4.1837, 7.265, 14.29573],
			"to": [4.56422, 8.075, 15.05678],
			"rotation": {"angle": 45, "axis": "y", "origin": [8, 6.725, 12]},
			"faces": {
				"west": {"uv": [1, 0, 1.70467, 0.75], "texture": "#0"},
				"up": {"uv": [1, 1, 1.35233, 1.70467], "texture": "#0"},
				"down": {"uv": [1, 1, 1.35233, 1.70467], "texture": "#0"}
			}
		},
		{
			"from": [7.46294, 7.265, 12.54],
			"to": [8.53706, 8.075, 16.86],
			"rotation": {"angle": 0, "axis": "y", "origin": [8, 6.725, 12]},
			"faces": {
				"north": {"uv": [1, 0, 1.99456, 0.75], "texture": "#0"},
				"east": {"uv": [1, 0, 5, 0.75], "texture": "#0"},
				"south": {"uv": [1, 0, 1.99456, 0.75], "texture": "#0"},
				"west": {"uv": [1, 0, 5, 0.75], "texture": "#0"},
				"up": {"uv": [1, 1, 1.99456, 5], "texture": "#0"},
				"down": {"uv": [1, 1, 1.99456, 5], "texture": "#0"}
			}
		},
		{
			"from": [7.46186, 7.265, 13.5049],
			"to": [7.95903, 8.075, 14.90854],
			"rotation": {"angle": 22.5, "axis": "y", "origin": [8, 6.725, 12]},
			"faces": {
				"north": {"uv": [1, 0, 1.46034, 0.75], "texture": "#0"},
				"east": {"uv": [1, 0, 2.29967, 0.75], "texture": "#0"},
				"up": {"uv": [1, 1, 1.46034, 2.29967], "texture": "#0"},
				"down": {"uv": [1, 1, 1.46034, 2.29967], "texture": "#0"}
			}
		},
		{
			"from": [4.94322, 7.265, 15.43578],
			"to": [5.70426, 8.075, 15.8163],
			"rotation": {"angle": 45, "axis": "y", "origin": [8, 6.725, 12]},
			"faces": {
				"south": {"uv": [1, 0, 1.70466, 0.75], "texture": "#0"},
				"up": {"uv": [1, 1, 1.70466, 1.35233], "texture": "#0"},
				"down": {"uv": [1, 1, 1.70466, 1.35233], "texture": "#0"}
			}
		},
		{
			"from": [7.32897, 5.375, 10.38],
			"to": [8.67103, 7.535, 13.62],
			"rotation": {"angle": 45, "axis": "y", "origin": [8, 6.455, 12]},
			"faces": {
				"north": {"uv": [1, 1, 2.34205, 3.16], "texture": "#0"},
				"south": {"uv": [1, 1, 2.34205, 3.16], "texture": "#0"},
				"up": {"uv": [1, 1, 2.34205, 4.24], "texture": "#0"}
			}
		},
		{
			"from": [7.32897, 5.375, 10.38],
			"to": [8.67103, 7.535, 13.62],
			"rotation": {"angle": 0, "axis": "y", "origin": [8, 6.455, 12]},
			"faces": {
				"north": {"uv": [1, 1, 2.34205, 3.16], "texture": "#0"},
				"south": {"uv": [1, 1, 2.34205, 3.16], "texture": "#0"},
				"up": {"uv": [1, 1, 2.34205, 4.24], "texture": "#0"}
			}
		},
		{
			"from": [6.38, 5.375, 11.32897],
			"to": [9.62, 7.535, 12.67103],
			"rotation": {"angle": 45, "axis": "y", "origin": [8, 6.455, 12]},
			"faces": {
				"east": {"uv": [1, 1, 2.34205, 3.16], "texture": "#0"},
				"west": {"uv": [1, 1, 2.34205, 3.16], "texture": "#0"},
				"up": {"uv": [1, 1, 4.24, 2.34205], "texture": "#0"}
			}
		},
		{
			"from": [6.38, 5.375, 11.32897],
			"to": [9.62, 7.535, 12.67103],
			"rotation": {"angle": 0, "axis": "y", "origin": [8, 6.455, 12]},
			"faces": {
				"east": {"uv": [1, 1, 2.34205, 3.16], "texture": "#0"},
				"west": {"uv": [1, 1, 2.34205, 3.16], "texture": "#0"},
				"up": {"uv": [1, 1, 4.24, 2.34205], "texture": "#0"}
			}
		},
		{
			"from": [10.96448, 10.5916, 1.50001],
			"to": [13.03554, 11.8416, 6.50001],
			"rotation": {"angle": -45, "axis": "y", "origin": [12.00001, 5.9833, 4]},
			"faces": {
				"north": {"uv": [1, 0, 3.07107, 1.25], "texture": "#1"},
				"south": {"uv": [1, 0, 3.07107, 1.25], "texture": "#1"},
				"west": {"uv": [0, 0, 0, 0], "texture": "#1"},
				"up": {"uv": [1, 1, 3.07106, 6], "texture": "#1"},
				"down": {"uv": [0, 0, 0, 0], "texture": "#1"}
			}
		},
		{
			"from": [10.96448, 10.5916, 1.5],
			"to": [13.03554, 11.8416, 6.5],
			"rotation": {"angle": 0, "axis": "y", "origin": [12.00001, 5.9833, 4]},
			"faces": {
				"north": {"uv": [1, 0, 3.07107, 1.25], "texture": "#1"},
				"east": {"uv": [0, 0, 0, 0], "texture": "#1"},
				"south": {"uv": [1, 0, 3.07107, 1.25], "texture": "#1"},
				"west": {"uv": [0, 0, 0, 0], "texture": "#1"},
				"up": {"uv": [1, 1, 3.07106, 6], "texture": "#1"},
				"down": {"uv": [0, 0, 0, 0], "texture": "#1"}
			}
		},
		{
			"from": [9.50001, 10.5916, 2.96448],
			"to": [14.50001, 11.8416, 5.03554],
			"rotation": {"angle": -45, "axis": "y", "origin": [12.00001, 5.9833, 4]},
			"faces": {
				"north": {"uv": [0, 0, 0, 0], "texture": "#1"},
				"east": {"uv": [1, 0, 3.07107, 1.25], "texture": "#1"},
				"south": {"uv": [0, 0, 0, 0], "texture": "#1"},
				"west": {"uv": [1, 0, 3.07107, 1.25], "texture": "#1"},
				"up": {"uv": [1, 1, 6, 3.07106], "texture": "#1"},
				"down": {"uv": [0, 0, 0, 0], "texture": "#1"}
			}
		},
		{
			"from": [9.50001, 10.5916, 2.96447],
			"to": [14.50001, 11.8416, 5.03553],
			"rotation": {"angle": 0, "axis": "y", "origin": [12.00001, 5.9833, 4]},
			"faces": {
				"east": {"uv": [1, 0, 3.07107, 1.25], "texture": "#1"},
				"south": {"uv": [0, 0, 0, 0], "texture": "#1"},
				"west": {"uv": [1, 0, 3.07107, 1.25], "texture": "#1"},
				"up": {"uv": [1, 1, 6, 3.07106], "texture": "#1"},
				"down": {"uv": [0, 0, 0, 0], "texture": "#1"}
			}
		},
		{
			"from": [8.00001, 1.5, 3.20436],
			"to": [16.00001, 10.5916, 4.79566],
			"rotation": {"angle": 22.5, "axis": "y", "origin": [12.00001, 5.9833, 4]},
			"faces": {
				"east": {"uv": [1, 0, 2.5913, 9.0916], "texture": "#1"},
				"west": {"uv": [1, 0, 2.5913, 9.0916], "texture": "#1"},
				"up": {"uv": [1, 1, 2.5913, 9], "rotation": 90, "texture": "#1"},
				"down": {"uv": [1, 1, 2.5913, 9], "rotation": 270, "texture": "#1"}
			}
		},
		{
			"from": [11.20436, 1.5, 0.00001],
			"to": [12.79566, 10.5916, 8.00001],
			"rotation": {"angle": -45, "axis": "y", "origin": [12.00001, 5.9833, 4]},
			"faces": {
				"north": {"uv": [1, 0, 2.5913, 9.0916], "texture": "#1"},
				"south": {"uv": [1, 0, 2.5913, 9.0916], "texture": "#1"},
				"up": {"uv": [1, 1, 2.5913, 9], "texture": "#1"},
				"down": {"uv": [1, 1, 2.5913, 9], "texture": "#1"}
			}
		},
		{
			"from": [11.20436, 1.5, 0.00001],
			"to": [12.79566, 10.5916, 8.00001],
			"rotation": {"angle": -22.5, "axis": "y", "origin": [12.00001, 5.9833, 4]},
			"faces": {
				"north": {"uv": [1, 0, 2.5913, 9.0916], "texture": "#1"},
				"south": {"uv": [1, 0, 2.5913, 9.0916], "texture": "#1"},
				"up": {"uv": [1, 1, 2.5913, 9], "texture": "#1"},
				"down": {"uv": [1, 1, 2.5913, 9], "texture": "#1"}
			}
		},
		{
			"from": [11.20436, 1.5, 0],
			"to": [12.79566, 10.5916, 8],
			"rotation": {"angle": 0, "axis": "y", "origin": [12.00001, 5.9833, 4]},
			"faces": {
				"north": {"uv": [1, 0, 2.5913, 9.0916], "texture": "#1"},
				"south": {"uv": [1, 0, 2.5913, 9.0916], "texture": "#1"},
				"up": {"uv": [1, 1, 2.5913, 9], "texture": "#1"},
				"down": {"uv": [1, 1, 2.5913, 9], "texture": "#1"}
			}
		},
		{
			"from": [11.20436, 1.5, 0.00001],
			"to": [12.79566, 10.5916, 8.00001],
			"rotation": {"angle": 22.5, "axis": "y", "origin": [12.00001, 5.9833, 4]},
			"faces": {
				"north": {"uv": [1, 0, 2.5913, 9.0916], "texture": "#1"},
				"south": {"uv": [1, 0, 2.5913, 9.0916], "texture": "#1"},
				"up": {"uv": [1, 1, 2.5913, 9], "texture": "#1"},
				"down": {"uv": [1, 1, 2.5913, 9], "texture": "#1"}
			}
		},
		{
			"from": [8.00001, 1.5, 3.20436],
			"to": [16.00001, 10.5916, 4.79566],
			"rotation": {"angle": -45, "axis": "y", "origin": [12.00001, 5.9833, 4]},
			"faces": {
				"east": {"uv": [1, 0, 2.5913, 9.0916], "texture": "#1"},
				"west": {"uv": [1, 0, 2.5913, 9.0916], "texture": "#1"},
				"up": {"uv": [1, 1, 9, 2.5913], "texture": "#1"},
				"down": {"uv": [1, 1, 2.5913, 9], "texture": "#1"}
			}
		},
		{
			"from": [8.00001, 1.5, 3.20436],
			"to": [16.00001, 10.5916, 4.79566],
			"rotation": {"angle": -22.5, "axis": "y", "origin": [12.00001, 5.9833, 4]},
			"faces": {
				"east": {"uv": [1, 0, 2.5913, 9.0916], "texture": "#1"},
				"west": {"uv": [1, 0, 2.5913, 9.0916], "texture": "#1"},
				"up": {"uv": [1, 1, 9, 2.5913], "texture": "#1"},
				"down": {"uv": [1, 1, 2.5913, 9], "texture": "#1"}
			}
		},
		{
			"from": [8.00001, 1.5, 3.20435],
			"to": [16.00001, 10.5916, 4.79565],
			"rotation": {"angle": 0, "axis": "y", "origin": [12.00001, 5.9833, 4]},
			"faces": {
				"east": {"uv": [1, 0, 2.5913, 9.0916], "texture": "#1"},
				"west": {"uv": [1, 0, 2.5913, 9.0916], "texture": "#1"},
				"up": {"uv": [1, 1, 9, 2.5913], "texture": "#1"},
				"down": {"uv": [1, 1, 2.5913, 9], "texture": "#1"}
			}
		},
		{
			"from": [8.75001, 0, 2.65382],
			"to": [15.25001, 1.5, 5.34621],
			"rotation": {"angle": -45, "axis": "y", "origin": [12.00001, 5.9833, 4]},
			"faces": {
				"east": {"uv": [1, 14.5, 3.69239, 16], "texture": "#1"},
				"south": {"uv": [0, 0, 1, 1], "texture": "#1"},
				"west": {"uv": [1, 14.5, 3.69239, 16], "texture": "#1"},
				"up": {"uv": [0, 0, 0, 0], "rotation": 270, "texture": "#1"},
				"down": {"uv": [1, 1, 3.69239, 7.5], "rotation": 90, "texture": "#1", "cullface": "down"}
			}
		},
		{
			"from": [10.65381, 0, 0.75],
			"to": [13.3462, 1.5, 7.25],
			"rotation": {"angle": 0, "axis": "y", "origin": [12.00001, 5.9833, 4]},
			"faces": {
				"north": {"uv": [1, 14.5, 3.69239, 16], "texture": "#1"},
				"south": {"uv": [1, 14.5, 3.69239, 16], "texture": "#1"},
				"west": {"uv": [0, 0, 1, 1], "texture": "#1"},
				"up": {"uv": [0, 0, 0, 0], "texture": "#1"},
				"down": {"uv": [1, 1, 3.69239, 7.5], "texture": "#1", "cullface": "down"}
			}
		},
		{
			"from": [10.65381, 0, 0.75],
			"to": [13.3462, 1.5, 7.25],
			"rotation": {"angle": -45, "axis": "y", "origin": [12, 5.8993, 4]},
			"faces": {
				"north": {"uv": [1, 14.5, 3.69239, 16], "texture": "#1"},
				"south": {"uv": [1, 14.5, 3.69239, 16], "texture": "#1"},
				"west": {"uv": [0, 0, 1, 1], "texture": "#1"},
				"up": {"uv": [0, 0, 0, 0], "rotation": 270, "texture": "#1"},
				"down": {"uv": [1, 1, 7.5, 3.69239], "rotation": 90, "texture": "#1", "cullface": "down"}
			}
		},
		{
			"from": [8.75001, 0, 2.65381],
			"to": [15.25001, 1.5, 5.3462],
			"rotation": {"angle": 0, "axis": "y", "origin": [12.00001, 5.9833, 4]},
			"faces": {
				"east": {"uv": [1, 14.5, 3.69239, 16], "texture": "#1"},
				"west": {"uv": [1, 14.5, 3.69239, 16], "texture": "#1"},
				"up": {"uv": [0, 0, 0, 0], "texture": "#1"},
				"down": {"uv": [1, 1, 7.5, 3.69239], "texture": "#1", "cullface": "down"}
			}
		},
		{
			"from": [3.20435, 4.3328, 0.00001],
			"to": [4.79565, 5.3328, 8.00001],
			"rotation": {"angle": -22.5, "axis": "y", "origin": [4, 4.816, 4.00001]},
			"faces": {
				"north": {"uv": [1, 1, 2.5913, 2], "texture": "#0"},
				"south": {"uv": [1, 1, 2.5913, 2], "texture": "#0"},
				"up": {"uv": [1, 1, 2.5913, 9], "texture": "#0"},
				"down": {"uv": [1, 1, 2.5913, 9], "texture": "#0"}
			}
		},
		{
			"from": [3.20435, 4.3328, 0.00001],
			"to": [4.79565, 5.3328, 8.00001],
			"rotation": {"angle": 0, "axis": "y", "origin": [4, 4.816, 4.00001]},
			"faces": {
				"north": {"uv": [1, 1, 2.5913, 2], "texture": "#0"},
				"south": {"uv": [1, 1, 2.5913, 2], "texture": "#0"},
				"up": {"uv": [1, 1, 2.5913, 9], "texture": "#0"},
				"down": {"uv": [1, 1, 2.5913, 9], "texture": "#0"}
			}
		},
		{
			"from": [3.20435, 4.3328, 0.00001],
			"to": [4.79565, 5.3328, 8.00001],
			"rotation": {"angle": 22.5, "axis": "y", "origin": [4, 4.816, 4.00001]},
			"faces": {
				"north": {"uv": [1, 1, 2.5913, 2], "texture": "#0"},
				"south": {"uv": [1, 1, 2.5913, 2], "texture": "#0"},
				"up": {"uv": [1, 1, 2.5913, 9], "texture": "#0"},
				"down": {"uv": [1, 1, 2.5913, 9], "texture": "#0"}
			}
		},
		{
			"from": [3.45435, 4.3328, -0.99999],
			"to": [4.54565, 5.3328, 9.00001],
			"rotation": {"angle": 45, "axis": "y", "origin": [4, 4.8328, 4.00001]},
			"faces": {
				"north": {"uv": [1, 1, 2.0913, 2], "texture": "#0"},
				"south": {"uv": [1, 1, 2.0913, 2], "texture": "#0"},
				"up": {"uv": [1, 1, 2.0913, 11], "texture": "#0"},
				"down": {"uv": [1, 1, 2.0913, 11], "texture": "#0"}
			}
		},
		{
			"from": [-1, 4.3328, 3.45436],
			"to": [9, 5.3328, 4.54566],
			"rotation": {"angle": 45, "axis": "y", "origin": [4, 4.8328, 4.00001]},
			"faces": {
				"east": {"uv": [1, 1, 2.0913, 2], "texture": "#0"},
				"west": {"uv": [1, 1, 2.0913, 2], "texture": "#0"},
				"up": {"uv": [1, 1, 2.0913, 11], "rotation": 90, "texture": "#0"},
				"down": {"uv": [1, 1, 2.0913, 11], "rotation": 270, "texture": "#0"}
			}
		},
		{
			"from": [0, 4.3328, 3.20436],
			"to": [8, 5.3328, 4.79566],
			"rotation": {"angle": -22.5, "axis": "y", "origin": [4, 4.816, 4.00001]},
			"faces": {
				"east": {"uv": [1, 1, 2.5913, 2], "texture": "#0"},
				"west": {"uv": [1, 1, 2.5913, 2], "texture": "#0"},
				"up": {"uv": [1, 1, 9, 2.5913], "texture": "#0"},
				"down": {"uv": [1, 1, 9, 2.5913], "texture": "#0"}
			}
		},
		{
			"from": [0, 4.3328, 3.20436],
			"to": [8, 5.3328, 4.79566],
			"rotation": {"angle": 0, "axis": "y", "origin": [4, 4.816, 4.00001]},
			"faces": {
				"west": {"uv": [1, 1, 2.5913, 2], "texture": "#0"},
				"up": {"uv": [1, 1, 9, 2.5913], "texture": "#0"},
				"down": {"uv": [1, 1, 9, 2.5913], "texture": "#0"}
			}
		},
		{
			"from": [0.07863, 4.3353, 0.85031],
			"to": [7.92137, 5.3303, 1.94161],
			"rotation": {"angle": 0, "axis": "y", "origin": [4.07863, 4.8328, 1.52096]},
			"faces": {
				"east": {"uv": [1, 1, 2.0913, 2], "texture": "#0"},
				"west": {"uv": [1, 1, 2.0913, 2], "texture": "#0"},
				"up": {"uv": [1, 1, 8.84273, 2.0913], "texture": "#0"},
				"down": {"uv": [1, 1, 8.84273, 2.0913], "texture": "#0"}
			}
		},
		{
			"from": [0.8503, 4.3353, 0.07864],
			"to": [1.9416, 5.3303, 7.92138],
			"rotation": {"angle": 0, "axis": "y", "origin": [1.39595, 4.8328, 4.00001]},
			"faces": {
				"north": {"uv": [1, 1, 2.0913, 2], "texture": "#0"},
				"south": {"uv": [1, 1, 2.0913, 2], "texture": "#0"},
				"up": {"uv": [1, 1, 8.84273, 2.0913], "rotation": 90, "texture": "#0"},
				"down": {"uv": [1, 1, 8.84273, 2.0913], "rotation": 270, "texture": "#0"}
			}
		},
		{
			"from": [6.0584, 4.3353, 0.07864],
			"to": [7.1497, 5.3303, 7.92138],
			"rotation": {"angle": 0, "axis": "y", "origin": [6.60405, 4.8328, 4.00001]},
			"faces": {
				"north": {"uv": [1, 1, 2.0913, 2], "texture": "#0"},
				"south": {"uv": [1, 1, 2.0913, 2], "texture": "#0"},
				"up": {"uv": [1, 1, 8.84273, 2.0913], "rotation": 90, "texture": "#0"},
				"down": {"uv": [1, 1, 8.84273, 2.0913], "rotation": 270, "texture": "#0"}
			}
		},
		{
			"from": [0.07863, 4.3353, 6.05841],
			"to": [7.92137, 5.3303, 7.14971],
			"rotation": {"angle": 0, "axis": "y", "origin": [4, 4.8328, 6.60406]},
			"faces": {
				"east": {"uv": [1, 1, 2.0913, 2], "texture": "#0"},
				"west": {"uv": [1, 1, 2.0913, 2], "texture": "#0"},
				"up": {"uv": [1, 1, 8.84273, 2.0913], "rotation": 180, "texture": "#0"},
				"down": {"uv": [1, 1, 8.84273, 2.0913], "rotation": 180, "texture": "#0"}
			}
		},
		{
			"from": [-0.70711, 4.3353, -1.04664],
			"to": [1.92752, 5.3303, 7.41003],
			"rotation": {"angle": 45, "axis": "y", "origin": [3.29289, 4.8328, -0.50099]},
			"faces": {
				"east": {"uv": [1, 1, 2.5913, 2], "texture": "#0"},
				"west": {"uv": [1, 1, 9.45667, 2], "texture": "#0"},
				"up": {"uv": [1, 1, 3.63463, 9.45667], "texture": "#0"},
				"down": {"uv": [1, 1, 3.63463, 9.45667], "texture": "#0"}
			}
		},
		{
			"from": [2.68268, 4.3353, -0.22832],
			"to": [5.31732, 5.3303, 8.22834],
			"rotation": {"angle": -45, "axis": "y", "origin": [4, 4.8328, 4.00001]},
			"faces": {
				"east": {"uv": [1, 1, 2.5913, 2], "texture": "#0"},
				"west": {"uv": [1, 1, 9.45667, 2], "texture": "#0"},
				"up": {"uv": [1, 1, 3.63463, 9.45667], "texture": "#0"},
				"down": {"uv": [1, 1, 3.63463, 9.45667], "texture": "#0"}
			}
		},
		{
			"from": [0, 4.3328, 3.20436],
			"to": [8, 5.3328, 4.79566],
			"rotation": {"angle": 22.5, "axis": "y", "origin": [4, 4.816, 4.00001]},
			"faces": {
				"east": {"uv": [1, 1, 2.5913, 2], "texture": "#0"},
				"west": {"uv": [1, 1, 2.5913, 2], "texture": "#0"},
				"up": {"uv": [1, 1, 9, 2.5913], "texture": "#0"},
				"down": {"uv": [1, 1, 9, 2.5913], "texture": "#0"}
			}
		},
		{
			"from": [2.96447, 5.3322, 1.50001],
			"to": [5.03553, 6.5822, 6.50001],
			"rotation": {"angle": 22.5, "axis": "y", "origin": [4, 5.666, 4.00001]},
			"faces": {
				"north": {"uv": [1, 0, 3.07107, 1.25], "texture": "#0"},
				"south": {"uv": [1, 0, 3.07107, 1.25], "texture": "#0"},
				"up": {"uv": [1, 1, 3.07107, 6], "texture": "#0"}
			}
		},
		{
			"from": [2.96447, 5.3322, 1.50001],
			"to": [5.03553, 6.5822, 6.50001],
			"rotation": {"angle": -22.5, "axis": "y", "origin": [4, 5.666, 4.00001]},
			"faces": {
				"north": {"uv": [1, 0, 3.07107, 1.25], "texture": "#0"},
				"south": {"uv": [1, 0, 3.07107, 1.25], "texture": "#0"},
				"up": {"uv": [1, 1, 3.07107, 6], "texture": "#0"}
			}
		},
		{
			"from": [1.5, 5.3322, 2.96448],
			"to": [6.5, 6.5822, 5.03554],
			"rotation": {"angle": 22.5, "axis": "y", "origin": [4, 5.666, 4.00001]},
			"faces": {
				"east": {"uv": [1, 0, 3.07107, 1.25], "texture": "#0"},
				"west": {"uv": [1, 0, 3.07107, 1.25], "texture": "#0"},
				"up": {"uv": [1, 1, 6, 3.07107], "texture": "#0"}
			}
		},
		{
			"from": [1.5, 5.3322, 2.96448],
			"to": [6.5, 6.5822, 5.03554],
			"rotation": {"angle": -22.5, "axis": "y", "origin": [4, 5.666, 4.00001]},
			"faces": {
				"east": {"uv": [1, 0, 3.07107, 1.25], "texture": "#0"},
				"west": {"uv": [1, 0, 3.07107, 1.25], "texture": "#0"},
				"up": {"uv": [1, 1, 6, 3.07107], "texture": "#0"}
			}
		},
		{
			"from": [2.34315, 1.6668, 0],
			"to": [5.65685, 2.6668, 8],
			"rotation": {"angle": 45, "axis": "y", "origin": [4, 8, 4]},
			"faces": {
				"north": {"uv": [1, 0, 4.31371, 1], "texture": "#0"},
				"south": {"uv": [1, 0, 4.31371, 1], "texture": "#0"},
				"up": {"uv": [1, 1, 4.31371, 9], "texture": "#0"},
				"down": {"uv": [1, 1, 4.3137, 9], "texture": "#0"}
			}
		},
		{
			"from": [2.34315, 1.6668, 0],
			"to": [5.65685, 2.6668, 8],
			"rotation": {"angle": 0, "axis": "y", "origin": [4, 8, 4]},
			"faces": {
				"north": {"uv": [1, 0, 4.31371, 1], "texture": "#0"},
				"south": {"uv": [1, 0, 4.31371, 1], "texture": "#0"},
				"up": {"uv": [1, 1, 4.31371, 9], "texture": "#0"},
				"down": {"uv": [1, 1, 4.31371, 9], "texture": "#0"}
			}
		},
		{
			"from": [0, 1.6668, 2.34315],
			"to": [8, 2.6668, 5.65685],
			"rotation": {"angle": 45, "axis": "y", "origin": [4, 8, 4]},
			"faces": {
				"east": {"uv": [1, 0, 4.31371, 1], "texture": "#0"},
				"west": {"uv": [1, 0, 4.31371, 1], "texture": "#0"},
				"up": {"uv": [1, 1, 9, 4.31371], "texture": "#0"},
				"down": {"uv": [1, 1, 9, 4.31371], "texture": "#0"}
			}
		},
		{
			"from": [0, 1.6668, 2.34315],
			"to": [8, 2.6668, 5.65685],
			"rotation": {"angle": 0, "axis": "y", "origin": [4, 8, 4]},
			"faces": {
				"east": {"uv": [1, 0, 4.31371, 1], "texture": "#0"},
				"west": {"uv": [1, 0, 4.31371, 1], "texture": "#0"},
				"up": {"uv": [1, 1, 9, 4.31371], "texture": "#0"},
				"down": {"uv": [1, 1, 9, 4.31371], "texture": "#0"}
			}
		},
		{
			"from": [2.65381, 0, 0.75],
			"to": [5.34619, 4.416, 7.25001],
			"rotation": {"angle": 22.5, "axis": "y", "origin": [4, 0.5, 4]},
			"faces": {
				"north": {"uv": [1, 11.584, 3.69238, 16], "texture": "#0"},
				"south": {"uv": [1, 11.584, 3.69238, 16], "texture": "#0"},
				"down": {"uv": [1, 1, 3.69239, 7.5], "texture": "#0", "cullface": "down"}
			}
		},
		{
			"from": [2.65381, 0, 0.75],
			"to": [5.34619, 4.416, 7.25001],
			"rotation": {"angle": -22.5, "axis": "y", "origin": [4, 0.5, 4]},
			"faces": {
				"north": {"uv": [1, 11.584, 3.69238, 16], "texture": "#0"},
				"south": {"uv": [1, 11.584, 3.69238, 16], "texture": "#0"},
				"down": {"uv": [1, 1, 3.69239, 7.5], "texture": "#0", "cullface": "down"}
			}
		},
		{
			"from": [0.75, 0, 2.65381],
			"to": [7.25, 4.416, 5.3462],
			"rotation": {"angle": 22.5, "axis": "y", "origin": [4, 0.5, 4]},
			"faces": {
				"east": {"uv": [1, 11.584, 3.69239, 16], "texture": "#0"},
				"west": {"uv": [1, 11.584, 3.69239, 16], "texture": "#0"},
				"down": {"uv": [1, 1, 7.5, 3.69239], "texture": "#0", "cullface": "down"}
			}
		},
		{
			"from": [0.75, 0, 2.65381],
			"to": [7.25, 4.416, 5.3462],
			"rotation": {"angle": -22.5, "axis": "y", "origin": [4, 0.5, 4]},
			"faces": {
				"east": {"uv": [1, 11.584, 3.69239, 16], "texture": "#0"},
				"west": {"uv": [1, 11.584, 3.69239, 16], "texture": "#0"},
				"down": {"uv": [1, 1, 7.5, 3.69239], "texture": "#0", "cullface": "down"}
			}
		},
		{
			"from": [4, 1.6668, 10.34315],
			"to": [12, 2.6668, 13.65685],
			"rotation": {"angle": -22.5, "axis": "y", "origin": [8, 2.0831, 12]},
			"faces": {
				"east": {"uv": [1, 0, 4.31371, 1], "texture": "#1"},
				"west": {"uv": [1, 0, 4.31371, 1], "texture": "#1"},
				"up": {"uv": [1, 1, 4.31371, 9], "rotation": 270, "texture": "#1"},
				"down": {"uv": [1, 1, 4.31371, 9], "rotation": 90, "texture": "#1"}
			}
		},
		{
			"from": [6.34315, 1.6668, 8],
			"to": [9.65685, 2.6668, 16],
			"rotation": {"angle": 22.5, "axis": "y", "origin": [8, 2.0831, 12]},
			"faces": {
				"north": {"uv": [1, 0, 4.31371, 1], "texture": "#1"},
				"south": {"uv": [1, 0, 4.31371, 1], "texture": "#1"},
				"up": {"uv": [1, 1, 4.31371, 9], "texture": "#1"},
				"down": {"uv": [1, 1, 4.31371, 9], "texture": "#1"}
			}
		},
		{
			"from": [6.34315, 1.6668, 8],
			"to": [9.65685, 2.6668, 16],
			"rotation": {"angle": -22.5, "axis": "y", "origin": [8, 2.0831, 12]},
			"faces": {
				"north": {"uv": [1, 0, 4.31371, 1], "texture": "#1"},
				"south": {"uv": [1, 0, 4.31371, 1], "texture": "#1"},
				"up": {"uv": [1, 1, 9, 4.31371], "rotation": 270, "texture": "#1"},
				"down": {"uv": [1, 1, 9, 4.31371], "rotation": 90, "texture": "#1"}
			}
		},
		{
			"from": [4, 1.6668, 10.34315],
			"to": [12, 2.6668, 13.65685],
			"rotation": {"angle": 22.5, "axis": "y", "origin": [8, 2.0831, 12]},
			"faces": {
				"east": {"uv": [1, 0, 4.31371, 1], "texture": "#1"},
				"west": {"uv": [1, 0, 4.31371, 1], "texture": "#1"},
				"up": {"uv": [1, 1, 9, 4.31371], "texture": "#1"},
				"down": {"uv": [1, 1, 9, 4.31371], "texture": "#1"}
			}
		},
		{
			"from": [6.65381, 0, 8.75],
			"to": [9.34619, 4.416, 15.24999],
			"rotation": {"angle": 45, "axis": "y", "origin": [8, 2.0831, 12]},
			"faces": {
				"north": {"uv": [1, 11.584, 3.69238, 16], "texture": "#1"},
				"south": {"uv": [1, 11.584, 3.69238, 16], "texture": "#1"},
				"down": {"uv": [1, 1, 3.69239, 7.5], "texture": "#1", "cullface": "down"}
			}
		},
		{
			"from": [6.65381, 0, 8.75],
			"to": [9.34619, 4.416, 15.24999],
			"rotation": {"angle": 0, "axis": "y", "origin": [8, 2.0831, 12]},
			"faces": {
				"north": {"uv": [1, 11.584, 3.69238, 16], "texture": "#1"},
				"south": {"uv": [1, 11.584, 3.69238, 16], "texture": "#1"},
				"down": {"uv": [1, 1, 3.69239, 7.5], "texture": "#1", "cullface": "down"}
			}
		},
		{
			"from": [4.75, 0, 10.65381],
			"to": [11.25, 4.416, 13.34618],
			"rotation": {"angle": 45, "axis": "y", "origin": [8, 2.0831, 12]},
			"faces": {
				"east": {"uv": [1, 11.584, 3.69237, 16], "texture": "#1"},
				"west": {"uv": [1, 11.584, 3.69237, 16], "texture": "#1"},
				"down": {"uv": [1, 1, 7.5, 3.69239], "texture": "#1", "cullface": "down"}
			}
		},
		{
			"from": [4.75, 0, 10.65381],
			"to": [11.25, 4.416, 13.34618],
			"rotation": {"angle": 0, "axis": "y", "origin": [8, 2.0831, 12]},
			"faces": {
				"east": {"uv": [1, 11.584, 3.69237, 16], "texture": "#1"},
				"west": {"uv": [1, 11.584, 3.69237, 16], "texture": "#1"},
				"down": {"uv": [1, 1, 7.5, 3.69239], "texture": "#1", "cullface": "down"}
			}
		},
		{
			"from": [6.96447, 5.3322, 9.49999],
			"to": [9.03553, 6.5822, 14.49999],
			"rotation": {"angle": 45, "axis": "y", "origin": [8, 4.7491, 11.99999]},
			"faces": {
				"north": {"uv": [1, 0, 3.07107, 1.25], "texture": "#1"},
				"south": {"uv": [1, 0, 3.07107, 1.25], "texture": "#1"},
				"up": {"uv": [1, 1, 3.07107, 6], "texture": "#1"}
			}
		},
		{
			"from": [6.96447, 5.3322, 9.49999],
			"to": [9.03553, 6.5822, 14.49999],
			"rotation": {"angle": 0, "axis": "y", "origin": [8, 4.7491, 11.99999]},
			"faces": {
				"north": {"uv": [1, 0, 3.07107, 1.25], "texture": "#1"},
				"south": {"uv": [1, 0, 3.07107, 1.25], "texture": "#1"},
				"up": {"uv": [1, 1, 3.07107, 6], "texture": "#1"}
			}
		},
		{
			"from": [5.5, 5.3322, 10.96446],
			"to": [10.5, 6.5822, 13.03552],
			"rotation": {"angle": 45, "axis": "y", "origin": [8, 4.7491, 11.99999]},
			"faces": {
				"east": {"uv": [1, 0, 3.07107, 1.25], "texture": "#1"},
				"west": {"uv": [1, 0, 3.07107, 1.25], "texture": "#1"},
				"up": {"uv": [1, 1, 6, 3.07107], "texture": "#1"}
			}
		},
		{
			"from": [5.5, 5.3322, 10.96446],
			"to": [10.5, 6.5822, 13.03552],
			"rotation": {"angle": 0, "axis": "y", "origin": [8, 4.7491, 11.99999]},
			"faces": {
				"east": {"uv": [1, 0, 3.07107, 1.25], "texture": "#1"},
				"west": {"uv": [1, 0, 3.07107, 1.25], "texture": "#1"},
				"up": {"uv": [1, 1, 6, 3.07107], "texture": "#1"}
			}
		},
		{
			"from": [4, 4.3328, 10.34314],
			"to": [12, 5.3328, 13.65684],
			"rotation": {"angle": -22.5, "axis": "y", "origin": [8, 4.7491, 11.99999]},
			"faces": {
				"east": {"uv": [1, 0, 4.31371, 1], "texture": "#1"},
				"west": {"uv": [1, 0, 4.31371, 1], "texture": "#1"},
				"up": {"uv": [1, 1, 4.31371, 9], "rotation": 270, "texture": "#1"},
				"down": {"uv": [1, 1, 4.31371, 9], "rotation": 90, "texture": "#1"}
			}
		},
		{
			"from": [6.34315, 4.3328, 7.99999],
			"to": [9.65685, 5.3328, 15.99999],
			"rotation": {"angle": 22.5, "axis": "y", "origin": [8, 4.7491, 11.99999]},
			"faces": {
				"north": {"uv": [1, 0, 4.31371, 1], "texture": "#1"},
				"south": {"uv": [1, 0, 4.31371, 1], "texture": "#1"},
				"up": {"uv": [1, 1, 4.31371, 9], "texture": "#1"},
				"down": {"uv": [1, 1, 4.31371, 9], "texture": "#1"}
			}
		},
		{
			"from": [6.34315, 4.3328, 7.99999],
			"to": [9.65685, 5.3328, 15.99999],
			"rotation": {"angle": -22.5, "axis": "y", "origin": [8, 4.7491, 11.99999]},
			"faces": {
				"north": {"uv": [1, 0, 4.31371, 1], "texture": "#1"},
				"south": {"uv": [1, 0, 4.31371, 1], "texture": "#1"},
				"up": {"uv": [1, 1, 9, 4.31371], "rotation": 270, "texture": "#1"},
				"down": {"uv": [1, 1, 9, 4.31371], "rotation": 90, "texture": "#1"}
			}
		},
		{
			"from": [4, 4.3328, 10.34314],
			"to": [12, 5.3328, 13.65684],
			"rotation": {"angle": 22.5, "axis": "y", "origin": [8, 4.7491, 11.99999]},
			"faces": {
				"east": {"uv": [1, 0, 4.31371, 1], "texture": "#1"},
				"west": {"uv": [1, 0, 4.31371, 1], "texture": "#1"},
				"up": {"uv": [1, 1, 9, 4.31371], "texture": "#1"},
				"down": {"uv": [1, 1, 9, 4.31371], "texture": "#1"}
			}
		}
	],
	"display": {
		"thirdperson_righthand": {
			"rotation": [75, 45, 0],
			"translation": [0, 2.5, 0],
			"scale": [0.375, 0.375, 0.375]
		},
		"thirdperson_lefthand": {
			"rotation": [75, 45, 0],
			"translation": [0, 2.5, 0],
			"scale": [0.375, 0.375, 0.375]
		},
		"firstperson_righthand": {
			"rotation": [0, 45, 0],
			"translation": [0, 2, 0],
			"scale": [0.4, 0.4, 0.4]
		},
		"firstperson_lefthand": {
			"rotation": [0, -106, 0],
			"translation": [0, 2, 0],
			"scale": [0.4, 0.4, 0.4]
		},
		"ground": {
			"translation": [0, 3, 0],
			"scale": [0.25, 0.25, 0.25]
		},
		"gui": {
			"rotation": [30, 58, 0],
			"translation": [0.5, 0.25, 0],
			"scale": [0.625, 0.625, 0.625]
		},
		"head": {
			"translation": [0, 14.5, 0]
		},
		"fixed": {
			"scale": [0.5, 0.5, 0.5]
		}
	},
	"groups": [
		{
			"name": "small_round_flower1x1",
			"origin": [8, 8, 8],
			"color": 0,
			"children": [
				{
					"name": "top",
					"origin": [8, 8, 8],
					"color": 0,
					"children": [
						{
							"name": "leave",
							"origin": [4.38196, 3.375, 7.32402],
							"color": 0,
							"children": [0, 1, 2, 3, 4, 5]
						},
						{
							"name": "leave",
							"origin": [4.38196, 3.375, 7.32402],
							"color": 0,
							"children": [6, 7, 8, 9, 10, 11]
						},
						{
							"name": "leave",
							"origin": [4.38196, 3.375, 7.32402],
							"color": 0,
							"children": [12, 13, 14, 15, 16, 17]
						},
						{
							"name": "leave",
							"origin": [4.38196, 3.375, 7.32402],
							"color": 0,
							"children": [18, 19, 20, 21, 22, 23]
						},
						{
							"name": "leave",
							"origin": [4.38196, 3.375, 7.32402],
							"color": 0,
							"children": [24, 25, 26, 27, 28, 29]
						},
						{
							"name": "leave",
							"origin": [4.38196, 3.375, 7.32402],
							"color": 0,
							"children": [30, 31, 32, 33, 34, 35]
						},
						{
							"name": "leave",
							"origin": [4.38196, 3.375, 7.32402],
							"color": 0,
							"children": [36, 37, 38, 39, 40, 41]
						},
						{
							"name": "leave",
							"origin": [4.38196, 3.375, 7.32402],
							"color": 0,
							"children": [42, 43, 44, 45, 46, 47]
						}
					]
				},
				{
					"name": "bottom",
					"origin": [8, 8, 8],
					"color": 0,
					"children": [48, 49, 50, 51]
				}
			]
		},
		{
			"name": "small_round_flower1x1",
			"origin": [8, 8, 8],
			"color": 0,
			"children": [
				{
					"name": "top",
					"origin": [8, 8, 8],
					"color": 0,
					"children": [
						{
							"name": "leave",
							"origin": [4.38196, 3.375, 7.32402],
							"color": 0,
							"children": [52, 53, 54, 55, 56, 57]
						},
						{
							"name": "leave",
							"origin": [4.38196, 3.375, 7.32402],
							"color": 0,
							"children": [58, 59, 60, 61, 62, 63]
						},
						{
							"name": "leave",
							"origin": [4.38196, 3.375, 7.32402],
							"color": 0,
							"children": [64, 65, 66, 67, 68, 69]
						},
						{
							"name": "leave",
							"origin": [4.38196, 3.375, 7.32402],
							"color": 0,
							"children": [70, 71, 72, 73, 74, 75]
						},
						{
							"name": "leave",
							"origin": [4.38196, 3.375, 7.32402],
							"color": 0,
							"children": [76, 77, 78, 79, 80, 81]
						},
						{
							"name": "leave",
							"origin": [4.38196, 3.375, 7.32402],
							"color": 0,
							"children": [82, 83, 84, 85, 86, 87]
						},
						{
							"name": "leave",
							"origin": [4.38196, 3.375, 7.32402],
							"color": 0,
							"children": [88, 89, 90, 91, 92, 93]
						},
						{
							"name": "leave",
							"origin": [4.38196, 3.375, 7.32402],
							"color": 0,
							"children": [94, 95, 96, 97, 98, 99]
						}
					]
				},
				{
					"name": "bottom",
					"origin": [8, 8, 8],
					"color": 0,
					"children": [100, 101, 102, 103]
				}
			]
		},
		{
			"name": "tall_round1x1",
			"origin": [13.22625, 8, 5.83522],
			"color": 0,
			"children": [
				{
					"name": "stud",
					"origin": [13.22625, 8, 5.83522],
					"color": 0,
					"children": [104, 105, 106, 107]
				},
				{
					"name": "middle",
					"origin": [13.22625, 8, 5.83522],
					"color": 0,
					"children": [108, 109, 110, 111, 112, 113, 114, 115]
				},
				{
					"name": "bottom",
					"origin": [13.22625, 8, 5.83522],
					"color": 0,
					"children": [116, 117, 118, 119]
				}
			]
		},
		{
			"name": "small_round_corners1x1",
			"origin": [8, 8, 8],
			"color": 0,
			"children": [
				{
					"name": "center",
					"origin": [8, 8, 8],
					"color": 0,
					"children": [120, 121, 122, 123, 124, 125, 126, 127, 128, 129, 130, 131, 132, 133]
				},
				{
					"name": "top",
					"origin": [8, 8, 8],
					"color": 0,
					"children": [134, 135, 136, 137]
				}
			]
		},
		{
			"name": "small_round1x1_simple",
			"origin": [8, 8, 8],
			"color": 0,
			"children": [
				{
					"name": "center",
					"origin": [8, 8, 8],
					"color": 0,
					"children": [138, 139, 140, 141]
				},
				{
					"name": "bottom",
					"origin": [8, 8, 8],
					"color": 0,
					"children": [142, 143, 144, 145]
				}
			]
		},
		{
			"name": "small_round1x1_simple",
			"origin": [8, 8, 8],
			"color": 0,
			"children": [
				{
					"name": "center",
					"origin": [8, 8, 8],
					"color": 0,
					"children": [146, 147, 148, 149]
				},
				{
					"name": "bottom",
					"origin": [8, 8, 8],
					"color": 0,
					"children": [150, 151, 152, 153]
				}
			]
		},
		{
			"name": "small_round1x1_simple",
			"origin": [8, 8, 8],
			"color": 0,
			"children": [
				{
					"name": "top",
					"origin": [8, 8, 8],
					"color": 0,
					"children": [154, 155, 156, 157]
				},
				{
					"name": "center",
					"origin": [8, 8, 8],
					"color": 0,
					"children": [158, 159, 160, 161]
				}
			]
		}
	]
}