{
	"credit": "AlexTestria | https://alex-bauerndistel.de",
	"textures": {
		"0": "brickcraft/material/plastics/texture/brain_coral01",
		"1": "brickcraft/material/plastics/texture/brain_coral02",
		"particle": "brickcraft/material/plastics/texture/brain_coral01"
	},
	"elements": [
		{
			"from": [6.4087, 6.5832, 0],
			"to": [9.5913, 7.9998, 1.25],
			"rotation": {"angle": 0, "axis": "y", "origin": [8, 8.9618, 8]},
			"faces": {
				"north": {"uv": [1, 14.5834, 4.1826, 16], "texture": "#0"},
				"south": {"uv": [1, 14.5834, 4.1826, 16], "texture": "#0"},
				"up": {"uv": [1, 0, 4.1826, 1.25], "texture": "#0"},
				"down": {"uv": [1, 1, 4.1826, 2.25], "texture": "#0"}
			}
		},
		{
			"from": [6.4087, 5.3332, 0],
			"to": [9.5913, 7.9998, 1.25],
			"rotation": {"angle": 22.5, "axis": "y", "origin": [8, 8.9618, 8]},
			"faces": {
				"north": {"uv": [1, 13.3334, 4.1826, 16], "texture": "#0"},
				"east": {"uv": [14.75, 13.3334, 16, 16], "texture": "#0"},
				"south": {"uv": [1, 13.3334, 4.1826, 16], "texture": "#0"},
				"up": {"uv": [1, 0, 4.1826, 1.25], "texture": "#0"},
				"down": {"uv": [1, 1, 4.1826, 2.25], "texture": "#0", "cullface": "down"}
			}
		},
		{
			"from": [0, 5.3332, 6.4087],
			"to": [1.25, 7.9998, 9.5913],
			"rotation": {"angle": -45, "axis": "y", "origin": [8, 8.9618, 8]},
			"faces": {
				"east": {"uv": [1, 13.3334, 4.1826, 16], "texture": "#0"},
				"west": {"uv": [1, 13.3334, 4.1826, 16], "texture": "#0", "cullface": "north"},
				"up": {"uv": [1, 0, 4.1826, 1.25], "rotation": 270, "texture": "#0"},
				"down": {"uv": [1, 1, 4.1826, 2.25], "rotation": 90, "texture": "#0", "cullface": "down"}
			}
		},
		{
			"from": [0, 5.3332, 6.4087],
			"to": [1.25, 7.9998, 9.5913],
			"rotation": {"angle": -22.5, "axis": "y", "origin": [8, 8.9618, 8]},
			"faces": {
				"east": {"uv": [1, 13.3334, 4.1826, 16], "texture": "#0"},
				"south": {"uv": [0, 13.3334, 1.25, 16], "texture": "#0"},
				"west": {"uv": [1, 13.3334, 4.1826, 16], "texture": "#0"},
				"up": {"uv": [1, 0, 4.1826, 1.25], "rotation": 270, "texture": "#0"},
				"down": {"uv": [1, 1, 4.1826, 2.25], "rotation": 90, "texture": "#0", "cullface": "down"}
			}
		},
		{
			"from": [0, 6.5832, 6.4087],
			"to": [1.25, 7.9998, 9.5913],
			"rotation": {"angle": 0, "axis": "y", "origin": [8, 8.9618, 8]},
			"faces": {
				"east": {"uv": [1, 14.5834, 4.1826, 16], "texture": "#0"},
				"west": {"uv": [1, 14.5834, 4.1826, 16], "texture": "#0"},
				"up": {"uv": [1, 0, 4.1826, 1.25], "rotation": 270, "texture": "#0"},
				"down": {"uv": [1, 1, 4.1826, 2.25], "rotation": 90, "texture": "#0"}
			}
		},
		{
			"from": [6.4087, 6.5832, 14.75],
			"to": [9.5913, 7.9998, 16],
			"rotation": {"angle": 0, "axis": "y", "origin": [8, 8.9618, 8]},
			"faces": {
				"north": {"uv": [1, 14.5834, 4.1826, 16], "texture": "#0"},
				"south": {"uv": [1, 14.5834, 4.1826, 16], "texture": "#0"},
				"up": {"uv": [1, 14.75, 4.1826, 16], "texture": "#0"},
				"down": {"uv": [1, 1, 4.1826, 2.25], "texture": "#0"}
			}
		},
		{
			"from": [6.4087, 5.3332, 14.75],
			"to": [9.5913, 7.9998, 16],
			"rotation": {"angle": 22.5, "axis": "y", "origin": [8, 8.9618, 8]},
			"faces": {
				"north": {"uv": [1, 13.3334, 4.1826, 16], "texture": "#0"},
				"south": {"uv": [1, 13.3334, 4.1826, 16], "texture": "#0"},
				"west": {"uv": [14.75, 13.3334, 16, 16], "texture": "#0"},
				"up": {"uv": [1, 14.75, 4.1826, 16], "texture": "#0"},
				"down": {"uv": [1, 1, 4.1826, 2.25], "texture": "#0", "cullface": "down"}
			}
		},
		{
			"from": [14.75, 5.3332, 6.4087],
			"to": [16, 7.9998, 9.5913],
			"rotation": {"angle": -45, "axis": "y", "origin": [8, 8.9618, 8]},
			"faces": {
				"east": {"uv": [1, 13.3334, 4.1826, 16], "texture": "#0", "cullface": "south"},
				"west": {"uv": [1, 13.3334, 4.1826, 16], "texture": "#0"},
				"up": {"uv": [1, 14.75, 4.1826, 16], "rotation": 270, "texture": "#0"},
				"down": {"uv": [1, 1, 4.1826, 2.25], "rotation": 90, "texture": "#0", "cullface": "down"}
			}
		},
		{
			"from": [14.75, 5.3332, 6.4087],
			"to": [16, 7.9998, 9.5913],
			"rotation": {"angle": -22.5, "axis": "y", "origin": [8, 8.9618, 8]},
			"faces": {
				"north": {"uv": [0, 13.3334, 1.25, 16], "texture": "#0"},
				"east": {"uv": [1, 13.3334, 4.1826, 16], "texture": "#0"},
				"west": {"uv": [1, 13.3334, 4.1826, 16], "texture": "#0"},
				"up": {"uv": [1, 14.75, 4.1826, 16], "rotation": 270, "texture": "#0"},
				"down": {"uv": [1, 1, 4.1826, 2.25], "rotation": 90, "texture": "#0", "cullface": "down"}
			}
		},
		{
			"from": [14.75, 6.5832, 6.4087],
			"to": [16, 7.9998, 9.5913],
			"rotation": {"angle": 0, "axis": "y", "origin": [8, 8.9618, 8]},
			"faces": {
				"east": {"uv": [1, 14.5834, 4.1826, 16], "texture": "#0"},
				"west": {"uv": [1, 14.5834, 4.1826, 16], "texture": "#0"},
				"up": {"uv": [1, 14.75, 4.1826, 16], "rotation": 270, "texture": "#0"},
				"down": {"uv": [1, 1, 4.1826, 2.25], "rotation": 90, "texture": "#0"}
			}
		},
		{
			"from": [0, 5.3332, 6.4087],
			"to": [1.25, 7.9998, 9.5913],
			"rotation": {"angle": 22.5, "axis": "y", "origin": [8, 8.9618, 8]},
			"faces": {
				"north": {"uv": [14.75, 13.3334, 16, 16], "texture": "#0"},
				"east": {"uv": [1, 13.3334, 4.1826, 16], "texture": "#0"},
				"west": {"uv": [1, 13.3334, 4.1826, 16], "texture": "#0"},
				"up": {"uv": [0, 1, 1.25, 4.1826], "texture": "#0"},
				"down": {"uv": [1, 1, 2.25, 4.1826], "texture": "#0", "cullface": "down"}
			}
		},
		{
			"from": [6.4087, 5.3332, 14.75],
			"to": [9.5913, 7.9998, 16],
			"rotation": {"angle": -45, "axis": "y", "origin": [8, 8.9618, 8]},
			"faces": {
				"north": {"uv": [1, 13.3334, 4.1826, 16], "texture": "#0"},
				"south": {"uv": [1, 13.3334, 4.1826, 16], "texture": "#0", "cullface": "west"},
				"up": {"uv": [0, 1, 1.25, 4.1826], "rotation": 270, "texture": "#0"},
				"down": {"uv": [1, 1, 2.25, 4.1826], "rotation": 90, "texture": "#0", "cullface": "down"}
			}
		},
		{
			"from": [6.4087, 5.3332, 14.75],
			"to": [9.5913, 7.9998, 16],
			"rotation": {"angle": -22.5, "axis": "y", "origin": [8, 9.6286, 8]},
			"faces": {
				"north": {"uv": [1, 13.3334, 4.1826, 16], "texture": "#0"},
				"east": {"uv": [0, 13.3334, 1.25, 16], "texture": "#0"},
				"south": {"uv": [1, 13.3334, 4.1826, 16], "texture": "#0"},
				"up": {"uv": [0, 1, 1.25, 4.1826], "rotation": 270, "texture": "#0"},
				"down": {"uv": [1, 1, 2.25, 4.1826], "rotation": 90, "texture": "#0", "cullface": "down"}
			}
		},
		{
			"from": [14.75, 5.3332, 6.4087],
			"to": [16, 7.9998, 9.5913],
			"rotation": {"angle": 22.5, "axis": "y", "origin": [8, 8.9618, 8]},
			"faces": {
				"east": {"uv": [1, 13.3334, 4.1826, 16], "texture": "#0"},
				"south": {"uv": [14.75, 13.3334, 16, 16], "texture": "#0"},
				"west": {"uv": [1, 13.3334, 4.1826, 16], "texture": "#0"},
				"up": {"uv": [14.75, 1, 16, 4.1826], "texture": "#0"},
				"down": {"uv": [1, 1, 2.25, 4.1826], "texture": "#0", "cullface": "down"}
			}
		},
		{
			"from": [6.4087, 5.3332, 0],
			"to": [9.5913, 7.9998, 1.25],
			"rotation": {"angle": -45, "axis": "y", "origin": [8, 8.9618, 8]},
			"faces": {
				"north": {"uv": [1, 13.3334, 4.1826, 16], "texture": "#0", "cullface": "east"},
				"south": {"uv": [1, 13.3334, 4.1826, 16], "texture": "#0"},
				"up": {"uv": [14.75, 1, 16, 4.1826], "rotation": 270, "texture": "#0"},
				"down": {"uv": [1, 1, 2.25, 4.1826], "rotation": 90, "texture": "#0", "cullface": "down"}
			}
		},
		{
			"from": [3.6587, 7.6248, 1.25],
			"to": [12.3413, 7.9998, 14.75],
			"rotation": {"angle": -45, "axis": "y", "origin": [8, 8.9618, 8]},
			"faces": {
				"up": {"uv": [1, 1, 14.5, 9.6826], "rotation": 270, "texture": "#0"},
				"down": {"uv": [1, 1, 14.5, 9.6826], "rotation": 90, "texture": "#0"}
			}
		},
		{
			"from": [3.6587, 7.6248, 1.25],
			"to": [12.3413, 7.9998, 14.75],
			"rotation": {"angle": 22.5, "axis": "y", "origin": [8, 8.9618, 8]},
			"faces": {
				"up": {"uv": [1, 1, 9.6826, 14.5], "texture": "#0"},
				"down": {"uv": [1, 1, 9.6826, 14.5], "texture": "#0"}
			}
		},
		{
			"from": [1.25, 7.6248, 3.6587],
			"to": [14.75, 7.9998, 12.3413],
			"rotation": {"angle": 0, "axis": "y", "origin": [8, 8.9618, 8]},
			"faces": {
				"up": {"uv": [1, 1, 14.5, 9.6826], "texture": "#0"},
				"down": {"uv": [1, 1, 14.5, 9.6826], "texture": "#0"}
			}
		},
		{
			"from": [6.4087, 5.3332, 0],
			"to": [9.5913, 7.9998, 1.25],
			"rotation": {"angle": -22.5, "axis": "y", "origin": [8, 8.9618, 8]},
			"faces": {
				"north": {"uv": [1, 13.3334, 4.1826, 16], "texture": "#0"},
				"south": {"uv": [1, 13.3334, 4.1826, 16], "texture": "#0"},
				"west": {"uv": [0, 13.3334, 1.25, 16], "texture": "#0"},
				"up": {"uv": [14.75, 1, 16, 4.1826], "rotation": 270, "texture": "#0"},
				"down": {"uv": [1, 1, 2.25, 4.1826], "rotation": 90, "texture": "#0", "cullface": "down"}
			}
		},
		{
			"from": [4.5, 5.3332, 6.55025],
			"to": [5.5, 7.9332, 9.44975],
			"rotation": {"angle": 22.5, "axis": "y", "origin": [8, 8.9618, 8]},
			"faces": {
				"east": {"uv": [1, 13.4, 3.89949, 16], "texture": "#0", "cullface": "down"},
				"west": {"uv": [1, 13.4, 3.89949, 16], "texture": "#0"},
				"down": {"uv": [1, 1, 3.89949, 2], "rotation": 90, "texture": "#0", "cullface": "down"}
			}
		},
		{
			"from": [4.5, 5.3332, 6.55025],
			"to": [5.5, 7.9332, 9.44975],
			"rotation": {"angle": -22.5, "axis": "y", "origin": [8, 8.9618, 8]},
			"faces": {
				"east": {"uv": [1, 13.4, 3.89949, 16], "texture": "#0", "cullface": "down"},
				"west": {"uv": [1, 13.4, 3.89949, 16], "texture": "#0"},
				"up": {"uv": [0, 0, 0, 0], "rotation": 270, "texture": "#0"},
				"down": {"uv": [1, 1, 3.89949, 2], "rotation": 90, "texture": "#0", "cullface": "down"}
			}
		},
		{
			"from": [10.5, 5.3332, 6.55025],
			"to": [11.5, 7.9332, 9.44975],
			"rotation": {"angle": 22.5, "axis": "y", "origin": [8, 8.9618, 8]},
			"faces": {
				"east": {"uv": [1, 13.4, 3.89949, 16], "texture": "#0"},
				"west": {"uv": [1, 13.4, 3.89949, 16], "texture": "#0", "cullface": "down"},
				"down": {"uv": [1, 1, 3.89949, 2], "rotation": 90, "texture": "#0", "cullface": "down"}
			}
		},
		{
			"from": [10.5, 5.3332, 6.55025],
			"to": [11.5, 7.9332, 9.44975],
			"rotation": {"angle": -22.5, "axis": "y", "origin": [8, 8.9618, 8]},
			"faces": {
				"east": {"uv": [1, 13.4, 3.89949, 16], "texture": "#0"},
				"west": {"uv": [1, 13.4, 3.89949, 16], "texture": "#0", "cullface": "down"},
				"up": {"uv": [0, 0, 0, 0], "rotation": 270, "texture": "#0"},
				"down": {"uv": [1, 1, 3.89949, 2], "rotation": 90, "texture": "#0", "cullface": "down"}
			}
		},
		{
			"from": [6.55025, 5.3332, 10.5],
			"to": [9.44975, 7.9332, 11.5],
			"rotation": {"angle": 22.5, "axis": "y", "origin": [8, 8.9618, 8]},
			"faces": {
				"north": {"uv": [1, 13.4, 3.89949, 16], "texture": "#0", "cullface": "down"},
				"south": {"uv": [1, 13.4, 3.89949, 16], "texture": "#0"},
				"down": {"uv": [1, 1, 2, 3.89949], "rotation": 90, "texture": "#0", "cullface": "down"}
			}
		},
		{
			"from": [6.55025, 5.3332, 10.5],
			"to": [9.44975, 7.9332, 11.5],
			"rotation": {"angle": -22.5, "axis": "y", "origin": [8, 8.9618, 8]},
			"faces": {
				"north": {"uv": [1, 13.4, 3.89949, 16], "texture": "#0", "cullface": "down"},
				"south": {"uv": [1, 13.4, 3.89949, 16], "texture": "#0", "cullface": "down"},
				"up": {"uv": [0, 0, 0, 0], "rotation": 270, "texture": "#0"},
				"down": {"uv": [1, 1, 2, 3.89949], "rotation": 90, "texture": "#0", "cullface": "down"}
			}
		},
		{
			"from": [6.55025, 5.3332, 4.5],
			"to": [9.44975, 7.9332, 5.5],
			"rotation": {"angle": 22.5, "axis": "y", "origin": [8, 8.9618, 8]},
			"faces": {
				"north": {"uv": [1, 13.4, 3.89949, 16], "texture": "#0"},
				"south": {"uv": [1, 13.4, 3.89949, 16], "texture": "#0", "cullface": "down"},
				"down": {"uv": [1, 1, 2, 3.89949], "rotation": 90, "texture": "#0", "cullface": "down"}
			}
		},
		{
			"from": [6.55025, 5.3332, 4.5],
			"to": [9.44975, 7.9332, 5.5],
			"rotation": {"angle": -22.5, "axis": "y", "origin": [8, 8.9618, 8]},
			"faces": {
				"north": {"uv": [0, 0, 1, 1], "texture": "#0"},
				"south": {"uv": [1, 13.4, 3.89949, 16], "texture": "#0", "cullface": "down"},
				"up": {"uv": [0, 0, 0, 0], "rotation": 270, "texture": "#0"},
				"down": {"uv": [1, 1, 2, 3.89949], "rotation": 90, "texture": "#0", "cullface": "down"}
			}
		},
		{
			"from": [6.96447, 7.9992, 10.98008],
			"to": [9.03553, 9.2492, 15.98008],
			"rotation": {"angle": 0, "axis": "y", "origin": [8, 8.9618, 8]},
			"faces": {
				"north": {"uv": [1, 0, 3.07106, 1.25], "texture": "#0", "cullface": "up"},
				"south": {"uv": [1, 0, 3.07106, 1.25], "texture": "#0", "cullface": "up"},
				"up": {"uv": [1, 1, 3.07106, 6], "rotation": 180, "texture": "#0", "cullface": "up"}
			}
		},
		{
			"from": [10.83947, 7.9992, 9.375],
			"to": [12.91053, 9.2492, 14.375],
			"rotation": {"angle": -45, "axis": "y", "origin": [8, 8.9618, 8]},
			"faces": {
				"north": {"uv": [1, 0, 3.07106, 1.25], "texture": "#0", "cullface": "up"},
				"south": {"uv": [1, 0, 3.07106, 1.25], "texture": "#0", "cullface": "up"},
				"up": {"uv": [1, 1, 3.07106, 6], "rotation": 180, "texture": "#0", "cullface": "up"}
			}
		},
		{
			"from": [5.5, 7.9992, 12.44455],
			"to": [10.5, 9.2492, 14.51561],
			"rotation": {"angle": 0, "axis": "y", "origin": [8, 8.9618, 8]},
			"faces": {
				"east": {"uv": [1, 0, 3.07106, 1.25], "texture": "#0", "cullface": "up"},
				"west": {"uv": [1, 0, 3.07106, 1.25], "texture": "#0", "cullface": "up"},
				"up": {"uv": [1, 1, 6, 3.07106], "rotation": 180, "texture": "#0", "cullface": "up"}
			}
		},
		{
			"from": [9.375, 7.9992, 10.83947],
			"to": [14.375, 9.2492, 12.91053],
			"rotation": {"angle": -45, "axis": "y", "origin": [8, 8.9618, 8]},
			"faces": {
				"east": {"uv": [1, 0, 3.07106, 1.25], "texture": "#0", "cullface": "up"},
				"west": {"uv": [1, 0, 3.07106, 1.25], "texture": "#0", "cullface": "up"},
				"up": {"uv": [1, 1, 6, 3.07106], "rotation": 180, "texture": "#0", "cullface": "up"}
			}
		},
		{
			"from": [6.96447, 7.9992, 0.01992],
			"to": [9.03553, 9.2492, 5.01992],
			"rotation": {"angle": 0, "axis": "y", "origin": [8, 8.9618, 8]},
			"faces": {
				"north": {"uv": [1, 0, 3.07106, 1.25], "texture": "#0", "cullface": "up"},
				"south": {"uv": [1, 0, 3.07106, 1.25], "texture": "#0", "cullface": "up"},
				"up": {"uv": [1, 1, 3.07106, 6], "texture": "#0", "cullface": "up"}
			}
		},
		{
			"from": [3.08947, 7.9992, 1.625],
			"to": [5.16053, 9.2492, 6.625],
			"rotation": {"angle": -45, "axis": "y", "origin": [8, 8.9618, 8]},
			"faces": {
				"north": {"uv": [1, 0, 3.07106, 1.25], "texture": "#0", "cullface": "up"},
				"south": {"uv": [1, 0, 3.07106, 1.25], "texture": "#0", "cullface": "up"},
				"up": {"uv": [1, 1, 3.07106, 6], "texture": "#0", "cullface": "up"}
			}
		},
		{
			"from": [5.5, 7.9992, 1.48439],
			"to": [10.5, 9.2492, 3.55545],
			"rotation": {"angle": 0, "axis": "y", "origin": [8, 8.9618, 8]},
			"faces": {
				"east": {"uv": [1, 0, 3.07106, 1.25], "texture": "#0", "cullface": "up"},
				"west": {"uv": [1, 0, 3.07106, 1.25], "texture": "#0", "cullface": "up"},
				"up": {"uv": [1, 1, 6, 3.07106], "texture": "#0", "cullface": "up"}
			}
		},
		{
			"from": [1.625, 7.9992, 3.08947],
			"to": [6.625, 9.2492, 5.16053],
			"rotation": {"angle": -45, "axis": "y", "origin": [8, 8.9618, 8]},
			"faces": {
				"east": {"uv": [1, 0, 3.07106, 1.25], "texture": "#0", "cullface": "up"},
				"west": {"uv": [1, 0, 3.07106, 1.25], "texture": "#0", "cullface": "up"},
				"up": {"uv": [1, 1, 6, 3.07106], "texture": "#0", "cullface": "up"}
			}
		},
		{
			"from": [10.56293, 10.6654, 4.86733],
			"to": [15.56293, 11.9154, 6.93839],
			"rotation": {"angle": -22.5, "axis": "y", "origin": [8, 8.9618, 8]},
			"faces": {
				"east": {"uv": [1, 0, 3.07107, 1.25], "texture": "#0"},
				"west": {"uv": [1, 0, 3.07107, 1.25], "texture": "#0"},
				"up": {"uv": [1, 1, 3.07107, 6], "rotation": 90, "texture": "#0"}
			}
		},
		{
			"from": [12.0274, 10.6654, 7.59713],
			"to": [14.09846, 11.9154, 12.59713],
			"rotation": {"angle": 22.5, "axis": "y", "origin": [8, 8.9618, 8]},
			"faces": {
				"north": {"uv": [1, 0, 3.07107, 1.25], "texture": "#0"},
				"south": {"uv": [1, 0, 3.07107, 1.25], "texture": "#0"},
				"up": {"uv": [1, 1, 3.07107, 6], "rotation": 180, "texture": "#0"}
			}
		},
		{
			"from": [12.0274, 10.6654, 3.40286],
			"to": [14.09846, 11.9154, 8.40286],
			"rotation": {"angle": -22.5, "axis": "y", "origin": [8, 8.9618, 8]},
			"faces": {
				"north": {"uv": [1, 0, 3.07107, 1.25], "texture": "#0"},
				"south": {"uv": [1, 0, 3.07107, 1.25], "texture": "#0"},
				"up": {"uv": [1, 1, 6, 3.07107], "rotation": 90, "texture": "#0"}
			}
		},
		{
			"from": [10.56293, 10.6654, 9.0616],
			"to": [15.56293, 11.9154, 11.13266],
			"rotation": {"angle": 22.5, "axis": "y", "origin": [8, 8.9618, 8]},
			"faces": {
				"east": {"uv": [1, 0, 3.07107, 1.25], "texture": "#0"},
				"west": {"uv": [1, 0, 3.07107, 1.25], "texture": "#0"},
				"up": {"uv": [1, 1, 6, 3.07107], "rotation": 180, "texture": "#0"}
			}
		},
		{
			"from": [9.48008, 9.666, 6.34315],
			"to": [17.48008, 10.666, 9.65685],
			"rotation": {"angle": 0, "axis": "y", "origin": [8, 8.9618, 8]},
			"faces": {
				"east": {"uv": [1, 0, 4.31371, 1], "texture": "#0"},
				"west": {"uv": [1, 0, 4.31371, 1], "texture": "#0"},
				"up": {"uv": [1, 1, 4.31371, 9], "rotation": 90, "texture": "#0"},
				"down": {"uv": [1, 1, 4.31371, 9], "rotation": 270, "texture": "#0"}
			}
		},
		{
			"from": [7.875, 9.666, 2.46815],
			"to": [15.875, 10.666, 5.78185],
			"rotation": {"angle": -45, "axis": "y", "origin": [8, 8.9618, 8]},
			"faces": {
				"east": {"uv": [1, 0, 4.31371, 1], "texture": "#0"},
				"west": {"uv": [1, 0, 4.31371, 1], "texture": "#0"},
				"up": {"uv": [1, 1, 4.31371, 9], "rotation": 90, "texture": "#0"},
				"down": {"uv": [1, 1, 4.31371, 9], "rotation": 270, "texture": "#0"}
			}
		},
		{
			"from": [11.82323, 9.666, 4],
			"to": [15.13693, 10.666, 12],
			"rotation": {"angle": 0, "axis": "y", "origin": [8, 8.9618, 8]},
			"faces": {
				"north": {"uv": [1, 0, 4.31371, 1], "texture": "#0"},
				"south": {"uv": [1, 0, 4.31371, 1], "texture": "#0"},
				"up": {"uv": [1, 1, 9, 4.31371], "rotation": 90, "texture": "#0"},
				"down": {"uv": [1, 1, 9, 4.31371], "rotation": 270, "texture": "#0"}
			}
		},
		{
			"from": [10.21815, 9.666, 0.125],
			"to": [13.53185, 10.666, 8.125],
			"rotation": {"angle": -45, "axis": "y", "origin": [8, 8.9618, 8]},
			"faces": {
				"north": {"uv": [1, 0, 4.31371, 1], "texture": "#0"},
				"south": {"uv": [1, 0, 4.31371, 1], "texture": "#0"},
				"up": {"uv": [1, 1, 9, 4.31371], "rotation": 90, "texture": "#0"},
				"down": {"uv": [1, 1, 9, 4.31371], "rotation": 270, "texture": "#0"}
			}
		},
		{
			"from": [9.81293, 7.9992, 4.55667],
			"to": [16.31293, 9.7492, 7.24905],
			"rotation": {"angle": -22.5, "axis": "y", "origin": [8, 8.9618, 8]},
			"faces": {
				"east": {"uv": [1, 14.25, 3.69239, 16], "texture": "#0"},
				"west": {"uv": [1, 14.25, 3.69239, 16], "texture": "#0"},
				"down": {"uv": [1, 1, 3.69239, 7.5], "rotation": 270, "texture": "#0"}
			}
		},
		{
			"from": [11.71674, 7.9992, 6.84713],
			"to": [14.40912, 9.7492, 13.34713],
			"rotation": {"angle": 22.5, "axis": "y", "origin": [8, 8.9618, 8]},
			"faces": {
				"north": {"uv": [1, 14.25, 3.69239, 16], "texture": "#0"},
				"south": {"uv": [1, 14.25, 3.69239, 16], "texture": "#0"},
				"down": {"uv": [1, 1, 3.69239, 7.5], "rotation": 180, "texture": "#0"}
			}
		},
		{
			"from": [11.71674, 7.9992, 2.65286],
			"to": [14.40912, 9.7492, 9.15286],
			"rotation": {"angle": -22.5, "axis": "y", "origin": [8, 8.9618, 8]},
			"faces": {
				"north": {"uv": [1, 14.25, 3.69239, 16], "texture": "#0"},
				"south": {"uv": [1, 14.25, 3.69239, 16], "texture": "#0"},
				"down": {"uv": [1, 1, 7.5, 3.69239], "rotation": 270, "texture": "#0"}
			}
		},
		{
			"from": [9.81293, 7.9992, 8.75094],
			"to": [16.31293, 9.7492, 11.44332],
			"rotation": {"angle": 22.5, "axis": "y", "origin": [8, 8.9618, 8]},
			"faces": {
				"east": {"uv": [1, 14.25, 3.69239, 16], "texture": "#0"},
				"west": {"uv": [1, 14.25, 3.69239, 16], "texture": "#0"},
				"down": {"uv": [1, 1, 7.5, 3.69239], "rotation": 180, "texture": "#0"}
			}
		},
		{
			"from": [1.72427, 9.666, 4],
			"to": [3.31557, 10.666, 12],
			"rotation": {"angle": 0, "axis": "y", "origin": [8, 8.9618, 8]},
			"faces": {
				"north": {"uv": [1, 1, 2.5913, 2], "texture": "#0"},
				"south": {"uv": [1, 1, 2.5913, 2], "texture": "#0"},
				"up": {"uv": [1, 1, 2.5913, 9], "rotation": 180, "texture": "#0"},
				"down": {"uv": [1, 1, 2.5913, 9], "rotation": 180, "texture": "#0"}
			}
		},
		{
			"from": [2.14142, 9.666, 1.90286],
			"to": [3.73272, 10.666, 9.90286],
			"rotation": {"angle": 22.5, "axis": "y", "origin": [8, 8.9618, 8]},
			"faces": {
				"north": {"uv": [1, 1, 2.5913, 2], "texture": "#0"},
				"south": {"uv": [1, 1, 2.5913, 2], "texture": "#0"},
				"up": {"uv": [1, 1, 2.5913, 9], "rotation": 180, "texture": "#0"},
				"down": {"uv": [1, 1, 2.5913, 9], "rotation": 180, "texture": "#0"}
			}
		},
		{
			"from": [0.125, 9.666, 11.07935],
			"to": [8.125, 10.666, 12.67065],
			"rotation": {"angle": -45, "axis": "y", "origin": [8, 8.9618, 8]},
			"faces": {
				"east": {"uv": [1, 1, 2.5913, 2], "texture": "#0"},
				"west": {"uv": [1, 1, 2.5913, 2], "texture": "#0"},
				"up": {"uv": [1, 1, 2.5913, 9], "rotation": 90, "texture": "#0"},
				"down": {"uv": [1, 1, 2.5913, 9], "rotation": 270, "texture": "#0"}
			}
		},
		{
			"from": [-2.06293, 9.666, 9.55148],
			"to": [7.93707, 10.666, 10.64278],
			"rotation": {"angle": -22.5, "axis": "y", "origin": [8, 8.9618, 8]},
			"faces": {
				"east": {"uv": [1, 1, 2.0913, 2], "texture": "#0"},
				"west": {"uv": [1, 1, 2.0913, 2], "texture": "#0"},
				"up": {"uv": [1, 1, 2.0913, 11], "rotation": 90, "texture": "#0"},
				"down": {"uv": [1, 1, 2.0913, 11], "rotation": 270, "texture": "#0"}
			}
		},
		{
			"from": [2.39142, 9.666, 5.09713],
			"to": [3.48272, 10.666, 15.09713],
			"rotation": {"angle": -22.5, "axis": "y", "origin": [8, 8.9618, 8]},
			"faces": {
				"north": {"uv": [1, 1, 2.0913, 2], "texture": "#0"},
				"south": {"uv": [1, 1, 2.0913, 2], "texture": "#0"},
				"up": {"uv": [1, 1, 2.0913, 11], "rotation": 180, "texture": "#0"},
				"down": {"uv": [1, 1, 2.0913, 11], "rotation": 180, "texture": "#0"}
			}
		},
		{
			"from": [-1.48008, 9.666, 7.20435],
			"to": [6.51992, 10.666, 8.79565],
			"rotation": {"angle": 0, "axis": "y", "origin": [8, 8.9618, 8]},
			"faces": {
				"east": {"uv": [1, 1, 2.5913, 2], "texture": "#0"},
				"west": {"uv": [1, 1, 2.5913, 2], "texture": "#0"},
				"up": {"uv": [1, 1, 9, 2.5913], "rotation": 180, "texture": "#0"},
				"down": {"uv": [1, 1, 9, 2.5913], "rotation": 180, "texture": "#0"}
			}
		},
		{
			"from": [-1.06293, 9.666, 5.10721],
			"to": [6.93707, 10.666, 6.69851],
			"rotation": {"angle": 22.5, "axis": "y", "origin": [8, 8.9618, 8]},
			"faces": {
				"east": {"uv": [1, 1, 2.5913, 2], "texture": "#0"},
				"west": {"uv": [1, 1, 2.5913, 2], "texture": "#0"},
				"up": {"uv": [1, 1, 9, 2.5913], "rotation": 180, "texture": "#0"},
				"down": {"uv": [1, 1, 9, 2.5913], "rotation": 180, "texture": "#0"}
			}
		},
		{
			"from": [-0.9843, 9.6685, 7.96126],
			"to": [6.85844, 10.6635, 9.05256],
			"rotation": {"angle": 22.5, "axis": "y", "origin": [8, 8.9618, 8]},
			"faces": {
				"east": {"uv": [1, 1, 2.0913, 2], "texture": "#0"},
				"west": {"uv": [1, 1, 2.0913, 2], "texture": "#0"},
				"up": {"uv": [1, 1, 8.84273, 2.0913], "rotation": 180, "texture": "#0"},
				"down": {"uv": [1, 1, 8.84273, 2.0913], "rotation": 180, "texture": "#0"}
			}
		},
		{
			"from": [4.99547, 9.6685, 1.98149],
			"to": [6.08677, 10.6635, 9.82423],
			"rotation": {"angle": 22.5, "axis": "y", "origin": [8, 8.9618, 8]},
			"faces": {
				"north": {"uv": [1, 1, 2.0913, 2], "texture": "#0"},
				"south": {"uv": [1, 1, 2.0913, 2], "texture": "#0"},
				"up": {"uv": [1, 1, 8.84273, 2.0913], "rotation": 270, "texture": "#0"},
				"down": {"uv": [1, 1, 8.84273, 2.0913], "rotation": 90, "texture": "#0"}
			}
		},
		{
			"from": [-0.21263, 9.6685, 1.98149],
			"to": [0.87867, 10.6635, 9.82423],
			"rotation": {"angle": 22.5, "axis": "y", "origin": [8, 8.9618, 8]},
			"faces": {
				"north": {"uv": [1, 1, 2.0913, 2], "texture": "#0"},
				"south": {"uv": [1, 1, 2.0913, 2], "texture": "#0"},
				"up": {"uv": [1, 1, 8.84273, 2.0913], "rotation": 270, "texture": "#0"},
				"down": {"uv": [1, 1, 8.84273, 2.0913], "rotation": 90, "texture": "#0"}
			}
		},
		{
			"from": [-0.9843, 9.6685, 2.75316],
			"to": [6.85844, 10.6635, 3.84446],
			"rotation": {"angle": 22.5, "axis": "y", "origin": [8, 8.9618, 8]},
			"faces": {
				"east": {"uv": [1, 1, 2.0913, 2], "texture": "#0"},
				"west": {"uv": [1, 1, 2.0913, 2], "texture": "#0"},
				"up": {"uv": [1, 1, 8.84273, 2.0913], "texture": "#0"},
				"down": {"uv": [1, 1, 8.84273, 2.0913], "texture": "#0"}
			}
		},
		{
			"from": [-1.29126, 9.6685, 8.77981],
			"to": [7.16541, 10.6635, 11.41444],
			"rotation": {"angle": -22.5, "axis": "y", "origin": [8, 8.9618, 8]},
			"faces": {
				"north": {"uv": [1, 1, 9.45667, 2], "texture": "#0"},
				"south": {"uv": [1, 1, 2.5913, 2], "texture": "#0"},
				"up": {"uv": [1, 1, 3.63463, 9.45667], "rotation": 90, "texture": "#0"},
				"down": {"uv": [1, 1, 3.63463, 9.45667], "rotation": 270, "texture": "#0"}
			}
		},
		{
			"from": [1.61975, 9.6685, 5.8688],
			"to": [4.25439, 10.6635, 14.32546],
			"rotation": {"angle": -22.5, "axis": "y", "origin": [8, 8.9618, 8]},
			"faces": {
				"east": {"uv": [1, 1, 9.45667, 2], "texture": "#0"},
				"west": {"uv": [1, 1, 2.5913, 2], "texture": "#0"},
				"up": {"uv": [1, 1, 3.63463, 9.45667], "rotation": 180, "texture": "#0"},
				"down": {"uv": [1, 1, 3.63463, 9.45667], "rotation": 180, "texture": "#0"}
			}
		},
		{
			"from": [3.32935, 9.666, 7.875],
			"to": [4.92065, 10.666, 15.875],
			"rotation": {"angle": -45, "axis": "y", "origin": [8, 8.9618, 8]},
			"faces": {
				"north": {"uv": [1, 1, 2.5913, 2], "texture": "#0"},
				"south": {"uv": [1, 1, 2.5913, 2], "texture": "#0"},
				"up": {"uv": [1, 1, 9, 2.5913], "rotation": 90, "texture": "#0"},
				"down": {"uv": [1, 1, 9, 2.5913], "rotation": 270, "texture": "#0"}
			}
		},
		{
			"from": [1.625, 10.6654, 10.83947],
			"to": [6.625, 11.9154, 12.91053],
			"rotation": {"angle": -45, "axis": "y", "origin": [8, 8.9618, 8]},
			"faces": {
				"east": {"uv": [1, 0, 3.07107, 1.25], "texture": "#0"},
				"west": {"uv": [1, 0, 3.07107, 1.25], "texture": "#0"},
				"up": {"uv": [1, 1, 3.07107, 6], "rotation": 90, "texture": "#0"}
			}
		},
		{
			"from": [1.48439, 10.6654, 5.5],
			"to": [3.55545, 11.9154, 10.5],
			"rotation": {"angle": 0, "axis": "y", "origin": [8, 8.9618, 8]},
			"faces": {
				"north": {"uv": [1, 0, 3.07107, 1.25], "texture": "#0"},
				"south": {"uv": [1, 0, 3.07107, 1.25], "texture": "#0"},
				"up": {"uv": [1, 1, 3.07107, 6], "rotation": 180, "texture": "#0"}
			}
		},
		{
			"from": [3.08947, 10.6654, 9.375],
			"to": [5.16053, 11.9154, 14.375],
			"rotation": {"angle": -45, "axis": "y", "origin": [8, 8.9618, 8]},
			"faces": {
				"north": {"uv": [1, 0, 3.07107, 1.25], "texture": "#0"},
				"south": {"uv": [1, 0, 3.07107, 1.25], "texture": "#0"},
				"up": {"uv": [1, 1, 6, 3.07107], "rotation": 90, "texture": "#0"}
			}
		},
		{
			"from": [0.01992, 10.6654, 6.96447],
			"to": [5.01992, 11.9154, 9.03553],
			"rotation": {"angle": 0, "axis": "y", "origin": [8, 8.9618, 8]},
			"faces": {
				"east": {"uv": [1, 0, 3.07107, 1.25], "texture": "#0"},
				"west": {"uv": [1, 0, 3.07107, 1.25], "texture": "#0"},
				"up": {"uv": [1, 1, 6, 3.07107], "rotation": 180, "texture": "#0"}
			}
		},
		{
			"from": [0.875, 7.9992, 10.52881],
			"to": [7.375, 9.7492, 13.22119],
			"rotation": {"angle": -45, "axis": "y", "origin": [8, 8.9618, 8]},
			"faces": {
				"east": {"uv": [1, 14.25, 3.69239, 16], "texture": "#0"},
				"west": {"uv": [1, 14.25, 3.69239, 16], "texture": "#0"},
				"down": {"uv": [1, 1, 3.69238, 7.5], "rotation": 270, "texture": "#0"}
			}
		},
		{
			"from": [1.17373, 7.9992, 4.75],
			"to": [3.86611, 9.7492, 11.25],
			"rotation": {"angle": 0, "axis": "y", "origin": [8, 8.9618, 8]},
			"faces": {
				"north": {"uv": [1, 14.25, 3.69239, 16], "texture": "#0"},
				"south": {"uv": [1, 14.25, 3.69239, 16], "texture": "#0"}
			}
		},
		{
			"from": [2.77881, 7.9992, 8.625],
			"to": [5.47119, 9.7492, 15.125],
			"rotation": {"angle": -45, "axis": "y", "origin": [8, 8.9618, 8]},
			"faces": {
				"north": {"uv": [1, 14.25, 3.69239, 16], "texture": "#0"},
				"south": {"uv": [1, 14.25, 3.69239, 16], "texture": "#0"},
				"down": {"uv": [1, 1, 3.69238, 7.5], "rotation": 180, "texture": "#0"}
			}
		},
		{
			"from": [-0.73008, 7.9992, 6.65381],
			"to": [5.76992, 9.7492, 9.34619],
			"rotation": {"angle": 0, "axis": "y", "origin": [8, 8.9618, 8]},
			"faces": {
				"east": {"uv": [1, 14.25, 3.69239, 16], "texture": "#0"},
				"west": {"uv": [1, 14.25, 3.69239, 16], "texture": "#0"},
				"down": {"uv": [1, 1, 7.5, 3.69238], "rotation": 180, "texture": "#0"}
			}
		},
		{
			"from": [4, 2.6666, 7.79565],
			"to": [12, 5.3332, 15.79565],
			"rotation": {"angle": 0, "axis": "y", "origin": [8, 18.6666, 8]},
			"faces": {
				"north": {"uv": [1, 0, 9, 2.6666], "texture": "#0"},
				"east": {"uv": [1, 0, 9, 2.6666], "texture": "#0"},
				"south": {"uv": [1, 0, 9, 2.6666], "texture": "#0"},
				"west": {"uv": [1, 0, 9, 2.6666], "texture": "#0"},
				"up": {"uv": [1, 1, 9, 9], "rotation": 270, "texture": "#0"},
				"down": {"uv": [1, 1, 9, 9], "rotation": 90, "texture": "#0"}
			}
		},
		{
			"from": [10.59146, 12.765, 7.46186],
			"to": [11.9951, 13.575, 7.95903],
			"rotation": {"angle": 22.5, "axis": "y", "origin": [13.5, 12.225, 8]},
			"faces": {
				"east": {"uv": [1, 0, 1.46034, 0.75], "texture": "#1"},
				"south": {"uv": [1, 0, 2.29966, 0.75], "texture": "#1"},
				"up": {"uv": [1, 1, 2.29966, 1.46034], "texture": "#1"},
				"down": {"uv": [1, 1, 2.29966, 1.46034], "texture": "#1"}
			}
		},
		{
			"from": [9.6837, 12.765, 4.94322],
			"to": [10.06422, 13.575, 5.70426],
			"rotation": {"angle": 45, "axis": "y", "origin": [13.5, 12.225, 8]},
			"faces": {
				"west": {"uv": [1, 0, 1.70467, 0.75], "texture": "#1"},
				"up": {"uv": [1, 1, 1.35233, 1.70467], "texture": "#1"},
				"down": {"uv": [1, 1, 1.35233, 1.70467], "texture": "#1"}
			}
		},
		{
			"from": [8.64, 12.765, 7.46294],
			"to": [12.96, 13.575, 8.53706],
			"rotation": {"angle": 0, "axis": "y", "origin": [13.5, 12.225, 8]},
			"faces": {
				"north": {"uv": [1, 0, 5, 0.75], "texture": "#1"},
				"east": {"uv": [1, 0, 1.99456, 0.75], "texture": "#1"},
				"south": {"uv": [1, 0, 5, 0.75], "texture": "#1"},
				"west": {"uv": [1, 0, 1.99456, 0.75], "texture": "#1"},
				"up": {"uv": [1, 1, 5, 1.99456], "texture": "#1"},
				"down": {"uv": [1, 1, 5, 1.99456], "texture": "#1"}
			}
		},
		{
			"from": [10.59146, 12.765, 8.04097],
			"to": [11.9951, 13.575, 8.53814],
			"rotation": {"angle": -22.5, "axis": "y", "origin": [13.5, 12.225, 8]},
			"faces": {
				"north": {"uv": [1, 0, 2.29966, 0.75], "texture": "#1"},
				"east": {"uv": [1, 0, 1.46034, 0.75], "texture": "#1"},
				"up": {"uv": [1, 1, 2.29966, 1.46034], "texture": "#1"},
				"down": {"uv": [1, 1, 2.29966, 1.46034], "texture": "#1"}
			}
		},
		{
			"from": [9.17813, 12.765, 6.92481],
			"to": [10.79718, 13.575, 9.07519],
			"rotation": {"angle": 0, "axis": "y", "origin": [13.5, 12.225, 8]},
			"faces": {
				"north": {"uv": [1, 0, 2.49912, 0.75], "texture": "#1"},
				"south": {"uv": [1, 0, 2.49912, 0.75], "texture": "#1"},
				"up": {"uv": [1, 1, 2.49912, 2.9911], "texture": "#1"},
				"down": {"uv": [1, 1, 2.49912, 2.9911], "texture": "#1"}
			}
		},
		{
			"from": [10.44322, 12.765, 4.1837],
			"to": [11.20426, 13.575, 4.56422],
			"rotation": {"angle": 45, "axis": "y", "origin": [13.5, 12.225, 8]},
			"faces": {
				"north": {"uv": [1, 0, 1.70467, 0.75], "texture": "#1"},
				"up": {"uv": [1, 1, 1.70467, 1.35233], "texture": "#1"},
				"down": {"uv": [1, 1, 1.70467, 1.35233], "texture": "#1"}
			}
		},
		{
			"from": [15.0049, 12.765, 7.46186],
			"to": [16.40854, 13.575, 7.95903],
			"rotation": {"angle": -22.5, "axis": "y", "origin": [13.5, 12.225, 8]},
			"faces": {
				"south": {"uv": [1, 0, 2.29966, 0.75], "texture": "#1"},
				"west": {"uv": [1, 0, 1.46034, 0.75], "texture": "#1"},
				"up": {"uv": [1, 1, 2.29966, 1.46034], "texture": "#1"},
				"down": {"uv": [1, 1, 2.29966, 1.46034], "texture": "#1"}
			}
		},
		{
			"from": [16.20282, 12.765, 6.92481],
			"to": [17.82187, 13.575, 9.07519],
			"rotation": {"angle": 0, "axis": "y", "origin": [13.5, 12.225, 8]},
			"faces": {
				"north": {"uv": [1, 0, 2.49912, 0.75], "texture": "#1"},
				"south": {"uv": [1, 0, 2.49912, 0.75], "texture": "#1"},
				"up": {"uv": [1, 1, 2.49912, 2.9911], "texture": "#1"},
				"down": {"uv": [1, 1, 2.49912, 2.9911], "texture": "#1"}
			}
		},
		{
			"from": [15.79574, 12.765, 11.43578],
			"to": [16.55678, 13.575, 11.8163],
			"rotation": {"angle": 45, "axis": "y", "origin": [13.5, 12.225, 8]},
			"faces": {
				"south": {"uv": [1, 0, 1.70467, 0.75], "texture": "#1"},
				"up": {"uv": [1, 1, 1.35233, 1.70467], "rotation": 90, "texture": "#1"},
				"down": {"uv": [1, 1, 1.35233, 1.70467], "rotation": 270, "texture": "#1"}
			}
		},
		{
			"from": [14.04, 12.765, 7.46294],
			"to": [18.36, 13.575, 8.53706],
			"rotation": {"angle": 0, "axis": "y", "origin": [13.5, 12.225, 8]},
			"faces": {
				"north": {"uv": [1, 0, 5, 0.75], "texture": "#1"},
				"east": {"uv": [1, 0, 1.99456, 0.75], "texture": "#1"},
				"south": {"uv": [1, 0, 5, 0.75], "texture": "#1"},
				"west": {"uv": [1, 0, 1.99456, 0.75], "texture": "#1"},
				"up": {"uv": [1, 1, 5, 1.99456], "texture": "#1"},
				"down": {"uv": [1, 1, 5, 1.99456], "texture": "#1"}
			}
		},
		{
			"from": [15.0049, 12.765, 8.04097],
			"to": [16.40854, 13.575, 8.53814],
			"rotation": {"angle": 22.5, "axis": "y", "origin": [13.5, 12.225, 8]},
			"faces": {
				"north": {"uv": [1, 0, 2.29966, 0.75], "texture": "#1"},
				"west": {"uv": [1, 0, 1.46034, 0.75], "texture": "#1"},
				"up": {"uv": [1, 1, 2.29966, 1.46034], "texture": "#1"},
				"down": {"uv": [1, 1, 2.29966, 1.46034], "texture": "#1"}
			}
		},
		{
			"from": [16.93578, 12.765, 10.29574],
			"to": [17.3163, 13.575, 11.05678],
			"rotation": {"angle": 45, "axis": "y", "origin": [13.5, 12.225, 8]},
			"faces": {
				"east": {"uv": [1, 0, 1.70467, 0.75], "texture": "#1"},
				"up": {"uv": [1, 1, 1.70467, 1.35233], "rotation": 90, "texture": "#1"},
				"down": {"uv": [1, 1, 1.70467, 1.35233], "rotation": 270, "texture": "#1"}
			}
		},
		{
			"from": [10.59146, 12.765, 7.46186],
			"to": [11.9951, 13.575, 7.95903],
			"rotation": {"angle": -22.5, "axis": "y", "origin": [13.5, 12.225, 8]},
			"faces": {
				"east": {"uv": [1, 0, 1.46034, 0.75], "texture": "#1"},
				"south": {"uv": [1, 0, 2.29967, 0.75], "texture": "#1"},
				"up": {"uv": [1, 1, 2.29967, 1.46034], "texture": "#1"},
				"down": {"uv": [1, 1, 2.29967, 1.46034], "texture": "#1"}
			}
		},
		{
			"from": [9.6837, 12.765, 4.94322],
			"to": [10.06422, 13.575, 5.70427],
			"rotation": {"angle": 0, "axis": "y", "origin": [13.5, 12.225, 8]},
			"faces": {
				"west": {"uv": [1, 0, 1.70467, 0.75], "texture": "#1"},
				"up": {"uv": [1, 1, 1.35233, 1.70467], "texture": "#1"},
				"down": {"uv": [1, 1, 1.35233, 1.70467], "texture": "#1"}
			}
		},
		{
			"from": [12.96294, 12.765, 3.14],
			"to": [14.03706, 13.575, 7.46],
			"rotation": {"angle": 45, "axis": "y", "origin": [13.5, 12.225, 8]},
			"faces": {
				"north": {"uv": [1, 0, 1.99456, 0.75], "texture": "#1"},
				"east": {"uv": [1, 0, 5, 0.75], "texture": "#1"},
				"south": {"uv": [1, 0, 1.99456, 0.75], "texture": "#1"},
				"west": {"uv": [1, 0, 5, 0.75], "texture": "#1"},
				"up": {"uv": [1, 1, 5, 1.99456], "rotation": 90, "texture": "#1"},
				"down": {"uv": [1, 1, 5, 1.99456], "rotation": 270, "texture": "#1"}
			}
		},
		{
			"from": [12.96186, 12.765, 5.09146],
			"to": [13.45903, 13.575, 6.4951],
			"rotation": {"angle": 22.5, "axis": "y", "origin": [13.5, 12.225, 8]},
			"faces": {
				"east": {"uv": [1, 0, 2.29967, 0.75], "texture": "#1"},
				"south": {"uv": [1, 0, 1.46034, 0.75], "texture": "#1"},
				"up": {"uv": [1, 1, 1.46034, 2.29967], "texture": "#1"},
				"down": {"uv": [1, 1, 1.46034, 2.29967], "texture": "#1"}
			}
		},
		{
			"from": [12.42481, 12.765, 3.67813],
			"to": [14.57519, 13.575, 5.29718],
			"rotation": {"angle": 45, "axis": "y", "origin": [13.5, 12.225, 8]},
			"faces": {
				"east": {"uv": [1, 0, 2.49912, 0.75], "texture": "#1"},
				"west": {"uv": [1, 0, 2.49912, 0.75], "texture": "#1"},
				"up": {"uv": [1, 1, 2.49912, 2.9911], "rotation": 90, "texture": "#1"},
				"down": {"uv": [1, 1, 2.49912, 2.9911], "rotation": 270, "texture": "#1"}
			}
		},
		{
			"from": [10.44322, 12.765, 4.1837],
			"to": [11.20427, 13.575, 4.56422],
			"rotation": {"angle": 0, "axis": "y", "origin": [13.5, 12.225, 8]},
			"faces": {
				"north": {"uv": [1, 0, 1.70467, 0.75], "texture": "#1"},
				"up": {"uv": [1, 1, 1.70467, 1.35233], "texture": "#1"},
				"down": {"uv": [1, 1, 1.70467, 1.35233], "texture": "#1"}
			}
		},
		{
			"from": [15.0049, 12.765, 7.46186],
			"to": [16.40854, 13.575, 7.95903],
			"rotation": {"angle": 22.5, "axis": "y", "origin": [13.5, 12.225, 8]},
			"faces": {
				"south": {"uv": [1, 0, 2.29967, 0.75], "texture": "#1"},
				"west": {"uv": [1, 0, 1.46034, 0.75], "texture": "#1"},
				"up": {"uv": [1, 1, 2.29967, 1.46034], "texture": "#1"},
				"down": {"uv": [1, 1, 2.29967, 1.46034], "texture": "#1"}
			}
		},
		{
			"from": [16.20282, 12.765, 6.92481],
			"to": [17.82187, 13.575, 9.07519],
			"rotation": {"angle": 45, "axis": "y", "origin": [13.5, 12.225, 8]},
			"faces": {
				"north": {"uv": [1, 0, 2.49912, 0.75], "texture": "#1"},
				"south": {"uv": [1, 0, 2.49912, 0.75], "texture": "#1"},
				"up": {"uv": [1, 1, 2.49912, 2.9911], "texture": "#1"},
				"down": {"uv": [1, 1, 2.49912, 2.9911], "texture": "#1"}
			}
		},
		{
			"from": [16.93578, 12.765, 4.94322],
			"to": [17.3163, 13.575, 5.70427],
			"rotation": {"angle": 0, "axis": "y", "origin": [13.5, 12.225, 8]},
			"faces": {
				"east": {"uv": [1, 0, 1.70467, 0.75], "texture": "#1"},
				"up": {"uv": [1, 1, 1.35233, 1.70467], "texture": "#1"},
				"down": {"uv": [1, 1, 1.35233, 1.70467], "texture": "#1"}
			}
		},
		{
			"from": [14.04, 12.765, 7.46294],
			"to": [18.36, 13.575, 8.53706],
			"rotation": {"angle": 45, "axis": "y", "origin": [13.5, 12.225, 8]},
			"faces": {
				"north": {"uv": [1, 0, 5, 0.75], "texture": "#1"},
				"east": {"uv": [1, 0, 1.99456, 0.75], "texture": "#1"},
				"south": {"uv": [1, 0, 5, 0.75], "texture": "#1"},
				"west": {"uv": [1, 0, 1.99456, 0.75], "texture": "#1"},
				"up": {"uv": [1, 1, 5, 1.99456], "texture": "#1"},
				"down": {"uv": [1, 1, 5, 1.99456], "texture": "#1"}
			}
		},
		{
			"from": [13.54097, 12.765, 5.09146],
			"to": [14.03814, 13.575, 6.4951],
			"rotation": {"angle": -22.5, "axis": "y", "origin": [13.5, 12.225, 8]},
			"faces": {
				"south": {"uv": [1, 0, 1.46034, 0.75], "texture": "#1"},
				"west": {"uv": [1, 0, 2.29967, 0.75], "texture": "#1"},
				"up": {"uv": [1, 1, 1.46034, 2.29967], "texture": "#1"},
				"down": {"uv": [1, 1, 1.46034, 2.29967], "texture": "#1"}
			}
		},
		{
			"from": [15.79573, 12.765, 4.1837],
			"to": [16.55678, 13.575, 4.56422],
			"rotation": {"angle": 0, "axis": "y", "origin": [13.5, 12.225, 8]},
			"faces": {
				"north": {"uv": [1, 0, 1.70467, 0.75], "texture": "#1"},
				"up": {"uv": [1, 1, 1.70467, 1.35233], "texture": "#1"},
				"down": {"uv": [1, 1, 1.70467, 1.35233], "texture": "#1"}
			}
		},
		{
			"from": [15.0049, 12.765, 8.04097],
			"to": [16.40854, 13.575, 8.53814],
			"rotation": {"angle": -22.5, "axis": "y", "origin": [13.5, 12.225, 8]},
			"faces": {
				"north": {"uv": [1, 0, 2.29967, 0.75], "texture": "#1"},
				"west": {"uv": [1, 0, 1.46034, 0.75], "texture": "#1"},
				"up": {"uv": [1, 1, 2.29967, 1.46034], "texture": "#1"},
				"down": {"uv": [1, 1, 2.29967, 1.46034], "texture": "#1"}
			}
		},
		{
			"from": [16.93578, 12.765, 10.29573],
			"to": [17.3163, 13.575, 11.05678],
			"rotation": {"angle": 0, "axis": "y", "origin": [13.5, 12.225, 8]},
			"faces": {
				"east": {"uv": [1, 0, 1.70467, 0.75], "texture": "#1"},
				"up": {"uv": [1, 1, 1.35233, 1.70467], "texture": "#1"},
				"down": {"uv": [1, 1, 1.35233, 1.70467], "texture": "#1"}
			}
		},
		{
			"from": [12.96294, 12.765, 8.54],
			"to": [14.03706, 13.575, 12.86],
			"rotation": {"angle": 45, "axis": "y", "origin": [13.5, 12.225, 8]},
			"faces": {
				"north": {"uv": [1, 0, 1.99456, 0.75], "texture": "#1"},
				"east": {"uv": [1, 0, 5, 0.75], "texture": "#1"},
				"south": {"uv": [1, 0, 1.99456, 0.75], "texture": "#1"},
				"west": {"uv": [1, 0, 5, 0.75], "texture": "#1"},
				"up": {"uv": [1, 1, 5, 1.99456], "rotation": 90, "texture": "#1"},
				"down": {"uv": [1, 1, 5, 1.99456], "rotation": 270, "texture": "#1"}
			}
		},
		{
			"from": [13.54097, 12.765, 9.5049],
			"to": [14.03814, 13.575, 10.90854],
			"rotation": {"angle": 22.5, "axis": "y", "origin": [13.5, 12.225, 8]},
			"faces": {
				"north": {"uv": [1, 0, 1.46034, 0.75], "texture": "#1"},
				"west": {"uv": [1, 0, 2.29967, 0.75], "texture": "#1"},
				"up": {"uv": [1, 1, 1.46034, 2.29967], "texture": "#1"},
				"down": {"uv": [1, 1, 1.46034, 2.29967], "texture": "#1"}
			}
		},
		{
			"from": [12.42481, 12.765, 10.70282],
			"to": [14.57519, 13.575, 12.32187],
			"rotation": {"angle": 45, "axis": "y", "origin": [13.5, 12.225, 8]},
			"faces": {
				"east": {"uv": [1, 0, 2.49912, 0.75], "texture": "#1"},
				"west": {"uv": [1, 0, 2.49912, 0.75], "texture": "#1"},
				"up": {"uv": [1, 1, 2.49912, 2.9911], "rotation": 90, "texture": "#1"},
				"down": {"uv": [1, 1, 2.49912, 2.9911], "rotation": 270, "texture": "#1"}
			}
		},
		{
			"from": [15.79573, 12.765, 11.43578],
			"to": [16.55678, 13.575, 11.8163],
			"rotation": {"angle": 0, "axis": "y", "origin": [13.5, 12.225, 8]},
			"faces": {
				"south": {"uv": [1, 0, 1.70467, 0.75], "texture": "#1"},
				"up": {"uv": [1, 1, 1.70467, 1.35233], "texture": "#1"},
				"down": {"uv": [1, 1, 1.70467, 1.35233], "texture": "#1"}
			}
		},
		{
			"from": [10.59146, 12.765, 8.04097],
			"to": [11.9951, 13.575, 8.53814],
			"rotation": {"angle": 22.5, "axis": "y", "origin": [13.5, 12.225, 8]},
			"faces": {
				"north": {"uv": [1, 0, 2.29967, 0.75], "texture": "#1"},
				"east": {"uv": [1, 0, 1.46034, 0.75], "texture": "#1"},
				"up": {"uv": [1, 1, 2.29967, 1.46034], "texture": "#1"},
				"down": {"uv": [1, 1, 2.29967, 1.46034], "texture": "#1"}
			}
		},
		{
			"from": [9.17813, 12.765, 6.92481],
			"to": [10.79718, 13.575, 9.07519],
			"rotation": {"angle": 45, "axis": "y", "origin": [13.5, 12.225, 8]},
			"faces": {
				"north": {"uv": [1, 0, 2.49912, 0.75], "texture": "#1"},
				"south": {"uv": [1, 0, 2.49912, 0.75], "texture": "#1"},
				"up": {"uv": [1, 1, 2.49912, 2.9911], "texture": "#1"},
				"down": {"uv": [1, 1, 2.49912, 2.9911], "texture": "#1"}
			}
		},
		{
			"from": [9.6837, 12.765, 10.29573],
			"to": [10.06422, 13.575, 11.05678],
			"rotation": {"angle": 0, "axis": "y", "origin": [13.5, 12.225, 8]},
			"faces": {
				"west": {"uv": [1, 0, 1.70467, 0.75], "texture": "#1"},
				"up": {"uv": [1, 1, 1.35233, 1.70467], "texture": "#1"},
				"down": {"uv": [1, 1, 1.35233, 1.70467], "texture": "#1"}
			}
		},
		{
			"from": [8.64, 12.765, 7.46294],
			"to": [12.96, 13.575, 8.53706],
			"rotation": {"angle": 45, "axis": "y", "origin": [13.5, 12.225, 8]},
			"faces": {
				"north": {"uv": [1, 0, 5, 0.75], "texture": "#1"},
				"east": {"uv": [1, 0, 1.99456, 0.75], "texture": "#1"},
				"south": {"uv": [1, 0, 5, 0.75], "texture": "#1"},
				"west": {"uv": [1, 0, 1.99456, 0.75], "texture": "#1"},
				"up": {"uv": [1, 1, 5, 1.99456], "texture": "#1"},
				"down": {"uv": [1, 1, 5, 1.99456], "texture": "#1"}
			}
		},
		{
			"from": [12.96186, 12.765, 9.5049],
			"to": [13.45903, 13.575, 10.90854],
			"rotation": {"angle": -22.5, "axis": "y", "origin": [13.5, 12.225, 8]},
			"faces": {
				"north": {"uv": [1, 0, 1.46034, 0.75], "texture": "#1"},
				"east": {"uv": [1, 0, 2.29967, 0.75], "texture": "#1"},
				"up": {"uv": [1, 1, 1.46034, 2.29967], "texture": "#1"},
				"down": {"uv": [1, 1, 1.46034, 2.29967], "texture": "#1"}
			}
		},
		{
			"from": [10.44322, 12.765, 11.43578],
			"to": [11.20427, 13.575, 11.8163],
			"rotation": {"angle": 0, "axis": "y", "origin": [13.5, 12.225, 8]},
			"faces": {
				"south": {"uv": [1, 0, 1.70467, 0.75], "texture": "#1"},
				"up": {"uv": [1, 1, 1.70467, 1.35233], "texture": "#1"},
				"down": {"uv": [1, 1, 1.70467, 1.35233], "texture": "#1"}
			}
		},
		{
			"from": [13.54097, 12.765, 5.09146],
			"to": [14.03814, 13.575, 6.4951],
			"rotation": {"angle": 22.5, "axis": "y", "origin": [13.5, 12.225, 8]},
			"faces": {
				"south": {"uv": [1, 0, 1.46034, 0.75], "texture": "#1"},
				"west": {"uv": [1, 0, 2.29967, 0.75], "texture": "#1"},
				"up": {"uv": [1, 1, 1.46034, 2.29967], "texture": "#1"},
				"down": {"uv": [1, 1, 1.46034, 2.29967], "texture": "#1"}
			}
		},
		{
			"from": [15.79573, 12.765, 4.1837],
			"to": [16.55678, 13.575, 4.56422],
			"rotation": {"angle": 45, "axis": "y", "origin": [13.5, 12.225, 8]},
			"faces": {
				"north": {"uv": [1, 0, 1.70467, 0.75], "texture": "#1"},
				"up": {"uv": [1, 1, 1.35233, 1.70467], "rotation": 90, "texture": "#1"},
				"down": {"uv": [1, 1, 1.35233, 1.70467], "rotation": 270, "texture": "#1"}
			}
		},
		{
			"from": [12.96294, 12.765, 3.14],
			"to": [14.03706, 13.575, 7.46],
			"rotation": {"angle": 0, "axis": "y", "origin": [13.5, 12.225, 8]},
			"faces": {
				"north": {"uv": [1, 0, 1.99456, 0.75], "texture": "#1"},
				"east": {"uv": [1, 0, 5, 0.75], "texture": "#1"},
				"south": {"uv": [1, 0, 1.99456, 0.75], "texture": "#1"},
				"west": {"uv": [1, 0, 5, 0.75], "texture": "#1"},
				"up": {"uv": [1, 1, 1.99456, 5], "texture": "#1"},
				"down": {"uv": [1, 1, 1.99456, 5], "texture": "#1"}
			}
		},
		{
			"from": [12.96186, 12.765, 5.09146],
			"to": [13.45903, 13.575, 6.4951],
			"rotation": {"angle": -22.5, "axis": "y", "origin": [13.5, 12.225, 8]},
			"faces": {
				"east": {"uv": [1, 0, 2.29967, 0.75], "texture": "#1"},
				"south": {"uv": [1, 0, 1.46034, 0.75], "texture": "#1"},
				"up": {"uv": [1, 1, 1.46034, 2.29967], "texture": "#1"},
				"down": {"uv": [1, 1, 1.46034, 2.29967], "texture": "#1"}
			}
		},
		{
			"from": [12.42481, 12.765, 3.67813],
			"to": [14.57519, 13.575, 5.29718],
			"rotation": {"angle": 0, "axis": "y", "origin": [13.5, 12.225, 8]},
			"faces": {
				"east": {"uv": [1, 0, 2.49912, 0.75], "texture": "#1"},
				"west": {"uv": [1, 0, 2.49912, 0.75], "texture": "#1"},
				"up": {"uv": [1, 1, 2.9911, 2.49912], "texture": "#1"},
				"down": {"uv": [1, 1, 2.9911, 2.49912], "texture": "#1"}
			}
		},
		{
			"from": [16.93578, 12.765, 4.94322],
			"to": [17.3163, 13.575, 5.70426],
			"rotation": {"angle": 45, "axis": "y", "origin": [13.5, 12.225, 8]},
			"faces": {
				"east": {"uv": [1, 0, 1.70466, 0.75], "texture": "#1"},
				"up": {"uv": [1, 1, 1.70466, 1.35233], "rotation": 90, "texture": "#1"},
				"down": {"uv": [1, 1, 1.70466, 1.35233], "rotation": 270, "texture": "#1"}
			}
		},
		{
			"from": [13.54097, 12.765, 9.5049],
			"to": [14.03814, 13.575, 10.90854],
			"rotation": {"angle": -22.5, "axis": "y", "origin": [13.5, 12.225, 8]},
			"faces": {
				"north": {"uv": [1, 0, 1.46034, 0.75], "texture": "#1"},
				"west": {"uv": [1, 0, 2.29967, 0.75], "texture": "#1"},
				"up": {"uv": [1, 1, 1.46034, 2.29967], "texture": "#1"},
				"down": {"uv": [1, 1, 1.46034, 2.29967], "texture": "#1"}
			}
		},
		{
			"from": [12.42481, 12.765, 10.70282],
			"to": [14.57519, 13.575, 12.32187],
			"rotation": {"angle": 0, "axis": "y", "origin": [13.5, 12.225, 8]},
			"faces": {
				"east": {"uv": [1, 0, 2.49912, 0.75], "texture": "#1"},
				"west": {"uv": [1, 0, 2.49912, 0.75], "texture": "#1"},
				"up": {"uv": [1, 1, 2.9911, 2.49912], "texture": "#1"},
				"down": {"uv": [1, 1, 2.9911, 2.49912], "texture": "#1"}
			}
		},
		{
			"from": [9.6837, 12.765, 10.29573],
			"to": [10.06422, 13.575, 11.05678],
			"rotation": {"angle": 45, "axis": "y", "origin": [13.5, 12.225, 8]},
			"faces": {
				"west": {"uv": [1, 0, 1.70467, 0.75], "texture": "#1"},
				"up": {"uv": [1, 1, 1.35233, 1.70467], "texture": "#1"},
				"down": {"uv": [1, 1, 1.35233, 1.70467], "texture": "#1"}
			}
		},
		{
			"from": [12.96294, 12.765, 8.54],
			"to": [14.03706, 13.575, 12.86],
			"rotation": {"angle": 0, "axis": "y", "origin": [13.5, 12.225, 8]},
			"faces": {
				"north": {"uv": [1, 0, 1.99456, 0.75], "texture": "#1"},
				"east": {"uv": [1, 0, 5, 0.75], "texture": "#1"},
				"south": {"uv": [1, 0, 1.99456, 0.75], "texture": "#1"},
				"west": {"uv": [1, 0, 5, 0.75], "texture": "#1"},
				"up": {"uv": [1, 1, 1.99456, 5], "texture": "#1"},
				"down": {"uv": [1, 1, 1.99456, 5], "texture": "#1"}
			}
		},
		{
			"from": [12.96186, 12.765, 9.5049],
			"to": [13.45903, 13.575, 10.90854],
			"rotation": {"angle": 22.5, "axis": "y", "origin": [13.5, 12.225, 8]},
			"faces": {
				"north": {"uv": [1, 0, 1.46034, 0.75], "texture": "#1"},
				"east": {"uv": [1, 0, 2.29967, 0.75], "texture": "#1"},
				"up": {"uv": [1, 1, 1.46034, 2.29967], "texture": "#1"},
				"down": {"uv": [1, 1, 1.46034, 2.29967], "texture": "#1"}
			}
		},
		{
			"from": [10.44322, 12.765, 11.43578],
			"to": [11.20426, 13.575, 11.8163],
			"rotation": {"angle": 45, "axis": "y", "origin": [13.5, 12.225, 8]},
			"faces": {
				"south": {"uv": [1, 0, 1.70466, 0.75], "texture": "#1"},
				"up": {"uv": [1, 1, 1.70466, 1.35233], "texture": "#1"},
				"down": {"uv": [1, 1, 1.70466, 1.35233], "texture": "#1"}
			}
		},
		{
			"from": [12.82897, 10.875, 6.38],
			"to": [14.17103, 13.035, 9.62],
			"rotation": {"angle": 45, "axis": "y", "origin": [13.5, 11.955, 8]},
			"faces": {
				"north": {"uv": [1, 1, 2.34205, 3.16], "texture": "#1"},
				"south": {"uv": [1, 1, 2.34205, 3.16], "texture": "#1"},
				"up": {"uv": [1, 1, 2.34205, 4.24], "texture": "#1"}
			}
		},
		{
			"from": [12.82897, 10.875, 6.38],
			"to": [14.17103, 13.035, 9.62],
			"rotation": {"angle": 0, "axis": "y", "origin": [13.5, 11.955, 8]},
			"faces": {
				"north": {"uv": [1, 1, 2.34205, 3.16], "texture": "#1"},
				"south": {"uv": [1, 1, 2.34205, 3.16], "texture": "#1"},
				"up": {"uv": [1, 1, 2.34205, 4.24], "texture": "#1"}
			}
		},
		{
			"from": [11.88, 10.875, 7.32897],
			"to": [15.12, 13.035, 8.67103],
			"rotation": {"angle": 45, "axis": "y", "origin": [13.5, 11.955, 8]},
			"faces": {
				"east": {"uv": [1, 1, 2.34205, 3.16], "texture": "#1"},
				"west": {"uv": [1, 1, 2.34205, 3.16], "texture": "#1"},
				"up": {"uv": [1, 1, 4.24, 2.34205], "texture": "#1"}
			}
		},
		{
			"from": [11.88, 10.875, 7.32897],
			"to": [15.12, 13.035, 8.67103],
			"rotation": {"angle": 0, "axis": "y", "origin": [13.5, 11.955, 8]},
			"faces": {
				"east": {"uv": [1, 1, 2.34205, 3.16], "texture": "#1"},
				"west": {"uv": [1, 1, 2.34205, 3.16], "texture": "#1"},
				"up": {"uv": [1, 1, 4.24, 2.34205], "texture": "#1"}
			}
		}
	],
	"display": {
		"thirdperson_righthand": {
			"rotation": [75, 45, 0],
			"translation": [0, 2.5, 0],
			"scale": [0.375, 0.375, 0.375]
		},
		"thirdperson_lefthand": {
			"rotation": [75, 45, 0],
			"translation": [0, 2.5, 0],
			"scale": [-0.375, 0.375, 0.375]
		},
		"firstperson_righthand": {
			"rotation": [0, 45, 0],
			"scale": [0.4, 0.4, 0.4]
		},
		"firstperson_lefthand": {
			"rotation": [0, 225, 0],
			"scale": [0.4, 0.4, 0.4]
		},
		"ground": {
			"translation": [0, 3, 0],
			"scale": [0.25, 0.25, 0.25]
		},
		"gui": {
			"rotation": [30, 135, 0],
			"scale": [0.625, 0.625, 0.625]
		},
		"head": {
			"translation": [0, 14.5, 0]
		},
		"fixed": {
			"scale": [0.5, 0.5, 0.5]
		}
	},
	"groups": [
		{
			"name": "round_plate2x2_simple",
			"origin": [8, 8, 8],
			"color": 0,
			"children": [
				{
					"name": "round_brick",
					"origin": [8, 8, 8],
					"color": 0,
					"children": [0, 1, 2, 3, 4, 5, 6, 7, 8, 9, 10, 11, 12, 13, 14, 15, 16, 17, 18]
				},
				{
					"name": "circle_bottom",
					"origin": [8, 8, 8],
					"color": 0,
					"children": [19, 20, 21, 22, 23, 24, 25, 26]
				},
				{
					"name": ".studs_simple",
					"origin": [8, 8, 8],
					"color": 0,
					"children": [
						{
							"name": "stud",
							"origin": [8, 8, 8],
							"color": 0,
							"children": [27, 28, 29, 30]
						},
						{
							"name": "stud",
							"origin": [8, 8, 8],
							"color": 0,
							"children": [31, 32, 33, 34]
						}
					]
				}
			]
		},
		{
			"name": "small_round1x1_simple",
			"origin": [8, 8, 8],
			"color": 0,
			"children": [
				{
					"name": "top",
					"origin": [8, 8, 8],
					"color": 0,
					"children": [35, 36, 37, 38]
				},
				{
					"name": "center",
					"origin": [8, 8, 8],
					"color": 0,
					"children": [39, 40, 41, 42]
				},
				{
					"name": "bottom",
					"origin": [8, 8, 8],
					"color": 0,
					"children": [43, 44, 45, 46]
				}
			]
		},
		{
			"name": "small_round_corners1x1",
			"origin": [8, 8, 8],
			"color": 0,
			"children": [
				{
					"name": "center",
					"origin": [8, 8, 8],
					"color": 0,
					"children": [47, 48, 49, 50, 51, 52, 53, 54, 55, 56, 57, 58, 59, 60]
				},
				{
					"name": "top",
					"origin": [8, 8, 8],
					"color": 0,
					"children": [61, 62, 63, 64]
				},
				{
					"name": "bottom",
					"origin": [8, 8, 8],
					"color": 0,
					"children": [65, 66, 67, 68]
				}
			]
		},
		69,
		{
			"name": "small_round_flower1x1",
			"origin": [8, 8, 8],
			"color": 0,
			"children": [
				{
					"name": "top",
					"origin": [8, 8, 8],
					"color": 0,
					"children": [
						{
							"name": "leave",
							"origin": [4.38196, 3.375, 7.32402],
							"color": 0,
							"children": [70, 71, 72, 73, 74, 75]
						},
						{
							"name": "leave",
							"origin": [4.38196, 3.375, 7.32402],
							"color": 0,
							"children": [76, 77, 78, 79, 80, 81]
						},
						{
							"name": "leave",
							"origin": [4.38196, 3.375, 7.32402],
							"color": 0,
							"children": [82, 83, 84, 85, 86, 87]
						},
						{
							"name": "leave",
							"origin": [4.38196, 3.375, 7.32402],
							"color": 0,
							"children": [88, 89, 90, 91, 92, 93]
						},
						{
							"name": "leave",
							"origin": [4.38196, 3.375, 7.32402],
							"color": 0,
							"children": [94, 95, 96, 97, 98, 99]
						},
						{
							"name": "leave",
							"origin": [4.38196, 3.375, 7.32402],
							"color": 0,
							"children": [100, 101, 102, 103, 104, 105]
						},
						{
							"name": "leave",
							"origin": [4.38196, 3.375, 7.32402],
							"color": 0,
							"children": [106, 107, 108, 109, 110, 111]
						},
						{
							"name": "leave",
							"origin": [4.38196, 3.375, 7.32402],
							"color": 0,
							"children": [112, 113, 114, 115, 116, 117]
						}
					]
				},
				{
					"name": "bottom",
					"origin": [8, 8, 8],
					"color": 0,
					"children": [118, 119, 120, 121]
				}
			]
		}
	]
}