{
	"credit": "AlexTestria | https://alex-bauerndistel.de",
	"texture_size": [64, 64],
	"textures": {
		"0": "brickcraft/material/plastics/texture/stripped_spruce_log01",
		"1": "brickcraft/stickers/glass_potion01",
		"particle": "brickcraft/material/plastics/texture/stripped_spruce_log01"
	},
	"elements": [
		{
			"from": [14.25589, 17.27038, 5.6],
			"to": [16.24411, 18.47038, 10.4],
			"rotation": {"angle": 45, "axis": "y", "origin": [15.25, 14.5206, 8]},
			"faces": {
				"north": {"uv": [1, 0, 3.07107, 1.25], "texture": "#0"},
				"south": {"uv": [1, 0, 3.07107, 1.25], "texture": "#0"}
			}
		},
		{
			"from": [14.25589, 17.27038, 5.6],
			"to": [16.24411, 18.47038, 10.4],
			"rotation": {"angle": 0, "axis": "y", "origin": [15.25, 14.5206, 8]},
			"faces": {
				"north": {"uv": [1, 0, 3.07107, 1.25], "texture": "#0"},
				"south": {"uv": [1, 0, 3.07107, 1.25], "texture": "#0"}
			}
		},
		{
			"from": [12.85, 17.27038, 7.00589],
			"to": [17.65, 18.47038, 8.99411],
			"rotation": {"angle": 45, "axis": "y", "origin": [15.25, 14.5206, 8]},
			"faces": {
				"east": {"uv": [1, 0, 3.07107, 1.25], "texture": "#0"},
				"west": {"uv": [1, 0, 3.07107, 1.25], "texture": "#0"}
			}
		},
		{
			"from": [12.85, 17.27038, 7.00589],
			"to": [17.65, 18.47038, 8.99411],
			"rotation": {"angle": 0, "axis": "y", "origin": [15.25, 14.5206, 8]},
			"faces": {
				"east": {"uv": [1, 0, 3.07107, 1.25], "texture": "#0"},
				"west": {"uv": [1, 0, 3.07107, 1.25], "texture": "#0"}
			}
		},
		{
			"from": [11.41, 16.31095, 6.40942],
			"to": [19.09, 17.27095, 9.59058],
			"rotation": {"angle": -22.5, "axis": "y", "origin": [15.25, 14.5206, 8]},
			"faces": {
				"east": {"uv": [1, 0, 4.31371, 1], "texture": "#0"},
				"west": {"uv": [1, 0, 4.31371, 1], "texture": "#0"},
				"up": {"uv": [1, 1, 4.31371, 9], "rotation": 90, "texture": "#0"},
				"down": {"uv": [1, 1, 4.31371, 9], "rotation": 270, "texture": "#0"}
			}
		},
		{
			"from": [13.65942, 16.31095, 4.16],
			"to": [16.84058, 17.27095, 11.84],
			"rotation": {"angle": 22.5, "axis": "y", "origin": [15.25, 14.5206, 8]},
			"faces": {
				"north": {"uv": [1, 0, 4.31371, 1], "texture": "#0"},
				"south": {"uv": [1, 0, 4.31371, 1], "texture": "#0"},
				"up": {"uv": [1, 1, 4.31371, 9], "rotation": 180, "texture": "#0"},
				"down": {"uv": [1, 1, 4.31371, 9], "rotation": 180, "texture": "#0"}
			}
		},
		{
			"from": [13.65942, 16.31095, 4.16],
			"to": [16.84058, 17.27095, 11.84],
			"rotation": {"angle": -22.5, "axis": "y", "origin": [15.25, 14.5206, 8]},
			"faces": {
				"north": {"uv": [1, 0, 4.31371, 1], "texture": "#0"},
				"south": {"uv": [1, 0, 4.31371, 1], "texture": "#0"},
				"up": {"uv": [1, 1, 9, 4.31371], "rotation": 90, "texture": "#0"},
				"down": {"uv": [1, 1, 9, 4.31371], "rotation": 270, "texture": "#0"}
			}
		},
		{
			"from": [11.41, 16.31095, 6.40942],
			"to": [19.09, 17.27095, 9.59058],
			"rotation": {"angle": 22.5, "axis": "y", "origin": [15.25, 14.5206, 8]},
			"faces": {
				"east": {"uv": [1, 0, 4.31371, 1], "texture": "#0"},
				"west": {"uv": [1, 0, 4.31371, 1], "texture": "#0"},
				"up": {"uv": [1, 1, 9, 4.31371], "rotation": 180, "texture": "#0"},
				"down": {"uv": [1, 1, 9, 4.31371], "rotation": 180, "texture": "#0"}
			}
		},
		{
			"from": [13.95766, 14.67082, 4.88],
			"to": [16.54234, 16.39082, 11.12],
			"rotation": {"angle": 45, "axis": "y", "origin": [15.25, 14.5206, 8]},
			"faces": {
				"north": {"uv": [1, 14.28, 3.58468, 16], "texture": "#0"},
				"south": {"uv": [1, 14.28, 3.58468, 16], "texture": "#0"},
				"down": {"uv": [1, 1, 3.69239, 7.5], "rotation": 180, "texture": "#0"}
			}
		},
		{
			"from": [13.95766, 14.67082, 4.88],
			"to": [16.54234, 16.39082, 11.12],
			"rotation": {"angle": 0, "axis": "y", "origin": [15.25, 14.5206, 8]},
			"faces": {
				"north": {"uv": [1, 14.28, 3.58468, 16], "texture": "#0"},
				"south": {"uv": [1, 14.28, 3.58468, 16], "texture": "#0"},
				"down": {"uv": [1, 1, 3.69239, 7.5], "rotation": 180, "texture": "#0"}
			}
		},
		{
			"from": [12.13, 14.67082, 6.70766],
			"to": [18.37, 16.39082, 9.29234],
			"rotation": {"angle": 45, "axis": "y", "origin": [15.25, 14.5206, 8]},
			"faces": {
				"east": {"uv": [1, 14.28, 3.58468, 16], "texture": "#0"},
				"west": {"uv": [1, 14.28, 3.58468, 16], "texture": "#0"},
				"down": {"uv": [1, 1, 7.5, 3.69239], "rotation": 180, "texture": "#0"}
			}
		},
		{
			"from": [12.13, 14.67082, 6.70766],
			"to": [18.37, 16.39082, 9.29234],
			"rotation": {"angle": 0, "axis": "y", "origin": [15.25, 14.5206, 8]},
			"faces": {
				"east": {"uv": [1, 14.28, 3.58468, 16], "texture": "#0"},
				"west": {"uv": [1, 14.28, 3.58468, 16], "texture": "#0"},
				"down": {"uv": [1, 1, 7.5, 3.69239], "rotation": 180, "texture": "#0"}
			}
		},
		{
			"from": [13.95765, 6.42082, 4.88],
			"to": [16.54234, 7.64082, 11.12],
			"rotation": {"angle": 45, "axis": "y", "origin": [15.24999, 5.7706, 8]},
			"faces": {
				"north": {"uv": [2, 0, 2.625, 0.25], "texture": "#1"},
				"south": {"uv": [2, 0.5, 2.625, 0.75], "texture": "#1"},
				"down": {"uv": [0.625, 0, 0, 1.5], "texture": "#1"}
			}
		},
		{
			"from": [13.95765, 6.42082, 4.88],
			"to": [16.54234, 7.64082, 11.12],
			"rotation": {"angle": 0, "axis": "y", "origin": [15.24999, 5.7706, 8]},
			"faces": {
				"north": {"uv": [2, 1, 2.625, 1.25], "texture": "#1"},
				"south": {"uv": [5.5, 7.5, 6.125, 7.75], "texture": "#1"},
				"down": {"uv": [1.625, 0, 1, 1.5], "texture": "#1"}
			}
		},
		{
			"from": [12.12999, 6.42082, 6.70765],
			"to": [18.36999, 7.64082, 9.29234],
			"rotation": {"angle": 45, "axis": "y", "origin": [15.24999, 5.7706, 8]},
			"faces": {
				"east": {"uv": [7.5, 6.25, 8.125, 6.5], "texture": "#1"},
				"west": {"uv": [6.5, 7.5, 7.125, 7.75], "texture": "#1"},
				"down": {"uv": [1.5, 1.75, 0, 2.375], "texture": "#1"}
			}
		},
		{
			"from": [12.12999, 6.42082, 6.70765],
			"to": [18.36999, 7.64082, 9.29234],
			"rotation": {"angle": 0, "axis": "y", "origin": [15.24999, 5.7706, 8]},
			"faces": {
				"east": {"uv": [7.5, 6.75, 8.125, 7], "texture": "#1"},
				"west": {"uv": [7.5, 7.25, 8.125, 7.5], "texture": "#1"},
				"down": {"uv": [3.25, 1.75, 1.75, 2.375], "texture": "#1"}
			}
		},
		{
			"from": [14.3907, 7.63082, 3.68],
			"to": [16.1093, 14.71082, 12.32],
			"rotation": {"angle": -22.5, "axis": "y", "origin": [15.25, 14.5206, 8]},
			"faces": {
				"north": {"uv": [3.75, 5, 4.125, 6.75], "texture": "#1"},
				"south": {"uv": [2.5, 5.25, 2.875, 7], "texture": "#1"},
				"up": {"uv": [0.375, 4.875, 0, 2.75], "texture": "#1"},
				"down": {"uv": [1.125, 2.75, 0.75, 4.875], "texture": "#1"}
			}
		},
		{
			"from": [14.3907, 7.63082, 3.68],
			"to": [16.1093, 14.71082, 12.32],
			"rotation": {"angle": 0, "axis": "y", "origin": [15.25, 14.5206, 8]},
			"faces": {
				"north": {"uv": [4.5, 5.5, 4.875, 7.25], "texture": "#1"},
				"south": {"uv": [5.25, 5.5, 5.625, 7.25], "texture": "#1"},
				"up": {"uv": [1.875, 4.875, 1.5, 2.75], "texture": "#1"},
				"down": {"uv": [2.625, 2.75, 2.25, 4.875], "texture": "#1"}
			}
		},
		{
			"from": [14.3907, 7.63082, 3.68],
			"to": [16.1093, 14.71082, 12.32],
			"rotation": {"angle": 22.5, "axis": "y", "origin": [15.25, 14.5206, 8]},
			"faces": {
				"north": {"uv": [0, 6, 0.375, 7.75], "texture": "#1"},
				"south": {"uv": [0.75, 6, 1.125, 7.75], "texture": "#1"},
				"up": {"uv": [3.375, 4.875, 3, 2.75], "texture": "#1"},
				"down": {"uv": [3.875, 0, 3.5, 2.125], "texture": "#1"}
			}
		},
		{
			"from": [14.3907, 7.63082, 3.68],
			"to": [16.1093, 14.71082, 12.32],
			"rotation": {"angle": 45, "axis": "y", "origin": [15.25, 14.5206, 8]},
			"faces": {
				"north": {"uv": [1.5, 6, 1.875, 7.75], "texture": "#1"},
				"south": {"uv": [6, 5.5, 6.375, 7.25], "texture": "#1"},
				"up": {"uv": [4.125, 4.625, 3.75, 2.5], "texture": "#1"},
				"down": {"uv": [4.625, 0, 4.25, 2.125], "texture": "#1"}
			}
		},
		{
			"from": [10.93, 7.63082, 7.1407],
			"to": [19.57, 14.71082, 8.8593],
			"rotation": {"angle": -22.5, "axis": "y", "origin": [15.25, 14.5206, 8]},
			"faces": {
				"east": {"uv": [6.75, 5.5, 7.125, 7.25], "texture": "#1"},
				"west": {"uv": [7, 2.25, 7.375, 4], "texture": "#1"},
				"up": {"uv": [6.625, 2.875, 4.5, 2.5], "texture": "#1"},
				"down": {"uv": [6.625, 3.25, 4.5, 3.625], "texture": "#1"}
			}
		},
		{
			"from": [10.93, 7.63082, 7.1407],
			"to": [19.57, 14.71082, 8.8593],
			"rotation": {"angle": 0, "axis": "y", "origin": [15.25, 14.5206, 8]},
			"faces": {
				"east": {"uv": [3.25, 7, 3.625, 8.75], "texture": "#1"},
				"west": {"uv": [2.25, 7.25, 2.625, 9], "texture": "#1"},
				"up": {"uv": [6.625, 4.375, 4.5, 4], "texture": "#1"},
				"down": {"uv": [6.625, 4.75, 4.5, 5.125], "texture": "#1"}
			}
		},
		{
			"from": [10.93, 7.63082, 7.1407],
			"to": [19.57, 14.71082, 8.8593],
			"rotation": {"angle": 22.5, "axis": "y", "origin": [15.25, 14.5206, 8]},
			"faces": {
				"east": {"uv": [7.5, 0, 7.875, 1.75], "texture": "#1"},
				"west": {"uv": [4, 7.5, 4.375, 9.25], "texture": "#1"},
				"up": {"uv": [7.125, 0.375, 5, 0], "texture": "#1"},
				"down": {"uv": [7.125, 0.75, 5, 1.125], "texture": "#1"}
			}
		},
		{
			"from": [10.93, 7.63082, 7.1407],
			"to": [19.57, 14.71082, 8.8593],
			"rotation": {"angle": 45, "axis": "y", "origin": [15.25, 14.5206, 8]},
			"faces": {
				"east": {"uv": [7.5, 4.25, 7.875, 6], "texture": "#1"},
				"west": {"uv": [4.75, 7.5, 5.125, 9.25], "texture": "#1"},
				"up": {"uv": [7.125, 1.875, 5, 1.5], "texture": "#1"},
				"down": {"uv": [2.125, 5.25, 0, 5.625], "texture": "#1"}
			}
		}
	],
	"display": {
		"thirdperson_righthand": {
			"rotation": [75, 45, 0],
			"translation": [0, 2.5, 0],
			"scale": [0.375, 0.375, 0.375]
		},
		"thirdperson_lefthand": {
			"rotation": [75, 45, 0],
			"translation": [0, 2.5, 0],
			"scale": [0.375, 0.375, 0.375]
		},
		"firstperson_righthand": {
			"rotation": [0, 45, 0],
			"scale": [0.4, 0.4, 0.4]
		},
		"firstperson_lefthand": {
			"rotation": [0, 225, 0],
			"scale": [0.4, 0.4, 0.4]
		},
		"ground": {
			"translation": [0, 3, 0],
			"scale": [0.25, 0.25, 0.25]
		},
		"gui": {
			"rotation": [30, 225, 0],
			"scale": [0.625, 0.625, 0.625]
		},
		"head": {
			"translation": [0, 14.75, 0]
		},
		"fixed": {
			"scale": [0.5, 0.5, 0.5]
		}
	},
	"groups": [
		{
			"name": "potion_bottle",
			"origin": [8, 8, 8],
			"color": 0,
			"children": [
				{
					"name": "small_round1x1_simple",
					"origin": [8, 8, 8],
					"color": 0,
					"children": [
						{
							"name": "top",
							"origin": [8, 8, 8],
							"color": 0,
							"children": [0, 1, 2, 3]
						},
						{
							"name": "center",
							"origin": [8, 8, 8],
							"color": 0,
							"children": [4, 5, 6, 7]
						},
						{
							"name": "bottom",
							"origin": [8, 8, 8],
							"color": 0,
							"children": [8, 9, 10, 11]
						}
					]
				},
				{
					"name": "bottom",
					"origin": [8, 8, 8],
					"color": 0,
					"children": [12, 13, 14, 15]
				},
				{
					"name": "bottle",
					"origin": [8, 8, 8],
					"color": 0,
					"children": [16, 17, 18, 19, 20, 21, 22, 23]
				}
			]
		}
	]
}