{
	"credit": "AlexTestria | https://alex-bauerndistel.de",
	"texture_size": [64, 64],
	"textures": {
		"0": "brickcraft/material/plastics/texture/gold01",
		"1": "brickcraft/material/plastics/texture/black_wool01",
		"2": "brickcraft/material/plastics/texture/gray_wool01",
		"4": "brickcraft/stickers/glass_potion01",
		"6": "brickcraft/material/plastics/texture/stripped_spruce_log01",
		"particle": "brickcraft/material/plastics/texture/gold01"
	},
	"elements": [
		{
			"from": [6.4087, 1.25, 14.75],
			"to": [9.5913, 2.6666, 16],
			"rotation": {"angle": -45, "axis": "y", "origin": [8, 0.5, 8]},
			"faces": {
				"north": {"uv": [1, 14.5834, 4.1826, 16], "texture": "#1"},
				"south": {"uv": [1, 14.5834, 4.1826, 16], "texture": "#1"},
				"up": {"uv": [1, 0, 4.1826, 1.25], "rotation": 180, "texture": "#1"},
				"down": {"uv": [1, 1, 4.1826, 2.25], "rotation": 180, "texture": "#1"}
			}
		},
		{
			"from": [6.4087, 0, 14.75],
			"to": [9.5913, 2.6666, 16],
			"rotation": {"angle": -22.5, "axis": "y", "origin": [8, 0.5, 8]},
			"faces": {
				"north": {"uv": [1, 13.3334, 4.1826, 16], "texture": "#1"},
				"south": {"uv": [1, 13.3334, 4.1826, 16], "texture": "#1"},
				"west": {"uv": [14.75, 13.3334, 16, 16], "texture": "#1"},
				"up": {"uv": [1, 0, 4.1826, 1.25], "rotation": 180, "texture": "#1"},
				"down": {"uv": [1, 1, 4.1826, 2.25], "rotation": 180, "texture": "#1", "cullface": "down"}
			}
		},
		{
			"from": [6.4087, 0, 14.75],
			"to": [9.5913, 2.6666, 16],
			"rotation": {"angle": 0, "axis": "y", "origin": [8, 0.5, 8]},
			"faces": {
				"north": {"uv": [1, 13.3334, 4.1826, 16], "texture": "#1"},
				"south": {"uv": [1, 13.3334, 4.1826, 16], "texture": "#1", "cullface": "north"},
				"up": {"uv": [1, 0, 4.1826, 1.25], "rotation": 180, "texture": "#1"},
				"down": {"uv": [1, 1, 4.1826, 2.25], "rotation": 180, "texture": "#1", "cullface": "down"}
			}
		},
		{
			"from": [6.4087, 0, 14.75],
			"to": [9.5913, 2.6666, 16],
			"rotation": {"angle": 22.5, "axis": "y", "origin": [8, 0.5, 8]},
			"faces": {
				"north": {"uv": [1, 13.3334, 4.1826, 16], "texture": "#1"},
				"east": {"uv": [0, 13.3334, 1.25, 16], "texture": "#1"},
				"south": {"uv": [1, 13.3334, 4.1826, 16], "texture": "#1"},
				"up": {"uv": [1, 0, 4.1826, 1.25], "rotation": 180, "texture": "#1"},
				"down": {"uv": [1, 1, 4.1826, 2.25], "rotation": 180, "texture": "#1", "cullface": "down"}
			}
		},
		{
			"from": [6.4087, 1.25, 14.75],
			"to": [9.5913, 2.6666, 16],
			"rotation": {"angle": 45, "axis": "y", "origin": [8, 0.5, 8]},
			"faces": {
				"north": {"uv": [1, 14.5834, 4.1826, 16], "texture": "#1"},
				"south": {"uv": [1, 14.5834, 4.1826, 16], "texture": "#1"},
				"up": {"uv": [1, 0, 4.1826, 1.25], "rotation": 180, "texture": "#1"},
				"down": {"uv": [1, 1, 4.1826, 2.25], "rotation": 180, "texture": "#1"}
			}
		},
		{
			"from": [6.4087, 1.25, 0],
			"to": [9.5913, 2.6666, 1.25],
			"rotation": {"angle": -45, "axis": "y", "origin": [8, 0.5, 8]},
			"faces": {
				"north": {"uv": [1, 14.5834, 4.1826, 16], "texture": "#1"},
				"south": {"uv": [1, 14.5834, 4.1826, 16], "texture": "#1"},
				"up": {"uv": [1, 14.75, 4.1826, 16], "rotation": 180, "texture": "#1"},
				"down": {"uv": [1, 1, 4.1826, 2.25], "rotation": 180, "texture": "#1"}
			}
		},
		{
			"from": [6.4087, 0, 0],
			"to": [9.5913, 2.6666, 1.25],
			"rotation": {"angle": -22.5, "axis": "y", "origin": [8, 0.5, 8]},
			"faces": {
				"north": {"uv": [1, 13.3334, 4.1826, 16], "texture": "#1"},
				"east": {"uv": [14.75, 13.3334, 16, 16], "texture": "#1"},
				"south": {"uv": [1, 13.3334, 4.1826, 16], "texture": "#1"},
				"up": {"uv": [1, 14.75, 4.1826, 16], "rotation": 180, "texture": "#1"},
				"down": {"uv": [1, 1, 4.1826, 2.25], "rotation": 180, "texture": "#1", "cullface": "down"}
			}
		},
		{
			"from": [6.4087, 0, 0],
			"to": [9.5913, 2.6666, 1.25],
			"rotation": {"angle": 0, "axis": "y", "origin": [8, 0.5, 8]},
			"faces": {
				"north": {"uv": [1, 13.3334, 4.1826, 16], "texture": "#1", "cullface": "south"},
				"south": {"uv": [1, 13.3334, 4.1826, 16], "texture": "#1"},
				"up": {"uv": [1, 14.75, 4.1826, 16], "rotation": 180, "texture": "#1"},
				"down": {"uv": [1, 1, 4.1826, 2.25], "rotation": 180, "texture": "#1", "cullface": "down"}
			}
		},
		{
			"from": [6.4087, 0, 0],
			"to": [9.5913, 2.6666, 1.25],
			"rotation": {"angle": 22.5, "axis": "y", "origin": [8, 0.5, 8]},
			"faces": {
				"north": {"uv": [1, 13.3334, 4.1826, 16], "texture": "#1"},
				"south": {"uv": [1, 13.3334, 4.1826, 16], "texture": "#1"},
				"west": {"uv": [0, 13.3334, 1.25, 16], "texture": "#1"},
				"up": {"uv": [1, 14.75, 4.1826, 16], "rotation": 180, "texture": "#1"},
				"down": {"uv": [1, 1, 4.1826, 2.25], "rotation": 180, "texture": "#1", "cullface": "down"}
			}
		},
		{
			"from": [6.4087, 1.25, 0],
			"to": [9.5913, 2.6666, 1.25],
			"rotation": {"angle": 45, "axis": "y", "origin": [8, 0.5, 8]},
			"faces": {
				"north": {"uv": [1, 14.5834, 4.1826, 16], "texture": "#1"},
				"south": {"uv": [1, 14.5834, 4.1826, 16], "texture": "#1"},
				"up": {"uv": [1, 14.75, 4.1826, 16], "rotation": 180, "texture": "#1"},
				"down": {"uv": [1, 1, 4.1826, 2.25], "rotation": 180, "texture": "#1"}
			}
		},
		{
			"from": [14.75, 0, 6.4087],
			"to": [16, 2.6666, 9.5913],
			"rotation": {"angle": -22.5, "axis": "y", "origin": [8, 0.5, 8]},
			"faces": {
				"east": {"uv": [1, 13.3334, 4.1826, 16], "texture": "#1"},
				"south": {"uv": [14.75, 13.3334, 16, 16], "texture": "#1"},
				"west": {"uv": [1, 13.3334, 4.1826, 16], "texture": "#1"},
				"up": {"uv": [0, 1, 1.25, 4.1826], "rotation": 180, "texture": "#1"},
				"down": {"uv": [1, 1, 2.25, 4.1826], "rotation": 180, "texture": "#1", "cullface": "down"}
			}
		},
		{
			"from": [14.75, 0, 6.4087],
			"to": [16, 2.6666, 9.5913],
			"rotation": {"angle": 0, "axis": "y", "origin": [8, 0.5, 8]},
			"faces": {
				"east": {"uv": [1, 13.3334, 4.1826, 16], "texture": "#1", "cullface": "west"},
				"west": {"uv": [1, 13.3334, 4.1826, 16], "texture": "#1"},
				"up": {"uv": [0, 1, 1.25, 4.1826], "rotation": 180, "texture": "#1"},
				"down": {"uv": [1, 1, 2.25, 4.1826], "rotation": 180, "texture": "#1", "cullface": "down"}
			}
		},
		{
			"from": [14.75, 0, 6.4087],
			"to": [16, 2.6666, 9.5913],
			"rotation": {"angle": 22.5, "axis": "y", "origin": [8, 0.5, 8]},
			"faces": {
				"north": {"uv": [0, 13.3334, 1.25, 16], "texture": "#1"},
				"east": {"uv": [1, 13.3334, 4.1826, 16], "texture": "#1"},
				"west": {"uv": [1, 13.3334, 4.1826, 16], "texture": "#1"},
				"up": {"uv": [0, 1, 1.25, 4.1826], "rotation": 180, "texture": "#1"},
				"down": {"uv": [1, 1, 2.25, 4.1826], "rotation": 180, "texture": "#1", "cullface": "down"}
			}
		},
		{
			"from": [0, 0, 6.4087],
			"to": [1.25, 2.6666, 9.5913],
			"rotation": {"angle": -22.5, "axis": "y", "origin": [8, 0.5, 8]},
			"faces": {
				"north": {"uv": [14.75, 13.3334, 16, 16], "texture": "#1"},
				"east": {"uv": [1, 13.3334, 4.1826, 16], "texture": "#1"},
				"west": {"uv": [1, 13.3334, 4.1826, 16], "texture": "#1"},
				"up": {"uv": [14.75, 1, 16, 4.1826], "rotation": 180, "texture": "#1"},
				"down": {"uv": [1, 1, 2.25, 4.1826], "rotation": 180, "texture": "#1", "cullface": "down"}
			}
		},
		{
			"from": [0, 0, 6.4087],
			"to": [1.25, 2.6666, 9.5913],
			"rotation": {"angle": 0, "axis": "y", "origin": [8, 0.5, 8]},
			"faces": {
				"east": {"uv": [1, 13.3334, 4.1826, 16], "texture": "#1"},
				"west": {"uv": [1, 13.3334, 4.1826, 16], "texture": "#1", "cullface": "east"},
				"up": {"uv": [14.75, 1, 16, 4.1826], "rotation": 180, "texture": "#1"},
				"down": {"uv": [1, 1, 2.25, 4.1826], "rotation": 180, "texture": "#1", "cullface": "down"}
			}
		},
		{
			"from": [1.25, 2.2916, 3.6587],
			"to": [14.75, 2.6666, 12.3413],
			"rotation": {"angle": 0, "axis": "y", "origin": [8, 0.5, 8]},
			"faces": {
				"up": {"uv": [1, 1, 14.5, 9.6826], "rotation": 180, "texture": "#1"},
				"down": {"uv": [1, 1, 14.5, 9.6826], "rotation": 180, "texture": "#1"}
			}
		},
		{
			"from": [3.6587, 2.2916, 1.25],
			"to": [12.3413, 2.6666, 14.75],
			"rotation": {"angle": -22.5, "axis": "y", "origin": [8, 2.4791, 8]},
			"faces": {
				"up": {"uv": [1, 1, 9.6826, 14.5], "rotation": 180, "texture": "#1"},
				"down": {"uv": [1, 1, 9.6826, 14.5], "rotation": 180, "texture": "#1"}
			}
		},
		{
			"from": [1.25, 2.2916, 3.6587],
			"to": [14.75, 2.6666, 12.3413],
			"rotation": {"angle": -45, "axis": "y", "origin": [8, 2.4791, 8]},
			"faces": {
				"up": {"uv": [1, 1, 14.5, 9.6826], "rotation": 180, "texture": "#1"},
				"down": {"uv": [1, 1, 14.5, 9.6826], "rotation": 180, "texture": "#1"}
			}
		},
		{
			"from": [0, 0, 6.4087],
			"to": [1.25, 2.6666, 9.5913],
			"rotation": {"angle": 22.5, "axis": "y", "origin": [8, 0.5, 8]},
			"faces": {
				"east": {"uv": [1, 13.3334, 4.1826, 16], "texture": "#1"},
				"south": {"uv": [0, 13.3334, 1.25, 16], "texture": "#1"},
				"west": {"uv": [1, 13.3334, 4.1826, 16], "texture": "#1"},
				"up": {"uv": [14.75, 1, 16, 4.1826], "rotation": 180, "texture": "#1"},
				"down": {"uv": [1, 1, 2.25, 4.1826], "rotation": 180, "texture": "#1", "cullface": "down"}
			}
		},
		{
			"from": [10.5, 0, 6.55025],
			"to": [11.5, 2.6, 9.44975],
			"rotation": {"angle": -22.5, "axis": "y", "origin": [8, 1.3, 8]},
			"faces": {
				"east": {"uv": [1, 13.4, 3.89949, 16], "texture": "#1"},
				"west": {"uv": [1, 13.4, 3.89949, 16], "texture": "#1"},
				"down": {"uv": [1, 1, 3.89949, 2], "rotation": 270, "texture": "#1", "cullface": "down"}
			}
		},
		{
			"from": [6.55025, 0, 10.5],
			"to": [9.44975, 2.6, 11.5],
			"rotation": {"angle": 22.5, "axis": "y", "origin": [8, 1.3, 8]},
			"faces": {
				"north": {"uv": [1, 13.4, 3.89949, 16], "texture": "#1"},
				"south": {"uv": [1, 13.4, 3.89949, 16], "texture": "#1"},
				"down": {"uv": [1, 1, 3.89949, 2], "rotation": 180, "texture": "#1", "cullface": "down"}
			}
		},
		{
			"from": [4.5, 0, 6.55025],
			"to": [5.5, 2.6, 9.44975],
			"rotation": {"angle": -22.5, "axis": "y", "origin": [8, 1.3, 8]},
			"faces": {
				"east": {"uv": [1, 13.4, 3.89949, 16], "texture": "#1"},
				"west": {"uv": [1, 13.4, 3.89949, 16], "texture": "#1"},
				"down": {"uv": [1, 1, 3.89949, 2], "rotation": 270, "texture": "#1", "cullface": "down"}
			}
		},
		{
			"from": [6.55025, 0, 4.5],
			"to": [9.44975, 2.6, 5.5],
			"rotation": {"angle": 22.5, "axis": "y", "origin": [8, 1.3, 8]},
			"faces": {
				"north": {"uv": [1, 13.4, 3.89949, 16], "texture": "#1"},
				"south": {"uv": [1, 13.4, 3.89949, 16], "texture": "#1"},
				"down": {"uv": [1, 1, 3.89949, 2], "rotation": 180, "texture": "#1", "cullface": "down"}
			}
		},
		{
			"from": [6.55025, 0, 4.5],
			"to": [9.44975, 2.6, 5.5],
			"rotation": {"angle": -22.5, "axis": "y", "origin": [8, 1.3, 8]},
			"faces": {
				"north": {"uv": [1, 13.4, 3.89949, 16], "texture": "#1"},
				"south": {"uv": [1, 13.4, 3.89949, 16], "texture": "#1"},
				"down": {"uv": [1, 1, 2, 3.89949], "rotation": 270, "texture": "#1", "cullface": "down"}
			}
		},
		{
			"from": [10.5, 0, 6.55025],
			"to": [11.5, 2.6, 9.44975],
			"rotation": {"angle": 22.5, "axis": "y", "origin": [8, 1.3, 8]},
			"faces": {
				"east": {"uv": [1, 13.4, 3.89949, 16], "texture": "#1", "cullface": "down"},
				"west": {"uv": [1, 13.4, 3.89949, 16], "texture": "#1", "cullface": "down"},
				"down": {"uv": [1, 1, 2, 3.89949], "rotation": 180, "texture": "#1", "cullface": "down"}
			}
		},
		{
			"from": [6.55025, 0, 10.5],
			"to": [9.44975, 2.6, 11.5],
			"rotation": {"angle": -22.5, "axis": "y", "origin": [8, 1.3, 8]},
			"faces": {
				"north": {"uv": [1, 13.4, 3.89949, 16], "texture": "#1"},
				"south": {"uv": [1, 13.4, 3.89949, 16], "texture": "#1"},
				"down": {"uv": [1, 1, 2, 3.89949], "rotation": 270, "texture": "#1", "cullface": "down"}
			}
		},
		{
			"from": [4.5, 0, 6.55025],
			"to": [5.5, 2.6, 9.44975],
			"rotation": {"angle": 22.5, "axis": "y", "origin": [8, 1.3, 8]},
			"faces": {
				"east": {"uv": [1, 13.4, 3.89949, 16], "texture": "#1"},
				"west": {"uv": [0, 0, 1, 1], "texture": "#1"},
				"down": {"uv": [1, 1, 2, 3.89949], "rotation": 180, "texture": "#1", "cullface": "down"}
			}
		},
		{
			"from": [3.08947, 2.666, 9.375],
			"to": [5.16053, 3.916, 14.375],
			"rotation": {"angle": 45, "axis": "y", "origin": [4.125, 3.291, 11.875]},
			"faces": {
				"north": {"uv": [1, 0, 3.07106, 1.25], "texture": "#1", "cullface": "up"},
				"south": {"uv": [1, 0, 3.07106, 1.25], "texture": "#1", "cullface": "up"},
				"up": {"uv": [1, 1, 3.07106, 6], "rotation": 180, "texture": "#1", "cullface": "up"}
			}
		},
		{
			"from": [3.08947, 2.666, 9.375],
			"to": [5.16053, 3.916, 14.375],
			"rotation": {"angle": 0, "axis": "y", "origin": [4.125, 3.291, 11.875]},
			"faces": {
				"north": {"uv": [1, 0, 3.07106, 1.25], "texture": "#1", "cullface": "up"},
				"south": {"uv": [1, 0, 3.07106, 1.25], "texture": "#1", "cullface": "up"},
				"up": {"uv": [1, 1, 3.07106, 6], "rotation": 180, "texture": "#1", "cullface": "up"}
			}
		},
		{
			"from": [1.625, 2.666, 10.83947],
			"to": [6.625, 3.916, 12.91053],
			"rotation": {"angle": 45, "axis": "y", "origin": [4.125, 3.291, 11.875]},
			"faces": {
				"east": {"uv": [1, 0, 3.07106, 1.25], "texture": "#1", "cullface": "up"},
				"west": {"uv": [1, 0, 3.07106, 1.25], "texture": "#1", "cullface": "up"},
				"up": {"uv": [1, 1, 6, 3.07106], "rotation": 180, "texture": "#1", "cullface": "up"}
			}
		},
		{
			"from": [1.625, 2.666, 10.83947],
			"to": [6.625, 3.916, 12.91053],
			"rotation": {"angle": 0, "axis": "y", "origin": [4.125, 3.291, 11.875]},
			"faces": {
				"east": {"uv": [1, 0, 3.07106, 1.25], "texture": "#1", "cullface": "up"},
				"west": {"uv": [1, 0, 3.07106, 1.25], "texture": "#1", "cullface": "up"},
				"up": {"uv": [1, 1, 6, 3.07106], "rotation": 180, "texture": "#1", "cullface": "up"}
			}
		},
		{
			"from": [3.08947, 2.666, 1.625],
			"to": [5.16053, 3.916, 6.625],
			"rotation": {"angle": 45, "axis": "y", "origin": [4.125, 3.291, 4.125]},
			"faces": {
				"north": {"uv": [1, 0, 3.07106, 1.25], "texture": "#1", "cullface": "up"},
				"south": {"uv": [1, 0, 3.07106, 1.25], "texture": "#1", "cullface": "up"},
				"up": {"uv": [1, 1, 3.07106, 6], "rotation": 180, "texture": "#1", "cullface": "up"}
			}
		},
		{
			"from": [3.08947, 2.666, 1.625],
			"to": [5.16053, 3.916, 6.625],
			"rotation": {"angle": 0, "axis": "y", "origin": [4.125, 3.291, 4.125]},
			"faces": {
				"north": {"uv": [1, 0, 3.07106, 1.25], "texture": "#1", "cullface": "up"},
				"south": {"uv": [1, 0, 3.07106, 1.25], "texture": "#1", "cullface": "up"},
				"up": {"uv": [1, 1, 3.07106, 6], "rotation": 180, "texture": "#1", "cullface": "up"}
			}
		},
		{
			"from": [1.625, 2.666, 3.08947],
			"to": [6.625, 3.916, 5.16053],
			"rotation": {"angle": 45, "axis": "y", "origin": [4.125, 3.291, 4.125]},
			"faces": {
				"east": {"uv": [1, 0, 3.07106, 1.25], "texture": "#1", "cullface": "up"},
				"west": {"uv": [1, 0, 3.07106, 1.25], "texture": "#1", "cullface": "up"},
				"up": {"uv": [1, 1, 6, 3.07106], "rotation": 180, "texture": "#1", "cullface": "up"}
			}
		},
		{
			"from": [1.625, 2.666, 3.08947],
			"to": [6.625, 3.916, 5.16053],
			"rotation": {"angle": 0, "axis": "y", "origin": [4.125, 3.291, 4.125]},
			"faces": {
				"east": {"uv": [1, 0, 3.07106, 1.25], "texture": "#1", "cullface": "up"},
				"west": {"uv": [1, 0, 3.07106, 1.25], "texture": "#1", "cullface": "up"},
				"up": {"uv": [1, 1, 6, 3.07106], "rotation": 180, "texture": "#1", "cullface": "up"}
			}
		},
		{
			"from": [10.83947, 2.666, 1.625],
			"to": [12.91053, 3.916, 6.625],
			"rotation": {"angle": 45, "axis": "y", "origin": [11.875, 3.291, 4.125]},
			"faces": {
				"north": {"uv": [1, 0, 3.07106, 1.25], "texture": "#1", "cullface": "up"},
				"south": {"uv": [1, 0, 3.07106, 1.25], "texture": "#1", "cullface": "up"},
				"up": {"uv": [1, 1, 3.07106, 6], "rotation": 180, "texture": "#1", "cullface": "up"}
			}
		},
		{
			"from": [10.83947, 2.666, 1.625],
			"to": [12.91053, 3.916, 6.625],
			"rotation": {"angle": 0, "axis": "y", "origin": [11.875, 3.291, 4.125]},
			"faces": {
				"north": {"uv": [1, 0, 3.07106, 1.25], "texture": "#1", "cullface": "up"},
				"south": {"uv": [1, 0, 3.07106, 1.25], "texture": "#1", "cullface": "up"},
				"up": {"uv": [1, 1, 3.07106, 6], "rotation": 180, "texture": "#1", "cullface": "up"}
			}
		},
		{
			"from": [9.375, 2.666, 3.08947],
			"to": [14.375, 3.916, 5.16053],
			"rotation": {"angle": 45, "axis": "y", "origin": [11.875, 3.291, 4.125]},
			"faces": {
				"east": {"uv": [1, 0, 3.07106, 1.25], "texture": "#1", "cullface": "up"},
				"west": {"uv": [1, 0, 3.07106, 1.25], "texture": "#1", "cullface": "up"},
				"up": {"uv": [1, 1, 6, 3.07106], "rotation": 180, "texture": "#1", "cullface": "up"}
			}
		},
		{
			"from": [9.375, 2.666, 3.08947],
			"to": [14.375, 3.916, 5.16053],
			"rotation": {"angle": 0, "axis": "y", "origin": [11.875, 3.291, 4.125]},
			"faces": {
				"east": {"uv": [1, 0, 3.07106, 1.25], "texture": "#1", "cullface": "up"},
				"west": {"uv": [1, 0, 3.07106, 1.25], "texture": "#1", "cullface": "up"},
				"up": {"uv": [1, 1, 6, 3.07106], "rotation": 180, "texture": "#1", "cullface": "up"}
			}
		},
		{
			"from": [10.83947, 2.666, 9.375],
			"to": [12.91053, 3.916, 14.375],
			"rotation": {"angle": 45, "axis": "y", "origin": [11.875, 3.291, 11.875]},
			"faces": {
				"north": {"uv": [1, 0, 3.07106, 1.25], "texture": "#1", "cullface": "up"},
				"south": {"uv": [1, 0, 3.07106, 1.25], "texture": "#1", "cullface": "up"},
				"up": {"uv": [1, 1, 3.07106, 6], "rotation": 180, "texture": "#1", "cullface": "up"}
			}
		},
		{
			"from": [10.83947, 2.666, 9.375],
			"to": [12.91053, 3.916, 14.375],
			"rotation": {"angle": 0, "axis": "y", "origin": [11.875, 3.291, 11.875]},
			"faces": {
				"north": {"uv": [1, 0, 3.07106, 1.25], "texture": "#1", "cullface": "up"},
				"south": {"uv": [1, 0, 3.07106, 1.25], "texture": "#1", "cullface": "up"},
				"up": {"uv": [1, 1, 3.07106, 6], "rotation": 180, "texture": "#1", "cullface": "up"}
			}
		},
		{
			"from": [9.375, 2.666, 10.83947],
			"to": [14.375, 3.916, 12.91053],
			"rotation": {"angle": 45, "axis": "y", "origin": [11.875, 3.291, 11.875]},
			"faces": {
				"east": {"uv": [1, 0, 3.07106, 1.25], "texture": "#1", "cullface": "up"},
				"west": {"uv": [1, 0, 3.07106, 1.25], "texture": "#1", "cullface": "up"},
				"up": {"uv": [1, 1, 6, 3.07106], "rotation": 180, "texture": "#1", "cullface": "up"}
			}
		},
		{
			"from": [9.375, 2.666, 10.83947],
			"to": [14.375, 3.916, 12.91053],
			"rotation": {"angle": 0, "axis": "y", "origin": [11.875, 3.291, 11.875]},
			"faces": {
				"east": {"uv": [1, 0, 3.07106, 1.25], "texture": "#1", "cullface": "up"},
				"west": {"uv": [1, 0, 3.07106, 1.25], "texture": "#1", "cullface": "up"},
				"up": {"uv": [1, 1, 6, 3.07106], "rotation": 180, "texture": "#1", "cullface": "up"}
			}
		},
		{
			"from": [6.96447, 5.333, 5.5],
			"to": [9.03553, 6.583, 10.5],
			"rotation": {"angle": 45, "axis": "y", "origin": [8, 4.7499, 8]},
			"faces": {
				"north": {"uv": [1, 0, 3.07107, 1.25], "texture": "#2"},
				"south": {"uv": [1, 0, 3.07107, 1.25], "texture": "#2"},
				"up": {"uv": [1, 1, 3.07107, 6], "rotation": 180, "texture": "#2"}
			}
		},
		{
			"from": [6.96447, 5.333, 5.5],
			"to": [9.03553, 6.583, 10.5],
			"rotation": {"angle": 0, "axis": "y", "origin": [8, 4.7499, 8]},
			"faces": {
				"north": {"uv": [1, 0, 3.07107, 1.25], "texture": "#2"},
				"south": {"uv": [1, 0, 3.07107, 1.25], "texture": "#2"},
				"up": {"uv": [1, 1, 3.07107, 6], "rotation": 180, "texture": "#2"}
			}
		},
		{
			"from": [5.5, 5.333, 6.96447],
			"to": [10.5, 6.583, 9.03553],
			"rotation": {"angle": 45, "axis": "y", "origin": [8, 4.7499, 8]},
			"faces": {
				"east": {"uv": [1, 0, 3.07107, 1.25], "texture": "#2"},
				"west": {"uv": [1, 0, 3.07107, 1.25], "texture": "#2"},
				"up": {"uv": [1, 1, 6, 3.07107], "rotation": 180, "texture": "#2"}
			}
		},
		{
			"from": [5.5, 5.333, 6.96447],
			"to": [10.5, 6.583, 9.03553],
			"rotation": {"angle": 0, "axis": "y", "origin": [8, 4.7499, 8]},
			"faces": {
				"east": {"uv": [1, 0, 3.07107, 1.25], "texture": "#2"},
				"west": {"uv": [1, 0, 3.07107, 1.25], "texture": "#2"},
				"up": {"uv": [1, 1, 6, 3.07107], "rotation": 180, "texture": "#2"}
			}
		},
		{
			"from": [4, 4.3336, 6.34315],
			"to": [12, 5.3336, 9.65685],
			"rotation": {"angle": -22.5, "axis": "y", "origin": [8, 4.7499, 8]},
			"faces": {
				"east": {"uv": [1, 0, 4.31371, 1], "texture": "#2"},
				"west": {"uv": [1, 0, 4.31371, 1], "texture": "#2"},
				"up": {"uv": [1, 1, 4.31371, 9], "rotation": 90, "texture": "#2"},
				"down": {"uv": [1, 1, 4.31371, 9], "rotation": 270, "texture": "#2"}
			}
		},
		{
			"from": [6.34315, 4.3336, 4],
			"to": [9.65685, 5.3336, 12],
			"rotation": {"angle": 22.5, "axis": "y", "origin": [8, 4.7499, 8]},
			"faces": {
				"north": {"uv": [1, 0, 4.31371, 1], "texture": "#2"},
				"south": {"uv": [1, 0, 4.31371, 1], "texture": "#2"},
				"up": {"uv": [1, 1, 4.31371, 9], "rotation": 180, "texture": "#2"},
				"down": {"uv": [1, 1, 4.31371, 9], "rotation": 180, "texture": "#2"}
			}
		},
		{
			"from": [6.34315, 4.3336, 4],
			"to": [9.65685, 5.3336, 12],
			"rotation": {"angle": -22.5, "axis": "y", "origin": [8, 4.7499, 8]},
			"faces": {
				"north": {"uv": [1, 0, 4.31371, 1], "texture": "#2"},
				"south": {"uv": [1, 0, 4.31371, 1], "texture": "#2"},
				"up": {"uv": [1, 1, 9, 4.31371], "rotation": 90, "texture": "#2"},
				"down": {"uv": [1, 1, 9, 4.31371], "rotation": 270, "texture": "#2"}
			}
		},
		{
			"from": [4, 4.3336, 6.34315],
			"to": [12, 5.3336, 9.65685],
			"rotation": {"angle": 22.5, "axis": "y", "origin": [8, 4.7499, 8]},
			"faces": {
				"east": {"uv": [1, 0, 4.31371, 1], "texture": "#2"},
				"west": {"uv": [1, 0, 4.31371, 1], "texture": "#2"},
				"up": {"uv": [1, 1, 9, 4.31371], "rotation": 180, "texture": "#2"},
				"down": {"uv": [1, 1, 9, 4.31371], "rotation": 180, "texture": "#2"}
			}
		},
		{
			"from": [6.65381, 2.6668, 4.75],
			"to": [9.34619, 4.4168, 11.25],
			"rotation": {"angle": 45, "axis": "y", "origin": [8, 4.7499, 8]},
			"faces": {
				"north": {"uv": [1, 14.25, 3.69239, 16], "texture": "#2"},
				"south": {"uv": [1, 14.25, 3.69239, 16], "texture": "#2"}
			}
		},
		{
			"from": [6.65381, 2.6668, 4.75],
			"to": [9.34619, 4.4168, 11.25],
			"rotation": {"angle": 0, "axis": "y", "origin": [8, 4.7499, 8]},
			"faces": {
				"north": {"uv": [1, 14.25, 3.69239, 16], "texture": "#2"},
				"south": {"uv": [1, 14.25, 3.69239, 16], "texture": "#2"}
			}
		},
		{
			"from": [4.75, 2.6668, 6.65381],
			"to": [11.25, 4.4168, 9.34619],
			"rotation": {"angle": 45, "axis": "y", "origin": [8, 4.7499, 8]},
			"faces": {
				"east": {"uv": [1, 14.25, 3.69239, 16], "texture": "#2"},
				"west": {"uv": [1, 14.25, 3.69239, 16], "texture": "#2"}
			}
		},
		{
			"from": [4.75, 2.6668, 6.65381],
			"to": [11.25, 4.4168, 9.34619],
			"rotation": {"angle": 0, "axis": "y", "origin": [8, 4.7499, 8]},
			"faces": {
				"east": {"uv": [1, 14.25, 3.69239, 16], "texture": "#2"},
				"west": {"uv": [1, 14.25, 3.69239, 16], "texture": "#2"}
			}
		},
		{
			"from": [7.38386, 6.5, 6.5125],
			"to": [8.61614, 24, 9.4875],
			"rotation": {"angle": 22.5, "axis": "y", "origin": [8, 7, 8]},
			"faces": {
				"north": {"uv": [1, 0, 2.23228, 16], "texture": "#0"},
				"south": {"uv": [1, 0, 2.23228, 16], "texture": "#0"},
				"up": {"uv": [1, 1, 2.23229, 3.975], "rotation": 180, "texture": "#0"}
			}
		},
		{
			"from": [7.38386, 6.5, 6.5125],
			"to": [8.61614, 24, 9.4875],
			"rotation": {"angle": -22.5, "axis": "y", "origin": [8, 7, 8]},
			"faces": {
				"north": {"uv": [1, 0, 2.23228, 16], "texture": "#0"},
				"south": {"uv": [1, 0, 2.23228, 16], "texture": "#0"},
				"up": {"uv": [1, 1, 2.23229, 3.975], "rotation": 180, "texture": "#0"}
			}
		},
		{
			"from": [6.5125, 6.5, 7.38386],
			"to": [9.4875, 24, 8.61614],
			"rotation": {"angle": 22.5, "axis": "y", "origin": [8, 7, 8]},
			"faces": {
				"east": {"uv": [1, 0, 2.23228, 16], "texture": "#0"},
				"west": {"uv": [1, 0, 2.23228, 16], "texture": "#0"},
				"up": {"uv": [1, 1, 3.975, 2.23229], "rotation": 180, "texture": "#0"}
			}
		},
		{
			"from": [6.5125, 6.5, 7.38386],
			"to": [9.4875, 24, 8.61614],
			"rotation": {"angle": -22.5, "axis": "y", "origin": [8, 7, 8]},
			"faces": {
				"east": {"uv": [1, 0, 2.23228, 16], "texture": "#0"},
				"west": {"uv": [1, 0, 2.23228, 16], "texture": "#0"},
				"up": {"uv": [1, 1, 3.975, 2.23229], "rotation": 180, "texture": "#0"}
			}
		},
		{
			"from": [11.25, 18.084, 4],
			"to": [19.25, 20.75, 12],
			"rotation": {"angle": 0, "axis": "y", "origin": [19.25, 18.084, 12]},
			"faces": {
				"north": {"uv": [1, 0, 9, 2.666], "texture": "#1"},
				"east": {"uv": [1, 0, 9, 2.666], "texture": "#1"},
				"south": {"uv": [1, 0, 9, 2.666], "texture": "#1"},
				"west": {"uv": [1, 0, 9, 2.666], "texture": "#1"},
				"up": {"uv": [4, 4, 12, 12], "rotation": 180, "texture": "#1"},
				"down": {"uv": [4, 4, 12, 12], "rotation": 180, "texture": "#1"}
			}
		},
		{
			"from": [14.21447, 20.75, 5.5],
			"to": [16.28553, 22, 10.5],
			"rotation": {"angle": 22.5, "axis": "y", "origin": [15.25, 34.709, 8]},
			"faces": {
				"north": {"uv": [1, 0, 3.07106, 1.25], "texture": "#1"},
				"south": {"uv": [1, 0, 3.07106, 1.25], "texture": "#1"},
				"up": {"uv": [1, 1, 3.07106, 6], "rotation": 180, "texture": "#1"}
			}
		},
		{
			"from": [14.21447, 20.75, 5.5],
			"to": [16.28553, 22, 10.5],
			"rotation": {"angle": -22.5, "axis": "y", "origin": [15.25, 34.709, 8]},
			"faces": {
				"north": {"uv": [1, 0, 3.07106, 1.25], "texture": "#1"},
				"south": {"uv": [1, 0, 3.07106, 1.25], "texture": "#1"},
				"up": {"uv": [1, 1, 3.07106, 6], "rotation": 180, "texture": "#1"}
			}
		},
		{
			"from": [12.75, 20.75, 6.96447],
			"to": [17.75, 22, 9.03553],
			"rotation": {"angle": 22.5, "axis": "y", "origin": [15.25, 34.709, 8]},
			"faces": {
				"east": {"uv": [1, 0, 3.07106, 1.25], "texture": "#1"},
				"west": {"uv": [1, 0, 3.07106, 1.25], "texture": "#1"},
				"up": {"uv": [1, 1, 6, 3.07106], "rotation": 180, "texture": "#1"}
			}
		},
		{
			"from": [12.75, 20.75, 6.96447],
			"to": [17.75, 22, 9.03553],
			"rotation": {"angle": -22.5, "axis": "y", "origin": [15.25, 34.709, 8]},
			"faces": {
				"east": {"uv": [1, 0, 3.07106, 1.25], "texture": "#1"},
				"west": {"uv": [1, 0, 3.07106, 1.25], "texture": "#1"},
				"up": {"uv": [1, 1, 6, 3.07106], "rotation": 180, "texture": "#1"}
			}
		},
		{
			"from": [5.5, 18.084, 7.50272],
			"to": [10.5, 23.416, 8.49728],
			"rotation": {"angle": -45, "axis": "y", "origin": [8, 25.159, 8]},
			"faces": {
				"east": {"uv": [1, 0, 1.99456, 5.332], "texture": "#1"},
				"south": {"uv": [1, 0, 6, 5.332], "texture": "#1"},
				"west": {"uv": [1, 0, 1.99456, 5.332], "texture": "#1"},
				"up": {"uv": [1, 1, 6, 1.99456], "rotation": 180, "texture": "#1"},
				"down": {"uv": [1, 1, 6, 1.99456], "rotation": 180, "texture": "#1"}
			}
		},
		{
			"from": [9.75, 18.084, 8.00272],
			"to": [10.5, 20.75, 8.49728],
			"rotation": {"angle": -22.5, "axis": "y", "origin": [8, 25.159, 8]},
			"faces": {
				"east": {"uv": [1, 0, 1.99456, 2.666], "texture": "#1"},
				"down": {"uv": [1, 1, 1.75, 1.49456], "rotation": 180, "texture": "#1"}
			}
		},
		{
			"from": [8.5, 18.084, 7.00272],
			"to": [11.25, 20.75, 8.99728],
			"rotation": {"angle": 0, "axis": "y", "origin": [8, 25.159, 8]},
			"faces": {
				"north": {"uv": [1, 0, 3.75, 2.666], "texture": "#1"},
				"south": {"uv": [1, 0, 3.75, 2.666], "texture": "#1"},
				"up": {"uv": [3.75, 2.99456, 1, 1], "rotation": 180, "texture": "#1"},
				"down": {"uv": [3.75, 1, 1, 2.99456], "rotation": 180, "texture": "#1"}
			}
		},
		{
			"from": [9.75, 18.084, 7.50272],
			"to": [10.5, 20.75, 7.99728],
			"rotation": {"angle": 22.5, "axis": "y", "origin": [8, 25.159, 8]},
			"faces": {
				"east": {"uv": [1, 0, 1.99456, 2.666], "texture": "#1"}
			}
		},
		{
			"from": [5.5, 15.418, 7.50272],
			"to": [10.5, 20.75, 8.49728],
			"rotation": {"angle": 45, "axis": "y", "origin": [8, 25.159, 8]},
			"faces": {
				"north": {"uv": [1, 0, 6, 5.332], "texture": "#1"},
				"east": {"uv": [1, 0, 1.99456, 5.332], "texture": "#1"},
				"west": {"uv": [1, 0, 1.99456, 5.332], "texture": "#1"},
				"up": {"uv": [1, 1, 6, 1.99456], "rotation": 180, "texture": "#1"},
				"down": {"uv": [1, 1, 6, 1.99456], "rotation": 180, "texture": "#1"}
			}
		},
		{
			"from": [7.50272, 15.418, 5.5],
			"to": [8.49728, 20.75, 10.5],
			"rotation": {"angle": -22.5, "axis": "y", "origin": [8, 25.159, 8]},
			"faces": {
				"north": {"uv": [1, 0, 1.99456, 5.332], "texture": "#1"},
				"south": {"uv": [1, 0, 1.99456, 5.332], "texture": "#1"},
				"up": {"uv": [1, 1, 1.99456, 6], "rotation": 180, "texture": "#1"},
				"down": {"uv": [1, 1, 1.99456, 6], "rotation": 180, "texture": "#1"}
			}
		},
		{
			"from": [1.43674, 15.418, -2.18826],
			"to": [9.43674, 18.084, 5.81174],
			"rotation": {"angle": 45, "axis": "y", "origin": [5.43674, 17.73, 5.43674]},
			"faces": {
				"north": {"uv": [1, 0, 9, 2.666], "texture": "#1"},
				"east": {"uv": [1, 0, 9, 2.666], "texture": "#1"},
				"south": {"uv": [1, 0, 9, 2.666], "texture": "#1"},
				"west": {"uv": [1, 0, 9, 2.666], "texture": "#1"},
				"up": {"uv": [4, 4, 12, 12], "rotation": 90, "texture": "#1"},
				"down": {"uv": [4, 4, 12, 12], "rotation": 270, "texture": "#1"}
			}
		},
		{
			"from": [1.05214, 18.084, 1.54951],
			"to": [3.1232, 19.334, 6.54951],
			"rotation": {"angle": -22.5, "axis": "y", "origin": [5.43674, 17.73, 5.43674]},
			"faces": {
				"north": {"uv": [1, 0, 3.07106, 1.25], "texture": "#1"},
				"south": {"uv": [1, 0, 3.07106, 1.25], "texture": "#1"},
				"up": {"uv": [1, 1, 3.07106, 6], "texture": "#1"}
			}
		},
		{
			"from": [1.54951, 18.084, 1.05214],
			"to": [6.54951, 19.334, 3.1232],
			"rotation": {"angle": 22.5, "axis": "y", "origin": [5.43674, 17.73, 5.43674]},
			"faces": {
				"east": {"uv": [1, 0, 3.07106, 1.25], "texture": "#1"},
				"west": {"uv": [1, 0, 3.07106, 1.25], "texture": "#1"},
				"up": {"uv": [1, 1, 3.07106, 6], "rotation": 90, "texture": "#1"}
			}
		},
		{
			"from": [-0.41233, 18.084, 3.01398],
			"to": [4.58767, 19.334, 5.08504],
			"rotation": {"angle": -22.5, "axis": "y", "origin": [5.43674, 17.73, 5.43674]},
			"faces": {
				"east": {"uv": [1, 0, 3.07106, 1.25], "texture": "#1"},
				"west": {"uv": [1, 0, 3.07106, 1.25], "texture": "#1"},
				"up": {"uv": [1, 1, 6, 3.07106], "texture": "#1"}
			}
		},
		{
			"from": [3.01398, 18.084, -0.41233],
			"to": [5.08504, 19.334, 4.58767],
			"rotation": {"angle": 22.5, "axis": "y", "origin": [5.43674, 17.73, 5.43674]},
			"faces": {
				"north": {"uv": [1, 0, 3.07106, 1.25], "texture": "#1"},
				"south": {"uv": [1, 0, 3.07106, 1.25], "texture": "#1"},
				"up": {"uv": [1, 1, 6, 3.07106], "rotation": 90, "texture": "#1"}
			}
		},
		{
			"from": [7.50272, 15.418, 5.5],
			"to": [8.49728, 20.75, 10.5],
			"rotation": {"angle": 0, "axis": "y", "origin": [5.43674, 17.73, 5.43674]},
			"faces": {
				"north": {"uv": [1, 0, 1.99456, 5.332], "texture": "#1"},
				"east": {"uv": [1, 0, 6, 5.332], "texture": "#1"},
				"south": {"uv": [1, 0, 1.99456, 5.332], "texture": "#1"},
				"up": {"uv": [1, 1, 6, 1.99456], "rotation": 90, "texture": "#1"},
				"down": {"uv": [1, 1, 6, 1.99456], "rotation": 270, "texture": "#1"}
			}
		},
		{
			"from": [6.82669, 15.418, 6.2858],
			"to": [7.32125, 18.084, 7.0358],
			"rotation": {"angle": 22.5, "axis": "y", "origin": [5.43674, 17.73, 5.43674]},
			"faces": {
				"north": {"uv": [1, 0, 1.99456, 2.666], "texture": "#1"},
				"down": {"uv": [1, 1, 1.75, 1.49456], "rotation": 270, "texture": "#1"}
			}
		},
		{
			"from": [4.43946, 15.418, 5.81174],
			"to": [6.43402, 18.084, 8.56174],
			"rotation": {"angle": 45, "axis": "y", "origin": [5.43674, 17.73, 5.43674]},
			"faces": {
				"east": {"uv": [1, 0, 3.75, 2.666], "texture": "#1"},
				"west": {"uv": [1, 0, 3.75, 2.666], "texture": "#1"},
				"up": {"uv": [3.75, 2.99456, 1, 1], "rotation": 90, "texture": "#1"},
				"down": {"uv": [3.75, 1, 1, 2.99456], "rotation": 270, "texture": "#1"}
			}
		},
		{
			"from": [6.2858, 15.418, 6.82669],
			"to": [7.0358, 18.084, 7.32125],
			"rotation": {"angle": -22.5, "axis": "y", "origin": [5.43674, 17.73, 5.43674]},
			"faces": {
				"west": {"uv": [1, 0, 1.99456, 2.666], "texture": "#1"},
				"up": {"uv": [1, 1, 3, 1.49456], "texture": "#1"},
				"down": {"uv": [1, 1, 1.75, 1.49456], "texture": "#1"}
			}
		},
		{
			"from": [5.5, 15.418, 7.50272],
			"to": [10.5, 18.084, 8.49728],
			"rotation": {"angle": 0, "axis": "y", "origin": [5.43674, 17.73, 5.43674]},
			"faces": {
				"east": {"uv": [1, 0, 1.99456, 2.666], "texture": "#1"},
				"south": {"uv": [1, 0, 6, 2.666], "texture": "#1"},
				"west": {"uv": [1, 0, 1.99456, 2.666], "texture": "#1"},
				"up": {"uv": [1, 1, 6, 1.99456], "texture": "#1"},
				"down": {"uv": [1, 1, 6, 1.99456], "texture": "#1"}
			}
		},
		{
			"from": [4.32397, 15.418, 8.28852],
			"to": [9.32397, 18.084, 9.28308],
			"rotation": {"angle": 22.5, "axis": "y", "origin": [5.43674, 17.73, 5.43674]},
			"faces": {
				"east": {"uv": [1, 0, 1.99456, 2.666], "texture": "#1"},
				"west": {"uv": [1, 0, 1.99456, 2.666], "texture": "#1"},
				"up": {"uv": [1, 1, 1.99456, 6], "rotation": 90, "texture": "#1"},
				"down": {"uv": [1, 1, 1.99456, 6], "rotation": 270, "texture": "#1"}
			}
		},
		{
			"from": [2.61277, 20.75, 10.97406],
			"to": [10.61277, 23.416, 18.97406],
			"rotation": {"angle": -22.5, "axis": "y", "origin": [6.61277, 23.062, 11.34906]},
			"faces": {
				"north": {"uv": [1, 0, 9, 2.666], "texture": "#1"},
				"east": {"uv": [1, 0, 9, 2.666], "texture": "#1"},
				"south": {"uv": [1, 0, 9, 2.666], "texture": "#1"},
				"west": {"uv": [1, 0, 9, 2.666], "texture": "#1"},
				"up": {"uv": [4, 4, 12, 12], "rotation": 270, "texture": "#1"},
				"down": {"uv": [4, 4, 12, 12], "rotation": 90, "texture": "#1"}
			}
		},
		{
			"from": [2.72555, 23.416, 13.6626],
			"to": [7.72555, 24.666, 15.73366],
			"rotation": {"angle": 0, "axis": "y", "origin": [6.61277, 23.062, 11.34906]},
			"faces": {
				"east": {"uv": [1, 0, 3.07106, 1.25], "texture": "#1"},
				"west": {"uv": [1, 0, 3.07106, 1.25], "texture": "#1"},
				"up": {"uv": [1, 1, 3.07106, 6], "rotation": 270, "texture": "#1"}
			}
		},
		{
			"from": [5.5, 23.416, 13.6626],
			"to": [10.5, 24.666, 15.73366],
			"rotation": {"angle": -45, "axis": "y", "origin": [6.61277, 23.062, 11.34906]},
			"faces": {
				"east": {"uv": [1, 0, 3.07106, 1.25], "texture": "#1"},
				"west": {"uv": [1, 0, 3.07106, 1.25], "texture": "#1"},
				"up": {"uv": [1, 1, 3.07106, 6], "rotation": 270, "texture": "#1"}
			}
		},
		{
			"from": [4.19002, 23.416, 12.19813],
			"to": [6.26108, 24.666, 17.19813],
			"rotation": {"angle": 0, "axis": "y", "origin": [6.61277, 23.062, 11.34906]},
			"faces": {
				"north": {"uv": [1, 0, 3.07106, 1.25], "texture": "#1"},
				"south": {"uv": [1, 0, 3.07106, 1.25], "texture": "#1"},
				"up": {"uv": [1, 1, 6, 3.07106], "rotation": 270, "texture": "#1"}
			}
		},
		{
			"from": [6.96447, 23.416, 12.19813],
			"to": [9.03553, 24.666, 17.19813],
			"rotation": {"angle": -45, "axis": "y", "origin": [6.61277, 23.062, 11.34906]},
			"faces": {
				"north": {"uv": [1, 0, 3.07106, 1.25], "texture": "#1"},
				"south": {"uv": [1, 0, 3.07106, 1.25], "texture": "#1"},
				"up": {"uv": [1, 1, 6, 3.07106], "rotation": 270, "texture": "#1"}
			}
		},
		{
			"from": [6.67603, 20.75, 8.28852],
			"to": [11.67603, 23.416, 9.28308],
			"rotation": {"angle": 22.5, "axis": "y", "origin": [6.61277, 23.062, 11.34906]},
			"faces": {
				"north": {"uv": [1, 0, 6, 2.666], "texture": "#1"},
				"east": {"uv": [1, 0, 1.99456, 2.666], "texture": "#1"},
				"west": {"uv": [1, 0, 1.99456, 2.666], "texture": "#1"},
				"up": {"uv": [1, 1, 6, 1.99456], "texture": "#1"},
				"down": {"uv": [1, 1, 6, 1.99456], "texture": "#1"}
			}
		},
		{
			"from": [4.72827, 20.75, 9.75],
			"to": [5.22283, 23.416, 10.5],
			"rotation": {"angle": -45, "axis": "y", "origin": [6.61277, 23.062, 11.34906]},
			"faces": {
				"south": {"uv": [1, 0, 1.99456, 2.666], "texture": "#1"},
				"up": {"uv": [1, 1, 4, 1.49456], "rotation": 270, "texture": "#1"},
				"down": {"uv": [1, 1, 1.75, 1.49456], "rotation": 90, "texture": "#1"}
			}
		},
		{
			"from": [5.61549, 20.75, 8.22406],
			"to": [7.61005, 23.416, 10.97406],
			"rotation": {"angle": -22.5, "axis": "y", "origin": [6.61277, 23.062, 11.34906]},
			"faces": {
				"east": {"uv": [1, 0, 3.75, 2.666], "texture": "#1"},
				"west": {"uv": [1, 0, 3.75, 2.666], "texture": "#1"},
				"up": {"uv": [3.75, 2.99456, 1, 1], "rotation": 270, "texture": "#1"},
				"down": {"uv": [3.75, 1, 1, 2.99456], "rotation": 90, "texture": "#1"}
			}
		},
		{
			"from": [8.00272, 20.75, 9.75],
			"to": [8.49728, 23.416, 10.5],
			"rotation": {"angle": 0, "axis": "y", "origin": [6.61277, 23.062, 11.34906]},
			"faces": {
				"south": {"uv": [1, 0, 1.99456, 2.666], "texture": "#1"},
				"up": {"uv": [1, 1, 3, 1.49456], "rotation": 270, "texture": "#1"}
			}
		},
		{
			"from": [8.67875, 18.084, 6.2858],
			"to": [9.67331, 23.416, 11.2858],
			"rotation": {"angle": 22.5, "axis": "y", "origin": [6.61277, 23.062, 11.34906]},
			"faces": {
				"north": {"uv": [1, 0, 1.99456, 5.332], "texture": "#1"},
				"east": {"uv": [1, 0, 6, 5.332], "texture": "#1"},
				"south": {"uv": [1, 0, 1.99456, 5.332], "texture": "#1"},
				"up": {"uv": [1, 1, 6, 1.99456], "rotation": 270, "texture": "#1"},
				"down": {"uv": [1, 1, 6, 1.99456], "rotation": 90, "texture": "#1"}
			}
		},
		{
			"from": [4.11277, 20.75, 7.22678],
			"to": [9.11277, 23.416, 8.22134],
			"rotation": {"angle": -22.5, "axis": "y", "origin": [6.61277, 23.062, 11.34906]},
			"faces": {
				"east": {"uv": [1, 0, 1.99456, 2.666], "texture": "#1"},
				"west": {"uv": [1, 0, 1.99456, 2.666], "texture": "#1"},
				"up": {"uv": [1, 1, 1.99456, 6], "rotation": 270, "texture": "#1"},
				"down": {"uv": [1, 1, 1.99456, 6], "rotation": 90, "texture": "#1"}
			}
		},
		{
			"from": [5.5, 20.75, 7.50272],
			"to": [10.5, 23.416, 8.49728],
			"rotation": {"angle": 0, "axis": "y", "origin": [6.61277, 23.062, 11.34906]},
			"faces": {
				"east": {"uv": [1, 0, 1.99456, 2.666], "texture": "#1"},
				"west": {"uv": [1, 0, 1.99456, 2.666], "texture": "#1"},
				"up": {"uv": [1, 1, 1.99456, 6], "rotation": 270, "texture": "#1"},
				"down": {"uv": [1, 1, 1.99456, 6], "rotation": 90, "texture": "#1"}
			}
		},
		{
			"from": [1.88089, 14.77038, 0.475],
			"to": [3.86911, 15.97038, 5.275],
			"rotation": {"angle": 45, "axis": "y", "origin": [2.875, 12.0206, 2.875]},
			"faces": {
				"north": {"uv": [1, 0, 3.07107, 1.25], "texture": "#6"},
				"south": {"uv": [1, 0, 3.07107, 1.25], "texture": "#6"}
			}
		},
		{
			"from": [1.88089, 14.77038, 0.475],
			"to": [3.86911, 15.97038, 5.275],
			"rotation": {"angle": 0, "axis": "y", "origin": [2.875, 12.0206, 2.875]},
			"faces": {
				"north": {"uv": [1, 0, 3.07107, 1.25], "texture": "#6"},
				"south": {"uv": [1, 0, 3.07107, 1.25], "texture": "#6"}
			}
		},
		{
			"from": [0.475, 14.77038, 1.88089],
			"to": [5.275, 15.97038, 3.86911],
			"rotation": {"angle": 45, "axis": "y", "origin": [2.875, 12.0206, 2.875]},
			"faces": {
				"east": {"uv": [1, 0, 3.07107, 1.25], "texture": "#6"},
				"west": {"uv": [1, 0, 3.07107, 1.25], "texture": "#6"}
			}
		},
		{
			"from": [0.475, 14.77038, 1.88089],
			"to": [5.275, 15.97038, 3.86911],
			"rotation": {"angle": 0, "axis": "y", "origin": [2.875, 12.0206, 2.875]},
			"faces": {
				"east": {"uv": [1, 0, 3.07107, 1.25], "texture": "#6"},
				"west": {"uv": [1, 0, 3.07107, 1.25], "texture": "#6"}
			}
		},
		{
			"from": [-0.965, 13.81095, 1.28442],
			"to": [6.715, 14.77095, 4.46558],
			"rotation": {"angle": -22.5, "axis": "y", "origin": [2.875, 12.0206, 2.875]},
			"faces": {
				"east": {"uv": [1, 0, 4.31371, 1], "texture": "#6"},
				"west": {"uv": [1, 0, 4.31371, 1], "texture": "#6"},
				"up": {"uv": [1, 1, 4.31371, 9], "rotation": 90, "texture": "#6"},
				"down": {"uv": [1, 1, 4.31371, 9], "rotation": 270, "texture": "#6"}
			}
		},
		{
			"from": [1.28442, 13.81095, -0.965],
			"to": [4.46558, 14.77095, 6.715],
			"rotation": {"angle": 22.5, "axis": "y", "origin": [2.875, 12.0206, 2.875]},
			"faces": {
				"north": {"uv": [1, 0, 4.31371, 1], "texture": "#6"},
				"south": {"uv": [1, 0, 4.31371, 1], "texture": "#6"},
				"up": {"uv": [1, 1, 4.31371, 9], "rotation": 180, "texture": "#6"},
				"down": {"uv": [1, 1, 4.31371, 9], "rotation": 180, "texture": "#6"}
			}
		},
		{
			"from": [1.28442, 13.81095, -0.965],
			"to": [4.46558, 14.77095, 6.715],
			"rotation": {"angle": -22.5, "axis": "y", "origin": [2.875, 12.0206, 2.875]},
			"faces": {
				"north": {"uv": [1, 0, 4.31371, 1], "texture": "#6"},
				"south": {"uv": [1, 0, 4.31371, 1], "texture": "#6"},
				"up": {"uv": [1, 1, 9, 4.31371], "rotation": 90, "texture": "#6"},
				"down": {"uv": [1, 1, 9, 4.31371], "rotation": 270, "texture": "#6"}
			}
		},
		{
			"from": [-0.965, 13.81095, 1.28442],
			"to": [6.715, 14.77095, 4.46558],
			"rotation": {"angle": 22.5, "axis": "y", "origin": [2.875, 12.0206, 2.875]},
			"faces": {
				"east": {"uv": [1, 0, 4.31371, 1], "texture": "#6"},
				"west": {"uv": [1, 0, 4.31371, 1], "texture": "#6"},
				"up": {"uv": [1, 1, 9, 4.31371], "rotation": 180, "texture": "#6"},
				"down": {"uv": [1, 1, 9, 4.31371], "rotation": 180, "texture": "#6"}
			}
		},
		{
			"from": [1.58266, 12.17082, -0.245],
			"to": [4.16734, 13.89082, 5.995],
			"rotation": {"angle": 45, "axis": "y", "origin": [2.875, 12.0206, 2.875]},
			"faces": {
				"north": {"uv": [1, 14.28, 3.58468, 16], "texture": "#6"},
				"south": {"uv": [1, 14.28, 3.58468, 16], "texture": "#6"},
				"down": {"uv": [1, 1, 3.69239, 7.5], "rotation": 180, "texture": "#6"}
			}
		},
		{
			"from": [1.58266, 12.17082, -0.245],
			"to": [4.16734, 13.89082, 5.995],
			"rotation": {"angle": 0, "axis": "y", "origin": [2.875, 12.0206, 2.875]},
			"faces": {
				"north": {"uv": [1, 14.28, 3.58468, 16], "texture": "#6"},
				"south": {"uv": [1, 14.28, 3.58468, 16], "texture": "#6"},
				"down": {"uv": [1, 1, 3.69239, 7.5], "rotation": 180, "texture": "#6"}
			}
		},
		{
			"from": [-0.245, 12.17082, 1.58266],
			"to": [5.995, 13.89082, 4.16734],
			"rotation": {"angle": 45, "axis": "y", "origin": [2.875, 12.0206, 2.875]},
			"faces": {
				"east": {"uv": [1, 14.28, 3.58468, 16], "texture": "#6"},
				"west": {"uv": [1, 14.28, 3.58468, 16], "texture": "#6"},
				"down": {"uv": [1, 1, 7.5, 3.69239], "rotation": 180, "texture": "#6"}
			}
		},
		{
			"from": [-0.245, 12.17082, 1.58266],
			"to": [5.995, 13.89082, 4.16734],
			"rotation": {"angle": 0, "axis": "y", "origin": [2.875, 12.0206, 2.875]},
			"faces": {
				"east": {"uv": [1, 14.28, 3.58468, 16], "texture": "#6"},
				"west": {"uv": [1, 14.28, 3.58468, 16], "texture": "#6"},
				"down": {"uv": [1, 1, 7.5, 3.69239], "rotation": 180, "texture": "#6"}
			}
		},
		{
			"from": [1.58266, 3.92082, -0.245],
			"to": [4.16734, 5.14082, 5.995],
			"rotation": {"angle": 45, "axis": "y", "origin": [2.875, 3.2706, 2.875]},
			"faces": {
				"north": {"uv": [2, 0, 2.625, 0.25], "texture": "#4"},
				"south": {"uv": [2, 0.5, 2.625, 0.75], "texture": "#4"},
				"down": {"uv": [0.625, 0, 0, 1.5], "texture": "#4"}
			}
		},
		{
			"from": [1.58266, 3.92082, -0.245],
			"to": [4.16734, 5.14082, 5.995],
			"rotation": {"angle": 0, "axis": "y", "origin": [2.875, 3.2706, 2.875]},
			"faces": {
				"north": {"uv": [2, 1, 2.625, 1.25], "texture": "#4"},
				"south": {"uv": [5.5, 7.5, 6.125, 7.75], "texture": "#4"},
				"down": {"uv": [1.625, 0, 1, 1.5], "texture": "#4"}
			}
		},
		{
			"from": [-0.245, 3.92082, 1.58266],
			"to": [5.995, 5.14082, 4.16734],
			"rotation": {"angle": 45, "axis": "y", "origin": [2.875, 3.2706, 2.875]},
			"faces": {
				"east": {"uv": [7.5, 6.25, 8.125, 6.5], "texture": "#4"},
				"west": {"uv": [6.5, 7.5, 7.125, 7.75], "texture": "#4"},
				"down": {"uv": [1.5, 1.75, 0, 2.375], "texture": "#4"}
			}
		},
		{
			"from": [-0.245, 3.92082, 1.58266],
			"to": [5.995, 5.14082, 4.16734],
			"rotation": {"angle": 0, "axis": "y", "origin": [2.875, 3.2706, 2.875]},
			"faces": {
				"east": {"uv": [7.5, 6.75, 8.125, 7], "texture": "#4"},
				"west": {"uv": [7.5, 7.25, 8.125, 7.5], "texture": "#4"},
				"down": {"uv": [3.25, 1.75, 1.75, 2.375], "texture": "#4"}
			}
		},
		{
			"from": [2.0157, 5.13082, -1.445],
			"to": [3.7343, 12.21082, 7.195],
			"rotation": {"angle": -22.5, "axis": "y", "origin": [2.875, 12.0206, 2.875]},
			"faces": {
				"north": {"uv": [3.75, 5, 4.125, 6.75], "texture": "#4"},
				"south": {"uv": [2.5, 5.25, 2.875, 7], "texture": "#4"},
				"up": {"uv": [0.375, 4.875, 0, 2.75], "texture": "#4"},
				"down": {"uv": [1.125, 2.75, 0.75, 4.875], "texture": "#4"}
			}
		},
		{
			"from": [2.0157, 5.13082, -1.445],
			"to": [3.7343, 12.21082, 7.195],
			"rotation": {"angle": 0, "axis": "y", "origin": [2.875, 12.0206, 2.875]},
			"faces": {
				"north": {"uv": [4.5, 5.5, 4.875, 7.25], "texture": "#4"},
				"south": {"uv": [5.25, 5.5, 5.625, 7.25], "texture": "#4"},
				"up": {"uv": [1.875, 4.875, 1.5, 2.75], "texture": "#4"},
				"down": {"uv": [2.625, 2.75, 2.25, 4.875], "texture": "#4"}
			}
		},
		{
			"from": [2.0157, 5.13082, -1.445],
			"to": [3.7343, 12.21082, 7.195],
			"rotation": {"angle": 22.5, "axis": "y", "origin": [2.875, 12.0206, 2.875]},
			"faces": {
				"north": {"uv": [0, 6, 0.375, 7.75], "texture": "#4"},
				"south": {"uv": [0.75, 6, 1.125, 7.75], "texture": "#4"},
				"up": {"uv": [3.375, 4.875, 3, 2.75], "texture": "#4"},
				"down": {"uv": [3.875, 0, 3.5, 2.125], "texture": "#4"}
			}
		},
		{
			"from": [2.0157, 5.13082, -1.445],
			"to": [3.7343, 12.21082, 7.195],
			"rotation": {"angle": 45, "axis": "y", "origin": [2.875, 12.0206, 2.875]},
			"faces": {
				"north": {"uv": [1.5, 6, 1.875, 7.75], "texture": "#4"},
				"south": {"uv": [6, 5.5, 6.375, 7.25], "texture": "#4"},
				"up": {"uv": [4.125, 4.625, 3.75, 2.5], "texture": "#4"},
				"down": {"uv": [4.625, 0, 4.25, 2.125], "texture": "#4"}
			}
		},
		{
			"from": [-1.445, 5.13082, 2.0157],
			"to": [7.195, 12.21082, 3.7343],
			"rotation": {"angle": -22.5, "axis": "y", "origin": [2.875, 12.0206, 2.875]},
			"faces": {
				"east": {"uv": [6.75, 5.5, 7.125, 7.25], "texture": "#4"},
				"west": {"uv": [7, 2.25, 7.375, 4], "texture": "#4"},
				"up": {"uv": [6.625, 2.875, 4.5, 2.5], "texture": "#4"},
				"down": {"uv": [6.625, 3.25, 4.5, 3.625], "texture": "#4"}
			}
		},
		{
			"from": [-1.445, 5.13082, 2.0157],
			"to": [7.195, 12.21082, 3.7343],
			"rotation": {"angle": 0, "axis": "y", "origin": [2.875, 12.0206, 2.875]},
			"faces": {
				"east": {"uv": [3.25, 7, 3.625, 8.75], "texture": "#4"},
				"west": {"uv": [2.25, 7.25, 2.625, 9], "texture": "#4"},
				"up": {"uv": [6.625, 4.375, 4.5, 4], "texture": "#4"},
				"down": {"uv": [6.625, 4.75, 4.5, 5.125], "texture": "#4"}
			}
		},
		{
			"from": [-1.445, 5.13082, 2.0157],
			"to": [7.195, 12.21082, 3.7343],
			"rotation": {"angle": 22.5, "axis": "y", "origin": [2.875, 12.0206, 2.875]},
			"faces": {
				"east": {"uv": [7.5, 0, 7.875, 1.75], "texture": "#4"},
				"west": {"uv": [4, 7.5, 4.375, 9.25], "texture": "#4"},
				"up": {"uv": [7.125, 0.375, 5, 0], "texture": "#4"},
				"down": {"uv": [7.125, 0.75, 5, 1.125], "texture": "#4"}
			}
		},
		{
			"from": [-1.445, 5.13082, 2.0157],
			"to": [7.195, 12.21082, 3.7343],
			"rotation": {"angle": 45, "axis": "y", "origin": [2.875, 12.0206, 2.875]},
			"faces": {
				"east": {"uv": [7.5, 4.25, 7.875, 6], "texture": "#4"},
				"west": {"uv": [4.75, 7.5, 5.125, 9.25], "texture": "#4"},
				"up": {"uv": [7.125, 1.875, 5, 1.5], "texture": "#4"},
				"down": {"uv": [2.125, 5.25, 0, 5.625], "texture": "#4"}
			}
		},
		{
			"from": [14.25589, 17.27038, 5.6],
			"to": [16.24411, 18.47038, 10.4],
			"rotation": {"angle": 45, "axis": "y", "origin": [15.25, 14.5206, 8]},
			"faces": {
				"north": {"uv": [1, 0, 3.07107, 1.25], "texture": "#6"},
				"south": {"uv": [1, 0, 3.07107, 1.25], "texture": "#6"}
			}
		},
		{
			"from": [14.25589, 17.27038, 5.6],
			"to": [16.24411, 18.47038, 10.4],
			"rotation": {"angle": 0, "axis": "y", "origin": [15.25, 14.5206, 8]},
			"faces": {
				"north": {"uv": [1, 0, 3.07107, 1.25], "texture": "#6"},
				"south": {"uv": [1, 0, 3.07107, 1.25], "texture": "#6"}
			}
		},
		{
			"from": [12.85, 17.27038, 7.00589],
			"to": [17.65, 18.47038, 8.99411],
			"rotation": {"angle": 45, "axis": "y", "origin": [15.25, 14.5206, 8]},
			"faces": {
				"east": {"uv": [1, 0, 3.07107, 1.25], "texture": "#6"},
				"west": {"uv": [1, 0, 3.07107, 1.25], "texture": "#6"}
			}
		},
		{
			"from": [12.85, 17.27038, 7.00589],
			"to": [17.65, 18.47038, 8.99411],
			"rotation": {"angle": 0, "axis": "y", "origin": [15.25, 14.5206, 8]},
			"faces": {
				"east": {"uv": [1, 0, 3.07107, 1.25], "texture": "#6"},
				"west": {"uv": [1, 0, 3.07107, 1.25], "texture": "#6"}
			}
		},
		{
			"from": [11.41, 16.31095, 6.40942],
			"to": [19.09, 17.27095, 9.59058],
			"rotation": {"angle": -22.5, "axis": "y", "origin": [15.25, 14.5206, 8]},
			"faces": {
				"east": {"uv": [1, 0, 4.31371, 1], "texture": "#6"},
				"west": {"uv": [1, 0, 4.31371, 1], "texture": "#6"},
				"up": {"uv": [1, 1, 4.31371, 9], "rotation": 90, "texture": "#6"},
				"down": {"uv": [1, 1, 4.31371, 9], "rotation": 270, "texture": "#6"}
			}
		},
		{
			"from": [13.65942, 16.31095, 4.16],
			"to": [16.84058, 17.27095, 11.84],
			"rotation": {"angle": 22.5, "axis": "y", "origin": [15.25, 14.5206, 8]},
			"faces": {
				"north": {"uv": [1, 0, 4.31371, 1], "texture": "#6"},
				"south": {"uv": [1, 0, 4.31371, 1], "texture": "#6"},
				"up": {"uv": [1, 1, 4.31371, 9], "rotation": 180, "texture": "#6"},
				"down": {"uv": [1, 1, 4.31371, 9], "rotation": 180, "texture": "#6"}
			}
		},
		{
			"from": [13.65942, 16.31095, 4.16],
			"to": [16.84058, 17.27095, 11.84],
			"rotation": {"angle": -22.5, "axis": "y", "origin": [15.25, 14.5206, 8]},
			"faces": {
				"north": {"uv": [1, 0, 4.31371, 1], "texture": "#6"},
				"south": {"uv": [1, 0, 4.31371, 1], "texture": "#6"},
				"up": {"uv": [1, 1, 9, 4.31371], "rotation": 90, "texture": "#6"},
				"down": {"uv": [1, 1, 9, 4.31371], "rotation": 270, "texture": "#6"}
			}
		},
		{
			"from": [11.41, 16.31095, 6.40942],
			"to": [19.09, 17.27095, 9.59058],
			"rotation": {"angle": 22.5, "axis": "y", "origin": [15.25, 14.5206, 8]},
			"faces": {
				"east": {"uv": [1, 0, 4.31371, 1], "texture": "#6"},
				"west": {"uv": [1, 0, 4.31371, 1], "texture": "#6"},
				"up": {"uv": [1, 1, 9, 4.31371], "rotation": 180, "texture": "#6"},
				"down": {"uv": [1, 1, 9, 4.31371], "rotation": 180, "texture": "#6"}
			}
		},
		{
			"from": [13.95766, 14.67082, 4.88],
			"to": [16.54234, 16.39082, 11.12],
			"rotation": {"angle": 45, "axis": "y", "origin": [15.25, 14.5206, 8]},
			"faces": {
				"north": {"uv": [1, 14.28, 3.58468, 16], "texture": "#6"},
				"south": {"uv": [1, 14.28, 3.58468, 16], "texture": "#6"},
				"down": {"uv": [1, 1, 3.69239, 7.5], "rotation": 180, "texture": "#6"}
			}
		},
		{
			"from": [13.95766, 14.67082, 4.88],
			"to": [16.54234, 16.39082, 11.12],
			"rotation": {"angle": 0, "axis": "y", "origin": [15.25, 14.5206, 8]},
			"faces": {
				"north": {"uv": [1, 14.28, 3.58468, 16], "texture": "#6"},
				"south": {"uv": [1, 14.28, 3.58468, 16], "texture": "#6"},
				"down": {"uv": [1, 1, 3.69239, 7.5], "rotation": 180, "texture": "#6"}
			}
		},
		{
			"from": [12.13, 14.67082, 6.70766],
			"to": [18.37, 16.39082, 9.29234],
			"rotation": {"angle": 45, "axis": "y", "origin": [15.25, 14.5206, 8]},
			"faces": {
				"east": {"uv": [1, 14.28, 3.58468, 16], "texture": "#6"},
				"west": {"uv": [1, 14.28, 3.58468, 16], "texture": "#6"},
				"down": {"uv": [1, 1, 7.5, 3.69239], "rotation": 180, "texture": "#6"}
			}
		},
		{
			"from": [12.13, 14.67082, 6.70766],
			"to": [18.37, 16.39082, 9.29234],
			"rotation": {"angle": 0, "axis": "y", "origin": [15.25, 14.5206, 8]},
			"faces": {
				"east": {"uv": [1, 14.28, 3.58468, 16], "texture": "#6"},
				"west": {"uv": [1, 14.28, 3.58468, 16], "texture": "#6"},
				"down": {"uv": [1, 1, 7.5, 3.69239], "rotation": 180, "texture": "#6"}
			}
		},
		{
			"from": [13.95765, 6.42082, 4.88],
			"to": [16.54234, 7.64082, 11.12],
			"rotation": {"angle": 45, "axis": "y", "origin": [15.24999, 5.7706, 8]},
			"faces": {
				"north": {"uv": [2, 0, 2.625, 0.25], "texture": "#4"},
				"south": {"uv": [2, 0.5, 2.625, 0.75], "texture": "#4"},
				"down": {"uv": [0.625, 0, 0, 1.5], "texture": "#4"}
			}
		},
		{
			"from": [13.95765, 6.42082, 4.88],
			"to": [16.54234, 7.64082, 11.12],
			"rotation": {"angle": 0, "axis": "y", "origin": [15.24999, 5.7706, 8]},
			"faces": {
				"north": {"uv": [2, 1, 2.625, 1.25], "texture": "#4"},
				"south": {"uv": [5.5, 7.5, 6.125, 7.75], "texture": "#4"},
				"down": {"uv": [1.625, 0, 1, 1.5], "texture": "#4"}
			}
		},
		{
			"from": [12.12999, 6.42082, 6.70765],
			"to": [18.36999, 7.64082, 9.29234],
			"rotation": {"angle": 45, "axis": "y", "origin": [15.24999, 5.7706, 8]},
			"faces": {
				"east": {"uv": [7.5, 6.25, 8.125, 6.5], "texture": "#4"},
				"west": {"uv": [6.5, 7.5, 7.125, 7.75], "texture": "#4"},
				"down": {"uv": [1.5, 1.75, 0, 2.375], "texture": "#4"}
			}
		},
		{
			"from": [12.12999, 6.42082, 6.70765],
			"to": [18.36999, 7.64082, 9.29234],
			"rotation": {"angle": 0, "axis": "y", "origin": [15.24999, 5.7706, 8]},
			"faces": {
				"east": {"uv": [7.5, 6.75, 8.125, 7], "texture": "#4"},
				"west": {"uv": [7.5, 7.25, 8.125, 7.5], "texture": "#4"},
				"down": {"uv": [3.25, 1.75, 1.75, 2.375], "texture": "#4"}
			}
		},
		{
			"from": [14.3907, 7.63082, 3.68],
			"to": [16.1093, 14.71082, 12.32],
			"rotation": {"angle": -22.5, "axis": "y", "origin": [15.25, 14.5206, 8]},
			"faces": {
				"north": {"uv": [3.75, 5, 4.125, 6.75], "texture": "#4"},
				"south": {"uv": [2.5, 5.25, 2.875, 7], "texture": "#4"},
				"up": {"uv": [0.375, 4.875, 0, 2.75], "texture": "#4"},
				"down": {"uv": [1.125, 2.75, 0.75, 4.875], "texture": "#4"}
			}
		},
		{
			"from": [14.3907, 7.63082, 3.68],
			"to": [16.1093, 14.71082, 12.32],
			"rotation": {"angle": 0, "axis": "y", "origin": [15.25, 14.5206, 8]},
			"faces": {
				"north": {"uv": [4.5, 5.5, 4.875, 7.25], "texture": "#4"},
				"south": {"uv": [5.25, 5.5, 5.625, 7.25], "texture": "#4"},
				"up": {"uv": [1.875, 4.875, 1.5, 2.75], "texture": "#4"},
				"down": {"uv": [2.625, 2.75, 2.25, 4.875], "texture": "#4"}
			}
		},
		{
			"from": [14.3907, 7.63082, 3.68],
			"to": [16.1093, 14.71082, 12.32],
			"rotation": {"angle": 22.5, "axis": "y", "origin": [15.25, 14.5206, 8]},
			"faces": {
				"north": {"uv": [0, 6, 0.375, 7.75], "texture": "#4"},
				"south": {"uv": [0.75, 6, 1.125, 7.75], "texture": "#4"},
				"up": {"uv": [3.375, 4.875, 3, 2.75], "texture": "#4"},
				"down": {"uv": [3.875, 0, 3.5, 2.125], "texture": "#4"}
			}
		},
		{
			"from": [14.3907, 7.63082, 3.68],
			"to": [16.1093, 14.71082, 12.32],
			"rotation": {"angle": 45, "axis": "y", "origin": [15.25, 14.5206, 8]},
			"faces": {
				"north": {"uv": [1.5, 6, 1.875, 7.75], "texture": "#4"},
				"south": {"uv": [6, 5.5, 6.375, 7.25], "texture": "#4"},
				"up": {"uv": [4.125, 4.625, 3.75, 2.5], "texture": "#4"},
				"down": {"uv": [4.625, 0, 4.25, 2.125], "texture": "#4"}
			}
		},
		{
			"from": [10.93, 7.63082, 7.1407],
			"to": [19.57, 14.71082, 8.8593],
			"rotation": {"angle": -22.5, "axis": "y", "origin": [15.25, 14.5206, 8]},
			"faces": {
				"east": {"uv": [6.75, 5.5, 7.125, 7.25], "texture": "#4"},
				"west": {"uv": [7, 2.25, 7.375, 4], "texture": "#4"},
				"up": {"uv": [6.625, 2.875, 4.5, 2.5], "texture": "#4"},
				"down": {"uv": [6.625, 3.25, 4.5, 3.625], "texture": "#4"}
			}
		},
		{
			"from": [10.93, 7.63082, 7.1407],
			"to": [19.57, 14.71082, 8.8593],
			"rotation": {"angle": 0, "axis": "y", "origin": [15.25, 14.5206, 8]},
			"faces": {
				"east": {"uv": [3.25, 7, 3.625, 8.75], "texture": "#4"},
				"west": {"uv": [2.25, 7.25, 2.625, 9], "texture": "#4"},
				"up": {"uv": [6.625, 4.375, 4.5, 4], "texture": "#4"},
				"down": {"uv": [6.625, 4.75, 4.5, 5.125], "texture": "#4"}
			}
		},
		{
			"from": [10.93, 7.63082, 7.1407],
			"to": [19.57, 14.71082, 8.8593],
			"rotation": {"angle": 22.5, "axis": "y", "origin": [15.25, 14.5206, 8]},
			"faces": {
				"east": {"uv": [7.5, 0, 7.875, 1.75], "texture": "#4"},
				"west": {"uv": [4, 7.5, 4.375, 9.25], "texture": "#4"},
				"up": {"uv": [7.125, 0.375, 5, 0], "texture": "#4"},
				"down": {"uv": [7.125, 0.75, 5, 1.125], "texture": "#4"}
			}
		},
		{
			"from": [10.93, 7.63082, 7.1407],
			"to": [19.57, 14.71082, 8.8593],
			"rotation": {"angle": 45, "axis": "y", "origin": [15.25, 14.5206, 8]},
			"faces": {
				"east": {"uv": [7.5, 4.25, 7.875, 6], "texture": "#4"},
				"west": {"uv": [4.75, 7.5, 5.125, 9.25], "texture": "#4"},
				"up": {"uv": [7.125, 1.875, 5, 1.5], "texture": "#4"},
				"down": {"uv": [2.125, 5.25, 0, 5.625], "texture": "#4"}
			}
		},
		{
			"from": [4.25589, 20.02038, 12.35],
			"to": [6.24411, 21.22038, 17.15],
			"rotation": {"angle": 45, "axis": "y", "origin": [5.25, 17.2706, 14.75]},
			"faces": {
				"north": {"uv": [1, 0, 3.07107, 1.25], "texture": "#6"},
				"south": {"uv": [1, 0, 3.07107, 1.25], "texture": "#6"}
			}
		},
		{
			"from": [4.25589, 20.02038, 12.35],
			"to": [6.24411, 21.22038, 17.15],
			"rotation": {"angle": 0, "axis": "y", "origin": [5.25, 17.2706, 14.75]},
			"faces": {
				"north": {"uv": [1, 0, 3.07107, 1.25], "texture": "#6"},
				"south": {"uv": [1, 0, 3.07107, 1.25], "texture": "#6"}
			}
		},
		{
			"from": [2.85, 20.02038, 13.75589],
			"to": [7.65, 21.22038, 15.74411],
			"rotation": {"angle": 45, "axis": "y", "origin": [5.25, 17.2706, 14.75]},
			"faces": {
				"east": {"uv": [1, 0, 3.07107, 1.25], "texture": "#6"},
				"west": {"uv": [1, 0, 3.07107, 1.25], "texture": "#6"}
			}
		},
		{
			"from": [2.85, 20.02038, 13.75589],
			"to": [7.65, 21.22038, 15.74411],
			"rotation": {"angle": 0, "axis": "y", "origin": [5.25, 17.2706, 14.75]},
			"faces": {
				"east": {"uv": [1, 0, 3.07107, 1.25], "texture": "#6"},
				"west": {"uv": [1, 0, 3.07107, 1.25], "texture": "#6"}
			}
		},
		{
			"from": [1.41, 19.06095, 13.15942],
			"to": [9.09, 20.02095, 16.34058],
			"rotation": {"angle": -22.5, "axis": "y", "origin": [5.25, 17.2706, 14.75]},
			"faces": {
				"east": {"uv": [1, 0, 4.31371, 1], "texture": "#6"},
				"west": {"uv": [1, 0, 4.31371, 1], "texture": "#6"},
				"up": {"uv": [1, 1, 4.31371, 9], "rotation": 90, "texture": "#6"},
				"down": {"uv": [1, 1, 4.31371, 9], "rotation": 270, "texture": "#6"}
			}
		},
		{
			"from": [3.65942, 19.06095, 10.91],
			"to": [6.84058, 20.02095, 18.59],
			"rotation": {"angle": 22.5, "axis": "y", "origin": [5.25, 17.2706, 14.75]},
			"faces": {
				"north": {"uv": [1, 0, 4.31371, 1], "texture": "#6"},
				"south": {"uv": [1, 0, 4.31371, 1], "texture": "#6"},
				"up": {"uv": [1, 1, 4.31371, 9], "rotation": 180, "texture": "#6"},
				"down": {"uv": [1, 1, 4.31371, 9], "rotation": 180, "texture": "#6"}
			}
		},
		{
			"from": [3.65942, 19.06095, 10.91],
			"to": [6.84058, 20.02095, 18.59],
			"rotation": {"angle": -22.5, "axis": "y", "origin": [5.25, 17.2706, 14.75]},
			"faces": {
				"north": {"uv": [1, 0, 4.31371, 1], "texture": "#6"},
				"south": {"uv": [1, 0, 4.31371, 1], "texture": "#6"},
				"up": {"uv": [1, 1, 9, 4.31371], "rotation": 90, "texture": "#6"},
				"down": {"uv": [1, 1, 9, 4.31371], "rotation": 270, "texture": "#6"}
			}
		},
		{
			"from": [1.41, 19.06095, 13.15942],
			"to": [9.09, 20.02095, 16.34058],
			"rotation": {"angle": 22.5, "axis": "y", "origin": [5.25, 17.2706, 14.75]},
			"faces": {
				"east": {"uv": [1, 0, 4.31371, 1], "texture": "#6"},
				"west": {"uv": [1, 0, 4.31371, 1], "texture": "#6"},
				"up": {"uv": [1, 1, 9, 4.31371], "rotation": 180, "texture": "#6"},
				"down": {"uv": [1, 1, 9, 4.31371], "rotation": 180, "texture": "#6"}
			}
		},
		{
			"from": [3.95766, 17.42082, 11.63],
			"to": [6.54234, 19.14082, 17.87],
			"rotation": {"angle": 45, "axis": "y", "origin": [5.25, 17.2706, 14.75]},
			"faces": {
				"north": {"uv": [1, 14.28, 3.58468, 16], "texture": "#6"},
				"south": {"uv": [1, 14.28, 3.58468, 16], "texture": "#6"},
				"down": {"uv": [1, 1, 3.69239, 7.5], "rotation": 180, "texture": "#6"}
			}
		},
		{
			"from": [3.95766, 17.42082, 11.63],
			"to": [6.54234, 19.14082, 17.87],
			"rotation": {"angle": 0, "axis": "y", "origin": [5.25, 17.2706, 14.75]},
			"faces": {
				"north": {"uv": [1, 14.28, 3.58468, 16], "texture": "#6"},
				"south": {"uv": [1, 14.28, 3.58468, 16], "texture": "#6"},
				"down": {"uv": [1, 1, 3.69239, 7.5], "rotation": 180, "texture": "#6"}
			}
		},
		{
			"from": [2.13, 17.42082, 13.45766],
			"to": [8.37, 19.14082, 16.04234],
			"rotation": {"angle": 45, "axis": "y", "origin": [5.25, 17.2706, 14.75]},
			"faces": {
				"east": {"uv": [1, 14.28, 3.58468, 16], "texture": "#6"},
				"west": {"uv": [1, 14.28, 3.58468, 16], "texture": "#6"},
				"down": {"uv": [1, 1, 7.5, 3.69239], "rotation": 180, "texture": "#6"}
			}
		},
		{
			"from": [2.13, 17.42082, 13.45766],
			"to": [8.37, 19.14082, 16.04234],
			"rotation": {"angle": 0, "axis": "y", "origin": [5.25, 17.2706, 14.75]},
			"faces": {
				"east": {"uv": [1, 14.28, 3.58468, 16], "texture": "#6"},
				"west": {"uv": [1, 14.28, 3.58468, 16], "texture": "#6"},
				"down": {"uv": [1, 1, 7.5, 3.69239], "rotation": 180, "texture": "#6"}
			}
		},
		{
			"from": [3.95766, 9.17082, 11.63],
			"to": [6.54234, 10.39082, 17.87],
			"rotation": {"angle": 45, "axis": "y", "origin": [5.25, 8.5206, 14.75]},
			"faces": {
				"north": {"uv": [2, 0, 2.625, 0.25], "texture": "#4"},
				"south": {"uv": [2, 0.5, 2.625, 0.75], "texture": "#4"},
				"down": {"uv": [0.625, 0, 0, 1.5], "texture": "#4"}
			}
		},
		{
			"from": [3.95766, 9.17082, 11.63],
			"to": [6.54234, 10.39082, 17.87],
			"rotation": {"angle": 0, "axis": "y", "origin": [5.25, 8.5206, 14.75]},
			"faces": {
				"north": {"uv": [2, 1, 2.625, 1.25], "texture": "#4"},
				"south": {"uv": [5.5, 7.5, 6.125, 7.75], "texture": "#4"},
				"down": {"uv": [1.625, 0, 1, 1.5], "texture": "#4"}
			}
		},
		{
			"from": [2.13, 9.17082, 13.45766],
			"to": [8.37, 10.39082, 16.04234],
			"rotation": {"angle": 45, "axis": "y", "origin": [5.25, 8.5206, 14.75]},
			"faces": {
				"east": {"uv": [7.5, 6.25, 8.125, 6.5], "texture": "#4"},
				"west": {"uv": [6.5, 7.5, 7.125, 7.75], "texture": "#4"},
				"down": {"uv": [1.5, 1.75, 0, 2.375], "texture": "#4"}
			}
		},
		{
			"from": [2.13, 9.17082, 13.45766],
			"to": [8.37, 10.39082, 16.04234],
			"rotation": {"angle": 0, "axis": "y", "origin": [5.25, 8.5206, 14.75]},
			"faces": {
				"east": {"uv": [7.5, 6.75, 8.125, 7], "texture": "#4"},
				"west": {"uv": [7.5, 7.25, 8.125, 7.5], "texture": "#4"},
				"down": {"uv": [3.25, 1.75, 1.75, 2.375], "texture": "#4"}
			}
		},
		{
			"from": [4.3907, 10.38082, 10.43],
			"to": [6.1093, 17.46082, 19.07],
			"rotation": {"angle": -22.5, "axis": "y", "origin": [5.25, 17.2706, 14.75]},
			"faces": {
				"north": {"uv": [3.75, 5, 4.125, 6.75], "texture": "#4"},
				"south": {"uv": [2.5, 5.25, 2.875, 7], "texture": "#4"},
				"up": {"uv": [0.375, 4.875, 0, 2.75], "texture": "#4"},
				"down": {"uv": [1.125, 2.75, 0.75, 4.875], "texture": "#4"}
			}
		},
		{
			"from": [4.3907, 10.38082, 10.43],
			"to": [6.1093, 17.46082, 19.07],
			"rotation": {"angle": 0, "axis": "y", "origin": [5.25, 17.2706, 14.75]},
			"faces": {
				"north": {"uv": [4.5, 5.5, 4.875, 7.25], "texture": "#4"},
				"south": {"uv": [5.25, 5.5, 5.625, 7.25], "texture": "#4"},
				"up": {"uv": [1.875, 4.875, 1.5, 2.75], "texture": "#4"},
				"down": {"uv": [2.625, 2.75, 2.25, 4.875], "texture": "#4"}
			}
		},
		{
			"from": [4.3907, 10.38082, 10.43],
			"to": [6.1093, 17.46082, 19.07],
			"rotation": {"angle": 22.5, "axis": "y", "origin": [5.25, 17.2706, 14.75]},
			"faces": {
				"north": {"uv": [0, 6, 0.375, 7.75], "texture": "#4"},
				"south": {"uv": [0.75, 6, 1.125, 7.75], "texture": "#4"},
				"up": {"uv": [3.375, 4.875, 3, 2.75], "texture": "#4"},
				"down": {"uv": [3.875, 0, 3.5, 2.125], "texture": "#4"}
			}
		},
		{
			"from": [4.3907, 10.38082, 10.43],
			"to": [6.1093, 17.46082, 19.07],
			"rotation": {"angle": 45, "axis": "y", "origin": [5.25, 17.2706, 14.75]},
			"faces": {
				"north": {"uv": [1.5, 6, 1.875, 7.75], "texture": "#4"},
				"south": {"uv": [6, 5.5, 6.375, 7.25], "texture": "#4"},
				"up": {"uv": [4.125, 4.625, 3.75, 2.5], "texture": "#4"},
				"down": {"uv": [4.625, 0, 4.25, 2.125], "texture": "#4"}
			}
		},
		{
			"from": [0.93, 10.38082, 13.8907],
			"to": [9.57, 17.46082, 15.6093],
			"rotation": {"angle": -22.5, "axis": "y", "origin": [5.25, 17.2706, 14.75]},
			"faces": {
				"east": {"uv": [6.75, 5.5, 7.125, 7.25], "texture": "#4"},
				"west": {"uv": [7, 2.25, 7.375, 4], "texture": "#4"},
				"up": {"uv": [6.625, 2.875, 4.5, 2.5], "texture": "#4"},
				"down": {"uv": [6.625, 3.25, 4.5, 3.625], "texture": "#4"}
			}
		},
		{
			"from": [0.93, 10.38082, 13.8907],
			"to": [9.57, 17.46082, 15.6093],
			"rotation": {"angle": 0, "axis": "y", "origin": [5.25, 17.2706, 14.75]},
			"faces": {
				"east": {"uv": [3.25, 7, 3.625, 8.75], "texture": "#4"},
				"west": {"uv": [2.25, 7.25, 2.625, 9], "texture": "#4"},
				"up": {"uv": [6.625, 4.375, 4.5, 4], "texture": "#4"},
				"down": {"uv": [6.625, 4.75, 4.5, 5.125], "texture": "#4"}
			}
		},
		{
			"from": [0.93, 10.38082, 13.8907],
			"to": [9.57, 17.46082, 15.6093],
			"rotation": {"angle": 22.5, "axis": "y", "origin": [5.25, 17.2706, 14.75]},
			"faces": {
				"east": {"uv": [7.5, 0, 7.875, 1.75], "texture": "#4"},
				"west": {"uv": [4, 7.5, 4.375, 9.25], "texture": "#4"},
				"up": {"uv": [7.125, 0.375, 5, 0], "texture": "#4"},
				"down": {"uv": [7.125, 0.75, 5, 1.125], "texture": "#4"}
			}
		},
		{
			"from": [0.93, 10.38082, 13.8907],
			"to": [9.57, 17.46082, 15.6093],
			"rotation": {"angle": 45, "axis": "y", "origin": [5.25, 17.2706, 14.75]},
			"faces": {
				"east": {"uv": [7.5, 4.25, 7.875, 6], "texture": "#4"},
				"west": {"uv": [4.75, 7.5, 5.125, 9.25], "texture": "#4"},
				"up": {"uv": [7.125, 1.875, 5, 1.5], "texture": "#4"},
				"down": {"uv": [2.125, 5.25, 0, 5.625], "texture": "#4"}
			}
		}
	],
	"display": {
		"thirdperson_righthand": {
			"rotation": [75, 45, 0],
			"translation": [0, 2.5, 0],
			"scale": [0.375, 0.375, 0.375]
		},
		"thirdperson_lefthand": {
			"rotation": [75, 45, 0],
			"translation": [0, 2.5, 0],
			"scale": [0.375, 0.375, 0.375]
		},
		"firstperson_righthand": {
			"rotation": [0, 45, 0],
			"scale": [0.4, 0.4, 0.4]
		},
		"firstperson_lefthand": {
			"rotation": [0, 225, 0],
			"scale": [0.4, 0.4, 0.4]
		},
		"ground": {
			"translation": [0, 3, 0],
			"scale": [0.25, 0.25, 0.25]
		},
		"gui": {
			"rotation": [30, 225, 0],
			"scale": [0.625, 0.625, 0.625]
		},
		"head": {
			"translation": [0, 14.75, 0]
		},
		"fixed": {
			"scale": [0.5, 0.5, 0.5]
		}
	},
	"groups": [
		{
			"name": "round_plate2x2_simple",
			"origin": [8, 8, 8],
			"color": 0,
			"children": [
				{
					"name": "round_brick",
					"origin": [8, 8, 8],
					"color": 0,
					"children": [0, 1, 2, 3, 4, 5, 6, 7, 8, 9, 10, 11, 12, 13, 14, 15, 16, 17, 18]
				},
				{
					"name": "circle_bottom",
					"origin": [8, 8, 8],
					"color": 0,
					"children": [19, 20, 21, 22, 23, 24, 25, 26]
				},
				{
					"name": ".studs_simple",
					"origin": [8, 8, 8],
					"color": 0,
					"children": [
						{
							"name": "stud",
							"origin": [8, 8, 8],
							"color": 0,
							"children": [27, 28, 29, 30]
						},
						{
							"name": "stud",
							"origin": [8, 8, 8],
							"color": 0,
							"children": [31, 32, 33, 34]
						},
						{
							"name": "stud",
							"origin": [8, 8, 8],
							"color": 0,
							"children": [35, 36, 37, 38]
						},
						{
							"name": "stud",
							"origin": [8, 8, 8],
							"color": 0,
							"children": [39, 40, 41, 42]
						}
					]
				}
			]
		},
		{
			"name": "small_round1x1_simple",
			"origin": [8, 8, 8],
			"color": 0,
			"children": [
				{
					"name": "top",
					"origin": [8, 8, 8],
					"color": 0,
					"children": [43, 44, 45, 46]
				},
				{
					"name": "center",
					"origin": [8, 8, 8],
					"color": 0,
					"children": [47, 48, 49, 50]
				},
				{
					"name": "bottom",
					"origin": [8, 8, 8],
					"color": 0,
					"children": [51, 52, 53, 54]
				}
			]
		},
		{
			"name": "rod",
			"origin": [8, 8, 8],
			"color": 0,
			"children": [55, 56, 57, 58]
		},
		{
			"name": "grabber_sidewards1x1",
			"origin": [8, 8, 8],
			"color": 0,
			"children": [
				59,
				{
					"name": "stud",
					"origin": [8, 8, 8],
					"color": 0,
					"children": [60, 61, 62, 63]
				},
				{
					"name": "grabber",
					"origin": [8, 8, 8],
					"color": 0,
					"children": [64, 65, 66, 67, 68, 69]
				}
			]
		},
		{
			"name": "grabber_sidewards1x1",
			"origin": [8, 8, 8],
			"color": 0,
			"children": [
				70,
				{
					"name": "stud",
					"origin": [8, 8, 8],
					"color": 0,
					"children": [71, 72, 73, 74]
				},
				{
					"name": "grabber",
					"origin": [8, 8, 8],
					"color": 0,
					"children": [75, 76, 77, 78, 79, 80]
				}
			]
		},
		{
			"name": "grabber_sidewards1x1",
			"origin": [-11.25, 8, -4],
			"color": 0,
			"children": [
				81,
				{
					"name": "stud",
					"origin": [8, 8, 8],
					"color": 0,
					"children": [82, 83, 84, 85]
				},
				{
					"name": "grabber",
					"origin": [8, 8, 8],
					"color": 0,
					"children": [86, 87, 88, 89, 90, 91, 92]
				}
			]
		},
		{
			"name": "potion_bottle",
			"origin": [8, 8, 8],
			"color": 0,
			"children": [
				{
					"name": "small_round1x1_simple",
					"origin": [8, 8, 8],
					"color": 0,
					"children": [
						{
							"name": "top",
							"origin": [8, 8, 8],
							"color": 0,
							"children": [93, 94, 95, 96]
						},
						{
							"name": "center",
							"origin": [8, 8, 8],
							"color": 0,
							"children": [97, 98, 99, 100]
						},
						{
							"name": "bottom",
							"origin": [8, 8, 8],
							"color": 0,
							"children": [101, 102, 103, 104]
						}
					]
				},
				{
					"name": "bottom",
					"origin": [8, 8, 8],
					"color": 0,
					"children": [105, 106, 107, 108]
				},
				{
					"name": "bottle",
					"origin": [8, 8, 8],
					"color": 0,
					"children": [109, 110, 111, 112, 113, 114, 115, 116]
				}
			]
		},
		{
			"name": "potion_bottle",
			"origin": [8, 8, 8],
			"color": 0,
			"children": [
				{
					"name": "small_round1x1_simple",
					"origin": [8, 8, 8],
					"color": 0,
					"children": [
						{
							"name": "top",
							"origin": [8, 8, 8],
							"color": 0,
							"children": [117, 118, 119, 120]
						},
						{
							"name": "center",
							"origin": [8, 8, 8],
							"color": 0,
							"children": [121, 122, 123, 124]
						},
						{
							"name": "bottom",
							"origin": [8, 8, 8],
							"color": 0,
							"children": [125, 126, 127, 128]
						}
					]
				},
				{
					"name": "bottom",
					"origin": [8, 8, 8],
					"color": 0,
					"children": [129, 130, 131, 132]
				},
				{
					"name": "bottle",
					"origin": [8, 8, 8],
					"color": 0,
					"children": [133, 134, 135, 136, 137, 138, 139, 140]
				}
			]
		},
		{
			"name": "potion_bottle",
			"origin": [8, 8, 8],
			"color": 0,
			"children": [
				{
					"name": "small_round1x1_simple",
					"origin": [8, 8, 8],
					"color": 0,
					"children": [
						{
							"name": "top",
							"origin": [8, 8, 8],
							"color": 0,
							"children": [141, 142, 143, 144]
						},
						{
							"name": "center",
							"origin": [8, 8, 8],
							"color": 0,
							"children": [145, 146, 147, 148]
						},
						{
							"name": "bottom",
							"origin": [8, 8, 8],
							"color": 0,
							"children": [149, 150, 151, 152]
						}
					]
				},
				{
					"name": "bottom",
					"origin": [8, 8, 8],
					"color": 0,
					"children": [153, 154, 155, 156]
				},
				{
					"name": "bottle",
					"origin": [8, 8, 8],
					"color": 0,
					"children": [157, 158, 159, 160, 161, 162, 163, 164]
				}
			]
		}
	]
}